A00	Cholera	1	A00-A09	0
A00.0	Cholera due to Vibrio cholerae 01, biovar cholerae	1	A00-A09	1
A00.1	Cholera due to Vibrio cholerae 01, biovar eltor	1	A00-A09	1
A00.9	Cholera, unspecified	1	A00-A09	1
A01	Typhoid and paratyphoid fevers	1	A00-A09	0
A01.0	Typhoid fever	1	A00-A09	1
A01.1	Paratyphoid fever A	1	A00-A09	1
A01.2	Paratyphoid fever B	1	A00-A09	1
A01.3	Paratyphoid fever C	1	A00-A09	1
A01.4	Paratyphoid fever, unspecified	1	A00-A09	1
A02	Other salmonella infections	1	A00-A09	0
A02.0	Salmonella enteritis	1	A00-A09	1
A02.1	Salmonella sepsis	1	A00-A09	1
A02.2	Localized salmonella infections	1	A00-A09	1
A02.8	Other specified salmonella infections	1	A00-A09	1
A02.9	Salmonella infection, unspecified	1	A00-A09	1
A03	Shigellosis	1	A00-A09	0
A03.0	Shigellosis due to Shigella dysenteriae	1	A00-A09	1
A03.1	Shigellosis due to Shigella flexneri	1	A00-A09	1
A03.2	Shigellosis due to Shigella boydii	1	A00-A09	1
A03.3	Shigellosis due to Shigella sonnei	1	A00-A09	1
A03.8	Other shigellosis	1	A00-A09	1
A03.9	Shigellosis, unspecified	1	A00-A09	1
A04	Other bacterial intestinal infections	1	A00-A09	0
A04.0	Enteropathogenic Escherichia coli infection	1	A00-A09	1
A04.1	Enterotoxigenic Escherichia coli infection	1	A00-A09	1
A04.2	Enteroinvasive Escherichia coli infection	1	A00-A09	1
A04.3	Enterohaemorrhagic Escherichia coli infection	1	A00-A09	1
A04.4	Other intestinal Escherichia coli infections	1	A00-A09	1
A04.5	Campylobacter enteritis	1	A00-A09	1
A04.6	Enteritis due to Yersinia enterocolitica	1	A00-A09	1
A04.7	Enterocolitis due to Clostridium difficile	1	A00-A09	1
A04.8	Other specified bacterial intestinal infections	1	A00-A09	1
A04.9	Bacterial intestinal infection, unspecified	1	A00-A09	1
A05	Other bacterial foodborne intoxications, not elsewhere classified	1	A00-A09	0
A05.0	Foodborne staphylococcal intoxication	1	A00-A09	1
A05.1	Botulism	1	A00-A09	1
A05.2	Foodborne Clostridium perfringens [Clostridium welchii] intoxication	1	A00-A09	1
A05.3	Foodborne Vibrio parahaemolyticus intoxication	1	A00-A09	1
A05.4	Foodborne Bacillus cereus intoxication	1	A00-A09	1
A05.8	Other specified bacterial foodborne intoxications	1	A00-A09	1
A05.9	Bacterial foodborne intoxication, unspecified	1	A00-A09	1
A06	Amoebiasis	1	A00-A09	0
A06.0	Acute amoebic dysentery	1	A00-A09	1
A06.1	Chronic intestinal amoebiasis	1	A00-A09	1
A06.2	Amoebic nondysenteric colitis	1	A00-A09	1
A06.3	Amoeboma of intestine	1	A00-A09	1
A06.4	Amoebic liver abscess	1	A00-A09	1
A06.5	Amoebic lung abscess	1	A00-A09	1
A06.6	Amoebic brain abscess	1	A00-A09	1
A06.7	Cutaneous amoebiasis	1	A00-A09	1
A06.8	Amoebic infection of other sites	1	A00-A09	1
A06.9	Amoebiasis, unspecified	1	A00-A09	1
A07	Other protozoal intestinal diseases	1	A00-A09	0
A07.0	Balantidiasis	1	A00-A09	1
A07.1	Giardiasis [lambliasis]	1	A00-A09	1
A07.2	Cryptosporidiosis	1	A00-A09	1
A07.3	Isosporiasis	1	A00-A09	1
A07.8	Other specified protozoal intestinal diseases	1	A00-A09	1
A07.9	Protozoal intestinal disease, unspecified	1	A00-A09	1
A08	Viral and other specified intestinal infections	1	A00-A09	0
A08.0	Rotaviral enteritis	1	A00-A09	1
A08.1	Acute gastroenteropathy due to Norovirus	1	A00-A09	1
A08.2	Adenoviral enteritis	1	A00-A09	1
A08.3	Other viral enteritis	1	A00-A09	1
A08.4	Viral intestinal infection, unspecified	1	A00-A09	1
A08.5	Other specified intestinal infections	1	A00-A09	1
A09	Other gastroenteritis and colitis of infectious and unspecified origin	1	A00-A09	0
A09.0	Other and unspecified gastroenteritis and colitis of infectious origin	1	A00-A09	1
A09.9	Gastroenteritis and colitis of unspecified origin	1	A00-A09	1
A15	Respiratory tuberculosis, bacteriologically and histologically confirmed	1	A15-A19	0
A15.0	Tuberculosis of lung, confirmed by sputum microscopy with or without culture	1	A15-A19	1
A15.1	Tuberculosis of lung, confirmed by culture only	1	A15-A19	1
A15.2	Tuberculosis of lung, confirmed histologically	1	A15-A19	1
A15.3	Tuberculosis of lung, confirmed by unspecified means	1	A15-A19	1
A15.4	Tuberculosis of intrathoracic lymph nodes, confirmed bacteriologically and histologically	1	A15-A19	1
A15.5	Tuberculosis of larynx, trachea and bronchus, confirmed bacteriologically and histologically	1	A15-A19	1
A15.6	Tuberculous pleurisy, confirmed bacteriologically and histologically	1	A15-A19	1
A15.7	Primary respiratory tuberculosis, confirmed bacteriologically and histologically	1	A15-A19	1
A15.8	Other respiratory tuberculosis, confirmed bacteriologically and histologically	1	A15-A19	1
A15.9	Respiratory tuberculosis unspecified, confirmed bacteriologically and histologically	1	A15-A19	1
A16	Respiratory tuberculosis, not confirmed bacteriologically or histologically	1	A15-A19	0
A16.0	Tuberculosis of lung, bacteriologically and histologically negative	1	A15-A19	1
A16.1	Tuberculosis of lung, bacteriological and histological examination not done	1	A15-A19	1
A16.2	Tuberculosis of lung, without mention of bacteriological or histological confirmation	1	A15-A19	1
A16.3	Tuberculosis of intrathoracic lymph nodes, without mention of bacteriological or histological confirmation	1	A15-A19	1
A16.4	Tuberculosis of larynx, trachea and bronchus, without mention of bacteriological or histological confirmation	1	A15-A19	1
A16.5	Tuberculous pleurisy, without mention of bacteriological or histological confirmation	1	A15-A19	1
A16.7	Primary respiratory tuberculosis without mention of bacteriological or histological confirmation	1	A15-A19	1
A16.8	Other respiratory tuberculosis, without mention of bacteriological or histological confirmation	1	A15-A19	1
A16.9	Respiratory tuberculosis unspecified, without mention of bacteriological or histological confirmation	1	A15-A19	1
A17	Tuberculosis of nervous system	1	A15-A19	0
A17.0	Tuberculous meningitis	1	A15-A19	1
A17.1	Meningeal tuberculoma	1	A15-A19	1
A17.8	Other tuberculosis of nervous system	1	A15-A19	1
A17.9	Tuberculosis of nervous system, unspecified	1	A15-A19	1
A18	Tuberculosis of other organs	1	A15-A19	0
A18.0	Tuberculosis of bones and joints	1	A15-A19	1
A18.1	Tuberculosis of genitourinary system	1	A15-A19	1
A18.2	Tuberculous peripheral lymphadenopathy	1	A15-A19	1
A18.3	Tuberculosis of intestines, peritoneum and mesenteric glands	1	A15-A19	1
A18.4	Tuberculosis of skin and subcutaneous tissue	1	A15-A19	1
A18.5	Tuberculosis of eye	1	A15-A19	1
A18.6	Tuberculosis of ear	1	A15-A19	1
A18.7	Tuberculosis of adrenal glands	1	A15-A19	1
A18.8	Tuberculosis of other specified organs	1	A15-A19	1
A19	Miliary tuberculosis	1	A15-A19	0
A19.0	Acute miliary tuberculosis of a single specified site	1	A15-A19	1
A19.1	Acute miliary tuberculosis of multiple sites	1	A15-A19	1
A19.2	Acute miliary tuberculosis, unspecified	1	A15-A19	1
A19.8	Other miliary tuberculosis	1	A15-A19	1
A19.9	Miliary tuberculosis, unspecified	1	A15-A19	1
A20	Plague	1	A20-A28	0
A20.0	Bubonic plague	1	A20-A28	1
A20.1	Cellulocutaneous plague	1	A20-A28	1
A20.2	Pneumonic plague	1	A20-A28	1
A20.3	Plague meningitis	1	A20-A28	1
A20.7	Septicaemic plague	1	A20-A28	1
A20.8	Other forms of plague	1	A20-A28	1
A20.9	Plague, unspecified	1	A20-A28	1
A21	Tularaemia	1	A20-A28	0
A21.0	Ulceroglandular tularaemia	1	A20-A28	1
A21.1	Oculoglandular tularaemia	1	A20-A28	1
A21.2	Pulmonary tularaemia	1	A20-A28	1
A21.3	Gastrointestinal tularaemia	1	A20-A28	1
A21.7	Generalized tularaemia	1	A20-A28	1
A21.8	Other forms of tularaemia	1	A20-A28	1
A21.9	Tularaemia, unspecified	1	A20-A28	1
A22	Anthrax	1	A20-A28	0
A22.0	Cutaneous anthrax	1	A20-A28	1
A22.1	Pulmonary anthrax	1	A20-A28	1
A22.2	Gastrointestinal anthrax	1	A20-A28	1
A22.7	Anthrax sepsis	1	A20-A28	1
A22.8	Other forms of anthrax	1	A20-A28	1
A22.9	Anthrax, unspecified	1	A20-A28	1
A23	Brucellosis	1	A20-A28	0
A23.0	Brucellosis due to Brucella melitensis	1	A20-A28	1
A23.1	Brucellosis due to Brucella abortus	1	A20-A28	1
A23.2	Brucellosis due to Brucella suis	1	A20-A28	1
A23.3	Brucellosis due to Brucella canis	1	A20-A28	1
A23.8	Other brucellosis	1	A20-A28	1
A23.9	Brucellosis, unspecified	1	A20-A28	1
A24	Glanders and melioidosis	1	A20-A28	0
A24.0	Glanders	1	A20-A28	1
A24.1	Acute and fulminating melioidosis	1	A20-A28	1
A24.2	Subacute and chronic melioidosis	1	A20-A28	1
A24.3	Other melioidosis	1	A20-A28	1
A24.4	Melioidosis, unspecified	1	A20-A28	1
A25	Rat-bite fevers	1	A20-A28	0
A25.0	Spirillosis	1	A20-A28	1
A25.1	Streptobacillosis	1	A20-A28	1
A25.9	Rat-bite fever, unspecified	1	A20-A28	1
A26	Erysipeloid	1	A20-A28	0
A26.0	Cutaneous erysipeloid	1	A20-A28	1
A26.7	Erysipelothrix sepsis	1	A20-A28	1
A26.8	Other forms of erysipeloid	1	A20-A28	1
A26.9	Erysipeloid, unspecified	1	A20-A28	1
A27	Leptospirosis	1	A20-A28	0
A27.0	Leptospirosis icterohaemorrhagica	1	A20-A28	1
A27.8	Other forms of leptospirosis	1	A20-A28	1
A27.9	Leptospirosis, unspecified	1	A20-A28	1
A28	Other zoonotic bacterial diseases, not elsewhere classified	1	A20-A28	0
A28.0	Pasteurellosis	1	A20-A28	1
A28.1	Cat-scratch disease	1	A20-A28	1
A28.2	Extraintestinal yersiniosis	1	A20-A28	1
A28.8	Other specified zoonotic bacterial diseases, not elsewhere classified	1	A20-A28	1
A28.9	Zoonotic bacterial disease, unspecified	1	A20-A28	1
A30	Leprosy [Hansen disease]	1	A30-A49	0
A30.0	Indeterminate leprosy	1	A30-A49	1
A30.1	Tuberculoid leprosy	1	A30-A49	1
A30.2	Borderline tuberculoid leprosy	1	A30-A49	1
A30.3	Borderline leprosy	1	A30-A49	1
A30.4	Borderline lepromatous leprosy	1	A30-A49	1
A30.5	Lepromatous leprosy	1	A30-A49	1
A30.8	Other forms of leprosy	1	A30-A49	1
A30.9	Leprosy, unspecified	1	A30-A49	1
A31	Infection due to other mycobacteria	1	A30-A49	0
A31.0	Pulmonary mycobacterial infection	1	A30-A49	1
A31.1	Cutaneous mycobacterial infection	1	A30-A49	1
A31.8	Other mycobacterial infections	1	A30-A49	1
A31.9	Mycobacterial infection, unspecified	1	A30-A49	1
A32	Listeriosis	1	A30-A49	0
A32.0	Cutaneous listeriosis	1	A30-A49	1
A32.1	Listerial meningitis and meningoencephalitis	1	A30-A49	1
A32.7	Listerial sepsis	1	A30-A49	1
A32.8	Other forms of listeriosis	1	A30-A49	1
A32.9	Listeriosis, unspecified	1	A30-A49	1
A33	Tetanus neonatorum	1	A30-A49	1
A34	Obstetrical tetanus	1	A30-A49	1
A35	Other tetanus	1	A30-A49	1
A36	Diphtheria	1	A30-A49	0
A36.0	Pharyngeal diphtheria	1	A30-A49	1
A36.1	Nasopharyngeal diphtheria	1	A30-A49	1
A36.2	Laryngeal diphtheria	1	A30-A49	1
A36.3	Cutaneous diphtheria	1	A30-A49	1
A36.8	Other diphtheria	1	A30-A49	1
A36.9	Diphtheria, unspecified	1	A30-A49	1
A37	Whooping cough	1	A30-A49	0
A37.0	Whooping cough due to Bordetella pertussis	1	A30-A49	1
A37.1	Whooping cough due to Bordetella parapertussis	1	A30-A49	1
A37.8	Whooping cough due to other Bordetella species	1	A30-A49	1
A37.9	Whooping cough, unspecified	1	A30-A49	1
A38	Scarlet fever	1	A30-A49	1
A39	Meningococcal infection	1	A30-A49	0
A39.0	Meningococcal meningitis	1	A30-A49	1
A39.1	Waterhouse-Friderichsen syndrome	1	A30-A49	1
A39.2	Acute meningococcaemia	1	A30-A49	1
A39.3	Chronic meningococcaemia	1	A30-A49	1
A39.4	Meningococcaemia, unspecified	1	A30-A49	1
A39.5	Meningococcal heart disease	1	A30-A49	1
A39.8	Other meningococcal infections	1	A30-A49	1
A39.9	Meningococcal infection, unspecified	1	A30-A49	1
A40	Streptococcal sepsis	1	A30-A49	0
A40.0	Sepsis due to streptococcus, group A	1	A30-A49	1
A40.1	Sepsis due to streptococcus, group B	1	A30-A49	1
A40.2	Sepsis due to streptococcus, group D and enterococcus	1	A30-A49	1
A40.3	Sepsis due to Streptococcus pneumoniae	1	A30-A49	1
A40.8	Other streptococcal sepsis	1	A30-A49	1
A40.9	Streptococcal sepsis, unspecified	1	A30-A49	1
A41	Other sepsis	1	A30-A49	0
A41.0	Sepsis due to Staphylococcus aureus	1	A30-A49	1
A41.1	Sepsis due to other specified staphylococcus	1	A30-A49	1
A41.2	Sepsis due to unspecified staphylococcus	1	A30-A49	1
A41.3	Sepsis due to Haemophilus influenzae	1	A30-A49	1
A41.4	Sepsis due to anaerobes	1	A30-A49	1
A41.5	Sepsis due to other Gram-negative organisms	1	A30-A49	1
A41.8	Other specified sepsis	1	A30-A49	1
A41.9	Sepsis, unspecified	1	A30-A49	1
A42	Actinomycosis	1	A30-A49	0
A42.0	Pulmonary actinomycosis	1	A30-A49	1
A42.1	Abdominal actinomycosis	1	A30-A49	1
A42.2	Cervicofacial actinomycosis	1	A30-A49	1
A42.7	Actinomycotic sepsis	1	A30-A49	1
A42.8	Other forms of actinomycosis	1	A30-A49	1
A42.9	Actinomycosis, unspecified	1	A30-A49	1
A43	Nocardiosis	1	A30-A49	0
A43.0	Pulmonary nocardiosis	1	A30-A49	1
A43.1	Cutaneous nocardiosis	1	A30-A49	1
A43.8	Other forms of nocardiosis	1	A30-A49	1
A43.9	Nocardiosis, unspecified	1	A30-A49	1
A44	Bartonellosis	1	A30-A49	0
A44.0	Systemic bartonellosis	1	A30-A49	1
A44.1	Cutaneous and mucocutaneous bartonellosis	1	A30-A49	1
A44.8	Other forms of bartonellosis	1	A30-A49	1
A44.9	Bartonellosis, unspecified	1	A30-A49	1
A46	Erysipelas	1	A30-A49	1
A48	Other bacterial diseases, not elsewhere classified	1	A30-A49	0
A48.0	Gas gangrene	1	A30-A49	1
A48.1	Legionnaires disease	1	A30-A49	1
A48.2	Nonpneumonic Legionnaires disease [Pontiac fever]	1	A30-A49	1
A48.3	Toxic shock syndrome	1	A30-A49	1
A48.4	Brazilian purpuric fever	1	A30-A49	1
A48.8	Other specified bacterial diseases	1	A30-A49	1
A49	Bacterial infection of unspecified site	1	A30-A49	0
A49.0	Staphylococcal infection, unspecified site	1	A30-A49	1
A49.1	Streptococcal and enterococcal infection, unspecified site	1	A30-A49	1
A49.2	Haemophilus influenzae infection, unspecified site	1	A30-A49	1
A49.3	Mycoplasma infection, unspecified site	1	A30-A49	1
A49.8	Other bacterial infections of unspecified site	1	A30-A49	1
A49.9	Bacterial infection, unspecified	1	A30-A49	1
A50	Congenital syphilis	1	A50-A64	0
A50.0	Early congenital syphilis, symptomatic	1	A50-A64	1
A50.1	Early congenital syphilis, latent	1	A50-A64	1
A50.2	Early congenital syphilis, unspecified	1	A50-A64	1
A50.3	Late congenital syphilitic oculopathy	1	A50-A64	1
A50.4	Late congenital neurosyphilis [juvenile neurosyphilis]	1	A50-A64	1
A50.5	Other late congenital syphilis, symptomatic	1	A50-A64	1
A50.6	Late congenital syphilis, latent	1	A50-A64	1
A50.7	Late congenital syphilis, unspecified	1	A50-A64	1
A50.9	Congenital syphilis, unspecified	1	A50-A64	1
A51	Early syphilis	1	A50-A64	0
A51.0	Primary genital syphilis	1	A50-A64	1
A51.1	Primary anal syphilis	1	A50-A64	1
A51.2	Primary syphilis of other sites	1	A50-A64	1
A51.3	Secondary syphilis of skin and mucous membranes	1	A50-A64	1
A51.4	Other secondary syphilis	1	A50-A64	1
A51.5	Early syphilis, latent	1	A50-A64	1
A51.9	Early syphilis, unspecified	1	A50-A64	1
A52	Late syphilis	1	A50-A64	0
A52.0	Cardiovascular syphilis	1	A50-A64	1
A52.1	Symptomatic neurosyphilis	1	A50-A64	1
A52.2	Asymptomatic neurosyphilis	1	A50-A64	1
A52.3	Neurosyphilis, unspecified	1	A50-A64	1
A52.7	Other symptomatic late syphilis	1	A50-A64	1
A52.8	Late syphilis, latent	1	A50-A64	1
A52.9	Late syphilis, unspecified	1	A50-A64	1
A53	Other and unspecified syphilis	1	A50-A64	0
A53.0	Latent syphilis, unspecified as early or late	1	A50-A64	1
A53.9	Syphilis, unspecified	1	A50-A64	1
A54	Gonococcal infection	1	A50-A64	0
A54.0	Gonococcal infection of lower genitourinary tract without periurethral or accessory gland abscess	1	A50-A64	1
A54.1	Gonococcal infection of lower genitourinary tract with periurethral and accessory gland abscess	1	A50-A64	1
A54.2	Gonococcal pelviperitonitis and other gonococcal genitourinary infections	1	A50-A64	1
A54.3	Gonococcal infection of eye	1	A50-A64	1
A54.4	Gonococcal infection of musculoskeletal system	1	A50-A64	1
A54.5	Gonococcal pharyngitis	1	A50-A64	1
A54.6	Gonococcal infection of anus and rectum	1	A50-A64	1
A54.8	Other gonococcal infections	1	A50-A64	1
A54.9	Gonococcal infection, unspecified	1	A50-A64	1
A55	Chlamydial lymphogranuloma (venereum)	1	A50-A64	1
A56	Other sexually transmitted chlamydial diseases	1	A50-A64	0
A56.0	Chlamydial infection of lower genitourinary tract	1	A50-A64	1
A56.1	Chlamydial infection of pelviperitoneum and other genitourinary organs	1	A50-A64	1
A56.2	Chlamydial infection of genitourinary tract, unspecified	1	A50-A64	1
A56.3	Chlamydial infection of anus and rectum	1	A50-A64	1
A56.4	Chlamydial infection of pharynx	1	A50-A64	1
A56.8	Sexually transmitted chlamydial infection of other sites	1	A50-A64	1
A57	Chancroid	1	A50-A64	1
A58	Granuloma inguinale	1	A50-A64	1
A59	Trichomoniasis	1	A50-A64	0
A59.0	Urogenital trichomoniasis	1	A50-A64	1
A59.8	Trichomoniasis of other sites	1	A50-A64	1
A59.9	Trichomoniasis, unspecified	1	A50-A64	1
A60	Anogenital herpesviral [herpes simplex] infection	1	A50-A64	0
A60.0	Herpesviral infection of genitalia and urogenital tract	1	A50-A64	1
A60.1	Herpesviral infection of perianal skin and rectum	1	A50-A64	1
A60.9	Anogenital herpesviral infection, unspecified	1	A50-A64	1
A63	Other predominantly sexually transmitted diseases, not elsewhere classified	1	A50-A64	0
A63.0	Anogenital (venereal) warts	1	A50-A64	1
A63.8	Other specified predominantly sexually transmitted diseases	1	A50-A64	1
A64	Unspecified sexually transmitted disease	1	A50-A64	1
A65	Nonvenereal syphilis	1	A65-A69	1
A66	Yaws	1	A65-A69	0
A66.0	Initial lesions of yaws	1	A65-A69	1
A66.1	Multiple papillomata and wet crab yaws	1	A65-A69	1
A66.2	Other early skin lesions of yaws	1	A65-A69	1
A66.3	Hyperkeratosis of yaws	1	A65-A69	1
A66.4	Gummata and ulcers of yaws	1	A65-A69	1
A66.5	Gangosa	1	A65-A69	1
A66.6	Bone and joint lesions of yaws	1	A65-A69	1
A66.7	Other manifestations of yaws	1	A65-A69	1
A66.8	Latent yaws	1	A65-A69	1
A66.9	Yaws, unspecified	1	A65-A69	1
A67	Pinta [carate]	1	A65-A69	0
A67.0	Primary lesions of pinta	1	A65-A69	1
A67.1	Intermediate lesions of pinta	1	A65-A69	1
A67.2	Late lesions of pinta	1	A65-A69	1
A67.3	Mixed lesions of pinta	1	A65-A69	1
A67.9	Pinta, unspecified	1	A65-A69	1
A68	Relapsing fevers	1	A65-A69	0
A68.0	Louse-borne relapsing fever	1	A65-A69	1
A68.1	Tick-borne relapsing fever	1	A65-A69	1
A68.9	Relapsing fever, unspecified	1	A65-A69	1
A69	Other spirochaetal infections	1	A65-A69	0
A69.0	Necrotizing ulcerative stomatitis	1	A65-A69	1
A69.1	Other Vincent infections	1	A65-A69	1
A69.2	Lyme disease	1	A65-A69	1
A69.8	Other specified spirochaetal infections	1	A65-A69	1
A69.9	Spirochaetal infection, unspecified	1	A65-A69	1
A70	Chlamydia psittaci infection	1	A70-A74	1
A71	Trachoma	1	A70-A74	0
A71.0	Initial stage of trachoma	1	A70-A74	1
A71.1	Active stage of trachoma	1	A70-A74	1
A71.9	Trachoma, unspecified	1	A70-A74	1
A74	Other diseases caused by chlamydiae	1	A70-A74	0
A74.0	Chlamydial conjunctivitis	1	A70-A74	1
A74.8	Other chlamydial diseases	1	A70-A74	1
A74.9	Chlamydial infection, unspecified	1	A70-A74	1
A75	Typhus fever	1	A75-A79	0
A75.0	Epidemic louse-borne typhus fever due to Rickettsia prowazekii	1	A75-A79	1
A75.1	Recrudescent typhus [Brill disease]	1	A75-A79	1
A75.2	Typhus fever due to Rickettsia typhi	1	A75-A79	1
A75.3	Typhus fever due to Rickettsia tsutsugamushi	1	A75-A79	1
A75.9	Typhus fever, unspecified	1	A75-A79	1
A77	Spotted fever [tick-borne rickettsioses]	1	A75-A79	0
A77.0	Spotted fever due to Rickettsia rickettsii	1	A75-A79	1
A77.1	Spotted fever due to Rickettsia conorii	1	A75-A79	1
A77.2	Spotted fever due to Rickettsia sibirica	1	A75-A79	1
A77.3	Spotted fever due to Rickettsia australis	1	A75-A79	1
A77.8	Other spotted fevers	1	A75-A79	1
A77.9	Spotted fever, unspecified	1	A75-A79	1
A78	Q fever	1	A75-A79	1
A79	Other rickettsioses	1	A75-A79	0
A79.0	Trench fever	1	A75-A79	1
A79.1	Rickettsialpox due to Rickettsia akari	1	A75-A79	1
A79.8	Other specified rickettsioses	1	A75-A79	1
A79.9	Rickettsiosis, unspecified	1	A75-A79	1
A80	Acute poliomyelitis	1	A80-A89	0
A80.0	Acute paralytic poliomyelitis, vaccine-associated	1	A80-A89	1
A80.1	Acute paralytic poliomyelitis, wild virus, imported	1	A80-A89	1
A80.2	Acute paralytic poliomyelitis, wild virus, indigenous	1	A80-A89	1
A80.3	Acute paralytic poliomyelitis, other and unspecified	1	A80-A89	1
A80.4	Acute nonparalytic poliomyelitis	1	A80-A89	1
A80.9	Acute poliomyelitis, unspecified	1	A80-A89	1
A81	Atypical virus infections of central nervous system	1	A80-A89	0
A81.0	Creutzfeldt-Jakob disease	1	A80-A89	1
A81.1	Subacute sclerosing panencephalitis	1	A80-A89	1
A81.2	Progressive multifocal leukoencephalopathy	1	A80-A89	1
A81.8	Other atypical virus infections of central nervous system	1	A80-A89	1
A81.9	Atypical virus infection of central nervous system, unspecified	1	A80-A89	1
A82	Rabies	1	A80-A89	0
A82.0	Sylvatic rabies	1	A80-A89	1
A82.1	Urban rabies	1	A80-A89	1
A82.9	Rabies, unspecified	1	A80-A89	1
A83	Mosquito-borne viral encephalitis	1	A80-A89	0
A83.0	Japanese encephalitis	1	A80-A89	1
A83.1	Western equine encephalitis	1	A80-A89	1
A83.2	Eastern equine encephalitis	1	A80-A89	1
A83.3	St Louis encephalitis	1	A80-A89	1
A83.4	Australian encephalitis	1	A80-A89	1
A83.5	California encephalitis	1	A80-A89	1
A83.6	Rocio virus disease	1	A80-A89	1
A83.8	Other mosquito-borne viral encephalitis	1	A80-A89	1
A83.9	Mosquito-borne viral encephalitis, unspecified	1	A80-A89	1
A84	Tick-borne viral encephalitis	1	A80-A89	0
A84.0	Far Eastern tick-borne encephalitis [Russian spring-summer encephalitis]	1	A80-A89	1
A84.1	Central European tick-borne encephalitis	1	A80-A89	1
A84.8	Other tick-borne viral encephalitis	1	A80-A89	1
A84.9	Tick-borne viral encephalitis, unspecified	1	A80-A89	1
A85	Other viral encephalitis, not elsewhere classified	1	A80-A89	0
A85.0	Enteroviral encephalitis	1	A80-A89	1
A85.1	Adenoviral encephalitis	1	A80-A89	1
A85.2	Arthropod-borne viral encephalitis, unspecified	1	A80-A89	1
A85.8	Other specified viral encephalitis	1	A80-A89	1
A86	Unspecified viral encephalitis	1	A80-A89	1
A87	Viral meningitis	1	A80-A89	0
A87.0	Enteroviral meningitis	1	A80-A89	1
A87.1	Adenoviral meningitis	1	A80-A89	1
A87.2	Lymphocytic choriomeningitis	1	A80-A89	1
A87.8	Other viral meningitis	1	A80-A89	1
A87.9	Viral meningitis, unspecified	1	A80-A89	1
A88	Other viral infections of central nervous system, not elsewhere classified	1	A80-A89	0
A88.0	Enteroviral exanthematous fever [Boston exanthem]	1	A80-A89	1
A88.1	Epidemic vertigo	1	A80-A89	1
A88.8	Other specified viral infections of central nervous system	1	A80-A89	1
A89	Unspecified viral infection of central nervous system	1	A80-A89	1
A92	Other mosquito-borne viral fevers	1	A92-A99	0
A92.0	Chikungunya virus disease	1	A92-A99	1
A92.1	O'nyong-nyong fever	1	A92-A99	1
A92.2	Venezuelan equine fever	1	A92-A99	1
A92.3	West Nile virus infection	1	A92-A99	1
A92.4	Rift Valley fever	1	A92-A99	1
A92.5	Zika virus disease	1	A92-A99	1
A92.8	Other specified mosquito-borne viral fevers	1	A92-A99	1
A92.9	Mosquito-borne viral fever, unspecified	1	A92-A99	1
A93	Other arthropod-borne viral fevers, not elsewhere classified	1	A92-A99	0
A93.0	Oropouche virus disease	1	A92-A99	1
A93.1	Sandfly fever	1	A92-A99	1
A93.2	Colorado tick fever	1	A92-A99	1
A93.8	Other specified arthropod-borne viral fevers	1	A92-A99	1
A94	Unspecified arthropod-borne viral fever	1	A92-A99	1
A95	Yellow fever	1	A92-A99	0
A95.0	Sylvatic yellow fever	1	A92-A99	1
A95.1	Urban yellow fever	1	A92-A99	1
A95.9	Yellow fever, unspecified	1	A92-A99	1
A96	Arenaviral haemorrhagic fever	1	A92-A99	0
A96.0	Junin haemorrhagic fever	1	A92-A99	1
A96.1	Machupo haemorrhagic fever	1	A92-A99	1
A96.2	Lassa fever	1	A92-A99	1
A96.8	Other arenaviral haemorrhagic fevers	1	A92-A99	1
A96.9	Arenaviral haemorrhagic fever, unspecified	1	A92-A99	1
A97	Dengue	1	A92-A99	0
A97.0	Dengue without warning signs	1	A92-A99	1
A97.1	Dengue with warning signs	1	A92-A99	1
A97.2	Severe Dengue	1	A92-A99	1
A97.9	Dengue, unspecified	1	A92-A99	1
A98	Other viral haemorrhagic fevers, not elsewhere classified	1	A92-A99	0
A98.0	Crimean-Congo haemorrhagic fever	1	A92-A99	1
A98.1	Omsk haemorrhagic fever	1	A92-A99	1
A98.2	Kyasanur Forest disease	1	A92-A99	1
A98.3	Marburg virus disease	1	A92-A99	1
A98.4	Ebola virus disease	1	A92-A99	1
A98.5	Haemorrhagic fever with renal syndrome	1	A92-A99	1
A98.8	Other specified viral haemorrhagic fevers	1	A92-A99	1
A99	Unspecified viral haemorrhagic fever	1	A92-A99	1
B00	Herpesviral [herpes simplex] infections	1	B00-B09	0
B00.0	Eczema herpeticum	1	B00-B09	1
B00.1	Herpesviral vesicular dermatitis	1	B00-B09	1
B00.2	Herpesviral gingivostomatitis and pharyngotonsillitis	1	B00-B09	1
B00.3	Herpesviral meningitis	1	B00-B09	1
B00.4	Herpesviral encephalitis	1	B00-B09	1
B00.5	Herpesviral ocular disease	1	B00-B09	1
B00.7	Disseminated herpesviral disease	1	B00-B09	1
B00.8	Other forms of herpesviral infection	1	B00-B09	1
B00.9	Herpesviral infection, unspecified	1	B00-B09	1
B01	Varicella [chickenpox]	1	B00-B09	0
B01.0	Varicella meningitis	1	B00-B09	1
B01.1	Varicella encephalitis	1	B00-B09	1
B01.2	Varicella pneumonia	1	B00-B09	1
B01.8	Varicella with other complications	1	B00-B09	1
B01.9	Varicella without complication	1	B00-B09	1
B02	Zoster [herpes zoster]	1	B00-B09	0
B02.0	Zoster encephalitis	1	B00-B09	1
B02.1	Zoster meningitis	1	B00-B09	1
B02.2	Zoster with other nervous system involvement	1	B00-B09	1
B02.3	Zoster ocular disease	1	B00-B09	1
B02.7	Disseminated zoster	1	B00-B09	1
B02.8	Zoster with other complications	1	B00-B09	1
B02.9	Zoster without complication	1	B00-B09	1
B03	Smallpox	1	B00-B09	1
B04	Monkeypox	1	B00-B09	1
B05	Measles	1	B00-B09	0
B05.0	Measles complicated by encephalitis	1	B00-B09	1
B05.1	Measles complicated by meningitis	1	B00-B09	1
B05.2	Measles complicated by pneumonia	1	B00-B09	1
B05.3	Measles complicated by otitis media	1	B00-B09	1
B05.4	Measles with intestinal complications	1	B00-B09	1
B05.8	Measles with other complications	1	B00-B09	1
B05.9	Measles without complication	1	B00-B09	1
B06	Rubella [German measles]	1	B00-B09	0
B06.0	Rubella with neurological complications	1	B00-B09	1
B06.8	Rubella with other complications	1	B00-B09	1
B06.9	Rubella without complication	1	B00-B09	1
B07	Viral warts	1	B00-B09	1
B08	Other viral infections characterized by skin and mucous membrane lesions, not elsewhere classified	1	B00-B09	0
B08.0	Other orthopoxvirus infections	1	B00-B09	1
B08.1	Molluscum contagiosum	1	B00-B09	1
B08.2	Exanthema subitum [sixth disease]	1	B00-B09	1
B08.3	Erythema infectiosum [fifth disease]	1	B00-B09	1
B08.4	Enteroviral vesicular stomatitis with exanthem	1	B00-B09	1
B08.5	Enteroviral vesicular pharyngitis	1	B00-B09	1
B08.8	Other specified viral infections characterized by skin and mucous membrane lesions	1	B00-B09	1
B09	Unspecified viral infection characterized by skin and mucous membrane lesions	1	B00-B09	1
B15	Acute hepatitis A	1	B15-B19	0
B15.0	Hepatitis A with hepatic coma	1	B15-B19	1
B15.9	Hepatitis A without hepatic coma	1	B15-B19	1
B16	Acute hepatitis B	1	B15-B19	0
B16.0	Acute hepatitis B with delta-agent (coinfection) with hepatic coma	1	B15-B19	1
B16.1	Acute hepatitis B with delta-agent (coinfection) without hepatic coma	1	B15-B19	1
B16.2	Acute hepatitis B without delta-agent with hepatic coma	1	B15-B19	1
B16.9	Acute hepatitis B without delta-agent and without hepatic coma	1	B15-B19	1
B17	Other acute viral hepatitis	1	B15-B19	0
B17.0	Acute delta-(super)infection in chronic hepatitis B	1	B15-B19	1
B17.1	Acute hepatitis C	1	B15-B19	1
B17.2	Acute hepatitis E	1	B15-B19	1
B17.8	Other specified acute viral hepatitis	1	B15-B19	1
B17.9	Acute viral hepatitis, unspecified	1	B15-B19	1
B18	Chronic viral hepatitis	1	B15-B19	0
B18.0	Chronic viral hepatitis B with delta-agent	1	B15-B19	0
B18.00	Chronic viral hepatitis B with delta-agent: immune-tolerant phase	1	B15-B19	1
B18.09	Chronic viral hepatitis B with delta-agent: other and unspecified phase	1	B15-B19	1
B18.1	Chronic viral hepatitis B without delta-agent	1	B15-B19	0
B18.10	Chronic viral hepatitis B without delta-agent: immune-tolerant phase	1	B15-B19	1
B18.19	Chronic viral hepatitis B without delta-agent: other and unspecified phase	1	B15-B19	1
B18.2	Chronic viral hepatitis C	1	B15-B19	1
B18.8	Other chronic viral hepatitis	1	B15-B19	1
B18.9	Chronic viral hepatitis, unspecified	1	B15-B19	1
B19	Unspecified viral hepatitis	1	B15-B19	0
B19.0	Unspecified viral hepatitis with hepatic coma	1	B15-B19	1
B19.9	Unspecified viral hepatitis without hepatic coma	1	B15-B19	1
B20	Human immunodeficiency virus [HIV] disease resulting in infectious and parasitic diseases	1	B20-B24	0
B20.0	HIV disease resulting in mycobacterial infection	1	B20-B24	1
B20.1	HIV disease resulting in other bacterial infections	1	B20-B24	1
B20.2	HIV disease resulting in cytomegaloviral disease	1	B20-B24	1
B20.3	HIV disease resulting in other viral infections	1	B20-B24	1
B20.4	HIV disease resulting in candidiasis	1	B20-B24	1
B20.5	HIV disease resulting in other mycoses	1	B20-B24	1
B20.6	HIV disease resulting in Pneumocystis jirovecii pneumonia	1	B20-B24	1
B20.7	HIV disease resulting in multiple infections	1	B20-B24	1
B20.8	HIV disease resulting in other infectious and parasitic diseases	1	B20-B24	1
B20.9	HIV disease resulting in unspecified infectious or parasitic disease	1	B20-B24	1
B21	Human immunodeficiency virus [HIV] disease resulting in malignant neoplasms	1	B20-B24	0
B21.0	HIV disease resulting in Kaposi sarcoma	1	B20-B24	1
B21.1	HIV disease resulting in Burkitt lymphoma	1	B20-B24	1
B21.2	HIV disease resulting in other types of non-Hodgkin lymphoma	1	B20-B24	1
B21.3	HIV disease resulting in other malignant neoplasms of lymphoid, haematopoietic and related tissue	1	B20-B24	1
B21.7	HIV disease resulting in multiple malignant neoplasms	1	B20-B24	1
B21.8	HIV disease resulting in other malignant neoplasms	1	B20-B24	1
B21.9	HIV disease resulting in unspecified malignant neoplasm	1	B20-B24	1
B22	Human immunodeficiency virus [HIV] disease resulting in other specified diseases	1	B20-B24	0
B22.0	HIV disease resulting in encephalopathy	1	B20-B24	1
B22.1	HIV disease resulting in lymphoid interstitial pneumonitis	1	B20-B24	1
B22.2	HIV disease resulting in wasting syndrome	1	B20-B24	1
B22.7	HIV disease resulting in multiple diseases classified elsewhere	1	B20-B24	1
B23	Human immunodeficiency virus [HIV] disease resulting in other conditions	1	B20-B24	0
B23.0	Acute HIV infection syndrome	1	B20-B24	1
B23.1	HIV disease resulting in (persistent) generalized lymphadenopathy	1	B20-B24	1
B23.2	HIV disease resulting in haematological and immunological abnormalities, not elsewhere classified	1	B20-B24	1
B23.8	HIV disease resulting in other specified conditions	1	B20-B24	1
B24	Unspecified human immunodeficiency virus [HIV] disease	1	B20-B24	1
B25	Cytomegaloviral disease	1	B25-B34	0
B25.0	Cytomegaloviral pneumonitis	1	B25-B34	1
B25.1	Cytomegaloviral hepatitis	1	B25-B34	1
B25.2	Cytomegaloviral pancreatitis	1	B25-B34	1
B25.8	Other cytomegaloviral diseases	1	B25-B34	1
B25.9	Cytomegaloviral disease, unspecified	1	B25-B34	1
B26	Mumps	1	B25-B34	0
B26.0	Mumps orchitis	1	B25-B34	1
B26.1	Mumps meningitis	1	B25-B34	1
B26.2	Mumps encephalitis	1	B25-B34	1
B26.3	Mumps pancreatitis	1	B25-B34	1
B26.8	Mumps with other complications	1	B25-B34	1
B26.9	Mumps without complication	1	B25-B34	1
B27	Infectious mononucleosis	1	B25-B34	0
B27.0	Gammaherpesviral mononucleosis	1	B25-B34	1
B27.1	Cytomegaloviral mononucleosis	1	B25-B34	1
B27.8	Other infectious mononucleosis	1	B25-B34	1
B27.9	Infectious mononucleosis, unspecified	1	B25-B34	1
B30	Viral conjunctivitis	1	B25-B34	0
B30.0	Keratoconjunctivitis due to adenovirus	1	B25-B34	1
B30.1	Conjunctivitis due to adenovirus	1	B25-B34	1
B30.2	Viral pharyngoconjunctivitis	1	B25-B34	1
B30.3	Acute epidemic haemorrhagic conjunctivitis (enteroviral)	1	B25-B34	1
B30.8	Other viral conjunctivitis	1	B25-B34	1
B30.9	Viral conjunctivitis, unspecified	1	B25-B34	1
B33	Other viral diseases, not elsewhere classified	1	B25-B34	0
B33.0	Epidemic myalgia	1	B25-B34	1
B33.1	Ross River disease	1	B25-B34	1
B33.2	Viral carditis	1	B25-B34	1
B33.3	Retrovirus infections, not elsewhere classified	1	B25-B34	1
B33.4	Hantavirus (cardio-)pulmonary syndrome [HPS] [HCPS]	1	B25-B34	1
B33.8	Other specified viral diseases	1	B25-B34	1
B34	Viral infection of unspecified site	1	B25-B34	0
B34.0	Adenovirus infection, unspecified site	1	B25-B34	1
B34.1	Enterovirus infection, unspecified site	1	B25-B34	1
B34.2	Coronavirus infection, unspecified site	1	B25-B34	1
B34.3	Parvovirus infection, unspecified site	1	B25-B34	1
B34.4	Papovavirus infection, unspecified site	1	B25-B34	1
B34.8	Other viral infections of unspecified site	1	B25-B34	1
B34.9	Viral infection, unspecified	1	B25-B34	1
B35	Dermatophytosis	1	B35-B49	0
B35.0	Tinea barbae and tinea capitis	1	B35-B49	1
B35.1	Tinea unguium	1	B35-B49	1
B35.2	Tinea manuum	1	B35-B49	1
B35.3	Tinea pedis	1	B35-B49	1
B35.4	Tinea corporis	1	B35-B49	1
B35.5	Tinea imbricata	1	B35-B49	1
B35.6	Tinea inguinalis [Tinea cruris]	1	B35-B49	1
B35.8	Other dermatophytoses	1	B35-B49	1
B35.9	Dermatophytosis, unspecified	1	B35-B49	1
B36	Other superficial mycoses	1	B35-B49	0
B36.0	Pityriasis versicolor	1	B35-B49	1
B36.1	Tinea nigra	1	B35-B49	1
B36.2	White piedra	1	B35-B49	1
B36.3	Black piedra	1	B35-B49	1
B36.8	Other specified superficial mycoses	1	B35-B49	1
B36.9	Superficial mycosis, unspecified	1	B35-B49	1
B37	Candidiasis	1	B35-B49	0
B37.0	Candidal stomatitis	1	B35-B49	1
B37.1	Pulmonary candidiasis	1	B35-B49	1
B37.2	Candidiasis of skin and nail	1	B35-B49	1
B37.3	Candidiasis of vulva and vagina	1	B35-B49	1
B37.4	Candidiasis of other urogenital sites	1	B35-B49	1
B37.5	Candidal meningitis	1	B35-B49	1
B37.6	Candidal endocarditis	1	B35-B49	1
B37.7	Candidal sepsis	1	B35-B49	1
B37.8	Candidiasis of other sites	1	B35-B49	1
B37.9	Candidiasis, unspecified	1	B35-B49	1
B38	Coccidioidomycosis	1	B35-B49	0
B38.0	Acute pulmonary coccidioidomycosis	1	B35-B49	1
B38.1	Chronic pulmonary coccidioidomycosis	1	B35-B49	1
B38.2	Pulmonary coccidioidomycosis, unspecified	1	B35-B49	1
B38.3	Cutaneous coccidioidomycosis	1	B35-B49	1
B38.4	Coccidioidomycosis meningitis	1	B35-B49	1
B38.7	Disseminated coccidioidomycosis	1	B35-B49	1
B38.8	Other forms of coccidioidomycosis	1	B35-B49	1
B38.9	Coccidioidomycosis, unspecified	1	B35-B49	1
B39	Histoplasmosis	1	B35-B49	0
B39.0	Acute pulmonary histoplasmosis capsulati	1	B35-B49	1
B39.1	Chronic pulmonary histoplasmosis capsulati	1	B35-B49	1
B39.2	Pulmonary histoplasmosis capsulati, unspecified	1	B35-B49	1
B39.3	Disseminated histoplasmosis capsulati	1	B35-B49	1
B39.4	Histoplasmosis capsulati, unspecified	1	B35-B49	1
B39.5	Histoplasmosis duboisii	1	B35-B49	1
B39.9	Histoplasmosis, unspecified	1	B35-B49	1
B40	Blastomycosis	1	B35-B49	0
B40.0	Acute pulmonary blastomycosis	1	B35-B49	1
B40.1	Chronic pulmonary blastomycosis	1	B35-B49	1
B40.2	Pulmonary blastomycosis, unspecified	1	B35-B49	1
B40.3	Cutaneous blastomycosis	1	B35-B49	1
B40.7	Disseminated blastomycosis	1	B35-B49	1
B40.8	Other forms of blastomycosis	1	B35-B49	1
B40.9	Blastomycosis, unspecified	1	B35-B49	1
B41	Paracoccidioidomycosis	1	B35-B49	0
B41.0	Pulmonary paracoccidioidomycosis	1	B35-B49	1
B41.7	Disseminated paracoccidioidomycosis	1	B35-B49	1
B41.8	Other forms of paracoccidioidomycosis	1	B35-B49	1
B41.9	Paracoccidioidomycosis, unspecified	1	B35-B49	1
B42	Sporotrichosis	1	B35-B49	0
B42.0	Pulmonary sporotrichosis	1	B35-B49	1
B42.1	Lymphocutaneous sporotrichosis	1	B35-B49	1
B42.7	Disseminated sporotrichosis	1	B35-B49	1
B42.8	Other forms of sporotrichosis	1	B35-B49	1
B42.9	Sporotrichosis, unspecified	1	B35-B49	1
B43	Chromomycosis and phaeomycotic abscess	1	B35-B49	0
B43.0	Cutaneous chromomycosis	1	B35-B49	1
B43.1	Phaeomycotic brain abscess	1	B35-B49	1
B43.2	Subcutaneous phaeomycotic abscess and cyst	1	B35-B49	1
B43.8	Other forms of chromomycosis	1	B35-B49	1
B43.9	Chromomycosis, unspecified	1	B35-B49	1
B44	Aspergillosis	1	B35-B49	0
B44.0	Invasive pulmonary aspergillosis	1	B35-B49	1
B44.1	Other pulmonary aspergillosis	1	B35-B49	1
B44.2	Tonsillar aspergillosis	1	B35-B49	1
B44.7	Disseminated aspergillosis	1	B35-B49	1
B44.8	Other forms of aspergillosis	1	B35-B49	1
B44.9	Aspergillosis, unspecified	1	B35-B49	1
B45	Cryptococcosis	1	B35-B49	0
B45.0	Pulmonary cryptococcosis	1	B35-B49	1
B45.1	Cerebral cryptococcosis	1	B35-B49	1
B45.2	Cutaneous cryptococcosis	1	B35-B49	1
B45.3	Osseous cryptococcosis	1	B35-B49	1
B45.7	Disseminated cryptococcosis	1	B35-B49	1
B45.8	Other forms of cryptococcosis	1	B35-B49	1
B45.9	Cryptococcosis, unspecified	1	B35-B49	1
B46	Zygomycosis	1	B35-B49	0
B46.0	Pulmonary mucormycosis	1	B35-B49	1
B46.1	Rhinocerebral mucormycosis	1	B35-B49	1
B46.2	Gastrointestinal mucormycosis	1	B35-B49	1
B46.3	Cutaneous mucormycosis	1	B35-B49	1
B46.4	Disseminated mucormycosis	1	B35-B49	1
B46.5	Mucormycosis, unspecified	1	B35-B49	1
B46.8	Other zygomycoses	1	B35-B49	1
B46.9	Zygomycosis, unspecified	1	B35-B49	1
B47	Mycetoma	1	B35-B49	0
B47.0	Eumycetoma	1	B35-B49	1
B47.1	Actinomycetoma	1	B35-B49	1
B47.9	Mycetoma, unspecified	1	B35-B49	1
B48	Other mycoses, not elsewhere classified	1	B35-B49	0
B48.0	Lobomycosis	1	B35-B49	1
B48.1	Rhinosporidiosis	1	B35-B49	1
B48.2	Allescheriasis	1	B35-B49	1
B48.3	Geotrichosis	1	B35-B49	1
B48.4	Penicillosis	1	B35-B49	1
B48.5	Pneumocystosis	1	B35-B49	1
B48.7	Opportunistic mycoses	1	B35-B49	1
B48.8	Other specified mycoses	1	B35-B49	1
B49	Unspecified mycosis	1	B35-B49	1
B50	Plasmodium falciparum malaria	1	B50-B64	0
B50.0	Plasmodium falciparum malaria with cerebral complications	1	B50-B64	1
B50.8	Other severe and complicated Plasmodium falciparum malaria	1	B50-B64	1
B50.9	Plasmodium falciparum malaria, unspecified	1	B50-B64	1
B51	Plasmodium vivax malaria	1	B50-B64	0
B51.0	Plasmodium vivax malaria with rupture of spleen	1	B50-B64	1
B51.8	Plasmodium vivax malaria with other complications	1	B50-B64	1
B51.9	Plasmodium vivax malaria without complication	1	B50-B64	1
B52	Plasmodium malariae malaria	1	B50-B64	0
B52.0	Plasmodium malariae malaria with nephropathy	1	B50-B64	1
B52.8	Plasmodium malariae malaria with other complications	1	B50-B64	1
B52.9	Plasmodium malariae malaria without complication	1	B50-B64	1
B53	Other parasitologically confirmed malaria	1	B50-B64	0
B53.0	Plasmodium ovale malaria	1	B50-B64	1
B53.1	Malaria due to simian plasmodia	1	B50-B64	1
B53.8	Other parasitologically confirmed malaria, not elsewhere classified	1	B50-B64	1
B54	Unspecified malaria	1	B50-B64	1
B55	Leishmaniasis	1	B50-B64	0
B55.0	Visceral leishmaniasis	1	B50-B64	1
B55.1	Cutaneous leishmaniasis	1	B50-B64	1
B55.2	Mucocutaneous leishmaniasis	1	B50-B64	1
B55.9	Leishmaniasis, unspecified	1	B50-B64	1
B56	African trypanosomiasis	1	B50-B64	0
B56.0	Gambiense trypanosomiasis	1	B50-B64	1
B56.1	Rhodesiense trypanosomiasis	1	B50-B64	1
B56.9	African trypanosomiasis, unspecified	1	B50-B64	1
B57	Chagas disease	1	B50-B64	0
B57.0	Acute Chagas disease with heart involvement	1	B50-B64	1
B57.1	Acute Chagas disease without heart involvement	1	B50-B64	1
B57.2	Chagas disease (chronic) with heart involvement	1	B50-B64	1
B57.3	Chagas disease (chronic) with digestive system involvement	1	B50-B64	1
B57.4	Chagas disease (chronic) with nervous system involvement	1	B50-B64	1
B57.5	Chagas disease (chronic) with other organ involvement	1	B50-B64	1
B58	Toxoplasmosis	1	B50-B64	0
B58.0	Toxoplasma oculopathy	1	B50-B64	1
B58.1	Toxoplasma hepatitis	1	B50-B64	1
B58.2	Toxoplasma meningoencephalitis	1	B50-B64	1
B58.3	Pulmonary toxoplasmosis	1	B50-B64	1
B58.8	Toxoplasmosis with other organ involvement	1	B50-B64	1
B58.9	Toxoplasmosis, unspecified	1	B50-B64	1
B60	Other protozoal diseases, not elsewhere classified	1	B50-B64	0
B60.0	Babesiosis	1	B50-B64	1
B60.1	Acanthamoebiasis	1	B50-B64	1
B60.2	Naegleriasis	1	B50-B64	1
B60.8	Other specified protozoal diseases	1	B50-B64	1
B64	Unspecified protozoal disease	1	B50-B64	1
B65	Schistosomiasis [bilharziasis]	1	B65-B83	0
B65.0	Schistosomiasis due to Schistosoma haematobium [urinary schistosomiasis]	1	B65-B83	1
B65.1	Schistosomiasis due to Schistosoma mansoni [intestinal schistosomiasis]	1	B65-B83	1
B65.2	Schistosomiasis due to Schistosoma japonicum	1	B65-B83	1
B65.3	Cercarial dermatitis	1	B65-B83	1
B65.8	Other schistosomiases	1	B65-B83	1
B65.9	Schistosomiasis, unspecified	1	B65-B83	1
B66	Other fluke infections	1	B65-B83	0
B66.0	Opisthorchiasis	1	B65-B83	1
B66.1	Clonorchiasis	1	B65-B83	1
B66.2	Dicrocoeliasis	1	B65-B83	1
B66.3	Fascioliasis	1	B65-B83	1
B66.4	Paragonimiasis	1	B65-B83	1
B66.5	Fasciolopsiasis	1	B65-B83	1
B66.8	Other specified fluke infections	1	B65-B83	1
B66.9	Fluke infection, unspecified	1	B65-B83	1
B67	Echinococcosis	1	B65-B83	0
B67.0	Echinococcus granulosus infection of liver	1	B65-B83	1
B67.1	Echinococcus granulosus infection of lung	1	B65-B83	1
B67.2	Echinococcus granulosus infection of bone	1	B65-B83	1
B67.3	Echinococcus granulosus infection, other and multiple sites	1	B65-B83	1
B67.4	Echinococcus granulosus infection, unspecified	1	B65-B83	1
B67.5	Echinococcus multilocularis infection of liver	1	B65-B83	1
B67.6	Echinococcus multilocularis infection, other and multiple sites	1	B65-B83	1
B67.7	Echinococcus multilocularis infection, unspecified	1	B65-B83	1
B67.8	Echinococcosis, unspecified, of liver	1	B65-B83	1
B67.9	Echinococcosis, other and unspecified	1	B65-B83	1
B68	Taeniasis	1	B65-B83	0
B68.0	Taenia solium taeniasis	1	B65-B83	1
B68.1	Taenia saginata taeniasis	1	B65-B83	1
B68.9	Taeniasis, unspecified	1	B65-B83	1
B69	Cysticercosis	1	B65-B83	0
B69.0	Cysticercosis of central nervous system	1	B65-B83	1
B69.1	Cysticercosis of eye	1	B65-B83	1
B69.8	Cysticercosis of other sites	1	B65-B83	1
B69.9	Cysticercosis, unspecified	1	B65-B83	1
B70	Diphyllobothriasis and sparganosis	1	B65-B83	0
B70.0	Diphyllobothriasis	1	B65-B83	1
B70.1	Sparganosis	1	B65-B83	1
B71	Other cestode infections	1	B65-B83	0
B71.0	Hymenolepiasis	1	B65-B83	1
B71.1	Dipylidiasis	1	B65-B83	1
B71.8	Other specified cestode infections	1	B65-B83	1
B71.9	Cestode infection, unspecified	1	B65-B83	1
B72	Dracunculiasis	1	B65-B83	1
B73	Onchocerciasis	1	B65-B83	1
B74	Filariasis	1	B65-B83	0
B74.0	Filariasis due to Wuchereria bancrofti	1	B65-B83	1
B74.1	Filariasis due to Brugia malayi	1	B65-B83	1
B74.2	Filariasis due to Brugia timori	1	B65-B83	1
B74.3	Loiasis	1	B65-B83	1
B74.4	Mansonelliasis	1	B65-B83	1
B74.8	Other filariases	1	B65-B83	1
B74.9	Filariasis, unspecified	1	B65-B83	1
B75	Trichinellosis	1	B65-B83	1
B76	Hookworm diseases	1	B65-B83	0
B76.0	Ancylostomiasis	1	B65-B83	1
B76.1	Necatoriasis	1	B65-B83	1
B76.8	Other hookworm diseases	1	B65-B83	1
B76.9	Hookworm disease, unspecified	1	B65-B83	1
B77	Ascariasis	1	B65-B83	0
B77.0	Ascariasis with intestinal complications	1	B65-B83	1
B77.8	Ascariasis with other complications	1	B65-B83	1
B77.9	Ascariasis, unspecified	1	B65-B83	1
B78	Strongyloidiasis	1	B65-B83	0
B78.0	Intestinal strongyloidiasis	1	B65-B83	1
B78.1	Cutaneous strongyloidiasis	1	B65-B83	1
B78.7	Disseminated strongyloidiasis	1	B65-B83	1
B78.9	Strongyloidiasis, unspecified	1	B65-B83	1
B79	Trichuriasis	1	B65-B83	1
B80	Enterobiasis	1	B65-B83	1
B81	Other intestinal helminthiases, not elsewhere classified	1	B65-B83	0
B81.0	Anisakiasis	1	B65-B83	1
B81.1	Intestinal capillariasis	1	B65-B83	1
B81.2	Trichostrongyliasis	1	B65-B83	1
B81.3	Intestinal angiostrongyliasis	1	B65-B83	1
B81.4	Mixed intestinal helminthiases	1	B65-B83	1
B81.8	Other specified intestinal helminthiases	1	B65-B83	1
B82	Unspecified intestinal parasitism	1	B65-B83	0
B82.0	Intestinal helminthiasis, unspecified	1	B65-B83	1
B82.9	Intestinal parasitism, unspecified	1	B65-B83	1
B83	Other helminthiases	1	B65-B83	0
B83.0	Visceral larva migrans	1	B65-B83	1
B83.1	Gnathostomiasis	1	B65-B83	1
B83.2	Angiostrongyliasis due to Parastrongylus cantonensis	1	B65-B83	1
B83.3	Syngamiasis	1	B65-B83	1
B83.4	Internal hirudiniasis	1	B65-B83	1
B83.8	Other specified helminthiases	1	B65-B83	1
B83.9	Helminthiasis, unspecified	1	B65-B83	1
B85	Pediculosis and phthiriasis	1	B85-B89	0
B85.0	Pediculosis due to Pediculus humanus capitis	1	B85-B89	1
B85.1	Pediculosis due to Pediculus humanus corporis	1	B85-B89	1
B85.2	Pediculosis, unspecified	1	B85-B89	1
B85.3	Phthiriasis	1	B85-B89	1
B85.4	Mixed pediculosis and phthiriasis	1	B85-B89	1
B86	Scabies	1	B85-B89	1
B87	Myiasis	1	B85-B89	0
B87.0	Cutaneous myiasis	1	B85-B89	1
B87.1	Wound myiasis	1	B85-B89	1
B87.2	Ocular myiasis	1	B85-B89	1
B87.3	Nasopharyngeal myiasis	1	B85-B89	1
B87.4	Aural myiasis	1	B85-B89	1
B87.8	Myiasis of other sites	1	B85-B89	1
B87.9	Myiasis, unspecified	1	B85-B89	1
B88	Other infestations	1	B85-B89	0
B88.0	Other acariasis	1	B85-B89	1
B88.1	Tungiasis [sandflea infestation]	1	B85-B89	1
B88.2	Other arthropod infestations	1	B85-B89	1
B88.3	External hirudiniasis	1	B85-B89	1
B88.8	Other specified infestations	1	B85-B89	1
B88.9	Infestation, unspecified	1	B85-B89	1
B89	Unspecified parasitic disease	1	B85-B89	1
B90	Sequelae of tuberculosis	1	B90-B94	0
B90.0	Sequelae of central nervous system tuberculosis	1	B90-B94	1
B90.1	Sequelae of genitourinary tuberculosis	1	B90-B94	1
B90.2	Sequelae of tuberculosis of bones and joints	1	B90-B94	1
B90.8	Sequelae of tuberculosis of other organs	1	B90-B94	1
B90.9	Sequelae of respiratory and unspecified tuberculosis	1	B90-B94	1
B91	Sequelae of poliomyelitis	1	B90-B94	1
B92	Sequelae of leprosy	1	B90-B94	1
B94	Sequelae of other and unspecified infectious and parasitic diseases	1	B90-B94	0
B94.0	Sequelae of trachoma	1	B90-B94	1
B94.1	Sequelae of viral encephalitis	1	B90-B94	1
B94.2	Sequelae of viral hepatitis	1	B90-B94	1
B94.8	Sequelae of other specified infectious and parasitic diseases	1	B90-B94	1
B94.9	Sequelae of unspecified infectious or parasitic disease	1	B90-B94	1
B95	Streptococcus and staphylococcus as the cause of diseases classified to other chapters	1	B95-B98	0
B95.0	Streptococcus, group A, as the cause of diseases classified to other chapters	1	B95-B98	1
B95.1	Streptococcus, group B, as the cause of diseases classified to other chapters	1	B95-B98	1
B95.2	Streptococcus group D and enterococcus as the cause of diseases classified to other chapters	1	B95-B98	1
B95.3	Streptococcus pneumoniae as the cause of diseases classified to other chapters	1	B95-B98	1
B95.4	Other streptococcus as the cause of diseases classified to other chapters	1	B95-B98	1
B95.5	Unspecified streptococcus as the cause of diseases classified to other chapters	1	B95-B98	1
B95.6	Staphylococcus aureus as the cause of diseases classified to other chapters	1	B95-B98	1
B95.7	Other staphylococcus as the cause of diseases classified to other chapters	1	B95-B98	1
B95.8	Unspecified staphylococcus as the cause of diseases classified to other chapters	1	B95-B98	1
B96	Other specified bacterial agents as the cause of diseases classified to other chapters	1	B95-B98	0
B96.0	Mycoplasma pneumoniae [M. pneumoniae] as the cause of diseases classified to other chapters	1	B95-B98	1
B96.1	Klebsiella pneumoniae [K. pneumoniae] as the cause of diseases classified to other chapters	1	B95-B98	1
B96.2	Escherichia coli [E. coli] as the cause of diseases classified to other chapters	1	B95-B98	1
B96.3	Haemophilus influenzae [H. influenzae] as the cause of diseases classified to other chapters	1	B95-B98	1
B96.4	Proteus (mirabilis)(morganii) as the cause of diseases classified to other chapters	1	B95-B98	1
B96.5	Pseudomonas (aeruginosa) as the cause of diseases classified to other chapters	1	B95-B98	1
B96.6	Bacillus fragilis [B. fragilis] as the cause of diseases classified to other chapters	1	B95-B98	1
B96.7	Clostridium perfringens [C. perfringens] as the cause of diseases classified to other chapters	1	B95-B98	1
B96.8	Other specified bacterial agents as the cause of diseases classified to other chapters	1	B95-B98	1
B97	Viral agents as the cause of diseases classified to other chapters	1	B95-B98	0
B97.0	Adenovirus as the cause of diseases classified to other chapters	1	B95-B98	1
B97.1	Enterovirus as the cause of diseases classified to other chapters	1	B95-B98	1
B97.2	Coronavirus as the cause of diseases classified to other chapters	1	B95-B98	1
B97.3	Retrovirus as the cause of diseases classified to other chapters	1	B95-B98	1
B97.4	Respiratory syncytial virus as the cause of diseases classified to other chapters	1	B95-B98	1
B97.5	Reovirus as the cause of diseases classified to other chapters	1	B95-B98	1
B97.6	Parvovirus as the cause of diseases classified to other chapters	1	B95-B98	1
B97.7	Papillomavirus as the cause of diseases classified to other chapters	1	B95-B98	1
B97.8	Other viral agents as the cause of diseases classified to other chapters	1	B95-B98	1
B98	Other specified infectious agents as the cause of diseases classified to other chapters	1	B95-B98	0
B98.0	Helicobacter pylori [H.pylori] as the cause of diseases classified to other chapters	1	B95-B98	1
B98.1	Vibrio vulnificus as the cause of diseases classified to other chapters	1	B95-B98	1
B99	Other and unspecified infectious diseases	1	B99-B99	1
C00	Malignant neoplasm of lip	2	C00-C14	0
C00.0	Malignant neoplasm: External upper lip	2	C00-C14	1
C00.1	Malignant neoplasm: External lower lip	2	C00-C14	1
C00.2	Malignant neoplasm: External lip, unspecified	2	C00-C14	1
C00.3	Malignant neoplasm: Upper lip, inner aspect	2	C00-C14	1
C00.4	Malignant neoplasm: Lower lip, inner aspect	2	C00-C14	1
C00.5	Malignant neoplasm: Lip, unspecified, inner aspect	2	C00-C14	1
C00.6	Malignant neoplasm: Commissure of lip	2	C00-C14	1
C00.8	Malignant neoplasm: Overlapping lesion of lip	2	C00-C14	1
C00.9	Malignant neoplasm: Lip, unspecified	2	C00-C14	1
C01	Malignant neoplasm of base of tongue	2	C00-C14	1
C02	Malignant neoplasm of other and unspecified parts of tongue	2	C00-C14	0
C02.0	Malignant neoplasm: Dorsal surface of tongue	2	C00-C14	1
C02.1	Malignant neoplasm: Border of tongue	2	C00-C14	1
C02.2	Malignant neoplasm: Ventral surface of tongue	2	C00-C14	1
C02.3	Malignant neoplasm: Anterior two-thirds of tongue, part unspecified	2	C00-C14	1
C02.4	Malignant neoplasm: Lingual tonsil	2	C00-C14	1
C02.8	Malignant neoplasm: Overlapping lesion of tongue	2	C00-C14	1
C02.9	Malignant neoplasm: Tongue, unspecified	2	C00-C14	1
C03	Malignant neoplasm of gum	2	C00-C14	0
C03.0	Malignant neoplasm: Upper gum	2	C00-C14	1
C03.1	Malignant neoplasm: Lower gum	2	C00-C14	1
C03.9	Malignant neoplasm: Gum, unspecified	2	C00-C14	1
C04	Malignant neoplasm of floor of mouth	2	C00-C14	0
C04.0	Malignant neoplasm: Anterior floor of mouth	2	C00-C14	1
C04.1	Malignant neoplasm: Lateral floor of mouth	2	C00-C14	1
C04.8	Malignant neoplasm: Overlapping lesion of floor of mouth	2	C00-C14	1
C04.9	Malignant neoplasm: Floor of mouth, unspecified	2	C00-C14	1
C05	Malignant neoplasm of palate	2	C00-C14	0
C05.0	Malignant neoplasm: Hard palate	2	C00-C14	1
C05.1	Malignant neoplasm: Soft palate	2	C00-C14	1
C05.2	Malignant neoplasm: Uvula	2	C00-C14	1
C05.8	Malignant neoplasm: Overlapping lesion of palate	2	C00-C14	1
C05.9	Malignant neoplasm: Palate, unspecified	2	C00-C14	1
C06	Malignant neoplasm of other and unspecified parts of mouth	2	C00-C14	0
C06.0	Malignant neoplasm: Cheek mucosa	2	C00-C14	1
C06.1	Malignant neoplasm: Vestibule of mouth	2	C00-C14	1
C06.2	Malignant neoplasm: Retromolar area	2	C00-C14	1
C06.8	Malignant neoplasm: Overlapping lesion of other and unspecified parts of mouth	2	C00-C14	1
C06.9	Malignant neoplasm: Mouth, unspecified	2	C00-C14	1
C07	Malignant neoplasm of parotid gland	2	C00-C14	1
C08	Malignant neoplasm of other and unspecified major salivary glands	2	C00-C14	0
C08.0	Malignant neoplasm: Submandibular gland	2	C00-C14	1
C08.1	Malignant neoplasm: Sublingual gland	2	C00-C14	1
C08.8	Malignant neoplasm: Overlapping lesion of major salivary glands	2	C00-C14	1
C08.9	Malignant neoplasm: Major salivary gland, unspecified	2	C00-C14	1
C09	Malignant neoplasm of tonsil	2	C00-C14	0
C09.0	Malignant neoplasm: Tonsillar fossa	2	C00-C14	1
C09.1	Malignant neoplasm: Tonsillar pillar (anterior)(posterior)	2	C00-C14	1
C09.8	Malignant neoplasm: Overlapping lesion of tonsil	2	C00-C14	1
C09.9	Malignant neoplasm: Tonsil, unspecified	2	C00-C14	1
C10	Malignant neoplasm of oropharynx	2	C00-C14	0
C10.0	Malignant neoplasm: Vallecula	2	C00-C14	1
C10.1	Malignant neoplasm: Anterior surface of epiglottis	2	C00-C14	1
C10.2	Malignant neoplasm: Lateral wall of oropharynx	2	C00-C14	1
C10.3	Malignant neoplasm: Posterior wall of oropharynx	2	C00-C14	1
C10.4	Malignant neoplasm: Branchial cleft	2	C00-C14	1
C10.8	Malignant neoplasm: Overlapping lesion of oropharynx	2	C00-C14	1
C10.9	Malignant neoplasm: Oropharynx, unspecified	2	C00-C14	1
C11	Malignant neoplasm of nasopharynx	2	C00-C14	0
C11.0	Malignant neoplasm: Superior wall of nasopharynx	2	C00-C14	1
C11.1	Malignant neoplasm: Posterior wall of nasopharynx	2	C00-C14	1
C11.2	Malignant neoplasm: Lateral wall of nasopharynx	2	C00-C14	1
C11.3	Malignant neoplasm: Anterior wall of nasopharynx	2	C00-C14	1
C11.8	Malignant neoplasm: Overlapping lesion of nasopharynx	2	C00-C14	1
C11.9	Malignant neoplasm: Nasopharynx, unspecified	2	C00-C14	1
C12	Malignant neoplasm of piriform sinus	2	C00-C14	1
C13	Malignant neoplasm of hypopharynx	2	C00-C14	0
C13.0	Malignant neoplasm: Postcricoid region	2	C00-C14	1
C13.1	Malignant neoplasm: Aryepiglottic fold, hypopharyngeal aspect	2	C00-C14	1
C13.2	Malignant neoplasm: Posterior wall of hypopharynx	2	C00-C14	1
C13.8	Malignant neoplasm: Overlapping lesion of hypopharynx	2	C00-C14	1
C13.9	Malignant neoplasm: Hypopharynx, unspecified	2	C00-C14	1
C14	Malignant neoplasm of other and ill-defined sites in the lip, oral cavity and pharynx	2	C00-C14	0
C14.0	Malignant neoplasm: Pharynx, unspecified	2	C00-C14	1
C14.2	Malignant neoplasm: Waldeyer ring	2	C00-C14	1
C14.8	Malignant neoplasm: Overlapping lesion of lip, oral cavity and pharynx	2	C00-C14	1
C15	Malignant neoplasm of oesophagus	2	C15-C26	0
C15.0	Malignant neoplasm: Cervical part of oesophagus	2	C15-C26	1
C15.1	Malignant neoplasm: Thoracic part of oesophagus	2	C15-C26	1
C15.2	Malignant neoplasm: Abdominal part of oesophagus	2	C15-C26	1
C15.3	Malignant neoplasm: Upper third of oesophagus	2	C15-C26	1
C15.4	Malignant neoplasm: Middle third of oesophagus	2	C15-C26	1
C15.5	Malignant neoplasm: Lower third of oesophagus	2	C15-C26	1
C15.8	Malignant neoplasm: Overlapping lesion of oesophagus	2	C15-C26	1
C15.9	Malignant neoplasm: Oesophagus, unspecified	2	C15-C26	1
C16	Malignant neoplasm of stomach	2	C15-C26	0
C16.0	Malignant neoplasm: Cardia	2	C15-C26	1
C16.1	Malignant neoplasm: Fundus of stomach	2	C15-C26	1
C16.2	Malignant neoplasm: Body of stomach	2	C15-C26	1
C16.3	Malignant neoplasm: Pyloric antrum	2	C15-C26	1
C16.4	Malignant neoplasm: Pylorus	2	C15-C26	1
C16.5	Malignant neoplasm: Lesser curvature of stomach, unspecified	2	C15-C26	1
C16.6	Malignant neoplasm: Greater curvature of stomach, unspecified	2	C15-C26	1
C16.8	Malignant neoplasm: Overlapping lesion of stomach	2	C15-C26	1
C16.9	Malignant neoplasm: Stomach, unspecified	2	C15-C26	1
C17	Malignant neoplasm of small intestine	2	C15-C26	0
C17.0	Malignant neoplasm: Duodenum	2	C15-C26	1
C17.1	Malignant neoplasm: Jejunum	2	C15-C26	1
C17.2	Malignant neoplasm: Ileum	2	C15-C26	1
C17.3	Malignant neoplasm: Meckel diverticulum	2	C15-C26	1
C17.8	Malignant neoplasm: Overlapping lesion of small intestine	2	C15-C26	1
C17.9	Malignant neoplasm: Small intestine, unspecified	2	C15-C26	1
C18	Malignant neoplasm of colon	2	C15-C26	0
C18.0	Malignant neoplasm: Caecum	2	C15-C26	1
C18.1	Malignant neoplasm: Appendix	2	C15-C26	1
C18.2	Malignant neoplasm: Ascending colon	2	C15-C26	1
C18.3	Malignant neoplasm: Hepatic flexure	2	C15-C26	1
C18.4	Malignant neoplasm: Transverse colon	2	C15-C26	1
C18.5	Malignant neoplasm: Splenic flexure	2	C15-C26	1
C18.6	Malignant neoplasm: Descending colon	2	C15-C26	1
C18.7	Malignant neoplasm: Sigmoid colon	2	C15-C26	1
C18.8	Malignant neoplasm: Overlapping lesion of colon	2	C15-C26	1
C18.9	Malignant neoplasm: Colon, unspecified	2	C15-C26	1
C19	Malignant neoplasm of rectosigmoid junction	2	C15-C26	1
C20	Malignant neoplasm of rectum	2	C15-C26	1
C21	Malignant neoplasm of anus and anal canal	2	C15-C26	0
C21.0	Malignant neoplasm: Anus, unspecified	2	C15-C26	1
C21.1	Malignant neoplasm: Anal canal	2	C15-C26	1
C21.2	Malignant neoplasm: Cloacogenic zone	2	C15-C26	1
C21.8	Malignant neoplasm: Overlapping lesion of rectum, anus and anal canal	2	C15-C26	1
C22	Malignant neoplasm of liver and intrahepatic bile ducts	2	C15-C26	0
C22.0	Malignant neoplasm: Liver cell carcinoma	2	C15-C26	1
C22.1	Malignant neoplasm: Intrahepatic bile duct carcinoma	2	C15-C26	1
C22.2	Malignant neoplasm: Hepatoblastoma	2	C15-C26	1
C22.3	Malignant neoplasm: Angiosarcoma of liver	2	C15-C26	1
C22.4	Malignant neoplasm: Other sarcomas of liver	2	C15-C26	1
C22.7	Malignant neoplasm: Other specified carcinomas of liver	2	C15-C26	1
C22.9	Malignant neoplasm: Liver, unspecified	2	C15-C26	1
C23	Malignant neoplasm of gallbladder	2	C15-C26	1
C24	Malignant neoplasm of other and unspecified parts of biliary tract	2	C15-C26	0
C24.0	Malignant neoplasm: Extrahepatic bile duct	2	C15-C26	1
C24.1	Malignant neoplasm: Ampulla of Vater	2	C15-C26	1
C24.8	Malignant neoplasm: Overlapping lesion of biliary tract	2	C15-C26	1
C24.9	Malignant neoplasm: Biliary tract, unspecified	2	C15-C26	1
C25	Malignant neoplasm of pancreas	2	C15-C26	0
C25.0	Malignant neoplasm: Head of pancreas	2	C15-C26	1
C25.1	Malignant neoplasm: Body of pancreas	2	C15-C26	1
C25.2	Malignant neoplasm: Tail of pancreas	2	C15-C26	1
C25.3	Malignant neoplasm: Pancreatic duct	2	C15-C26	1
C25.4	Malignant neoplasm: Endocrine pancreas	2	C15-C26	1
C25.7	Malignant neoplasm: Other parts of pancreas	2	C15-C26	1
C25.8	Malignant neoplasm: Overlapping lesion of pancreas	2	C15-C26	1
C25.9	Malignant neoplasm: Pancreas, unspecified	2	C15-C26	1
C26	Malignant neoplasm of other and ill-defined digestive organs	2	C15-C26	0
C26.0	Malignant neoplasm: Intestinal tract, part unspecified	2	C15-C26	1
C26.1	Malignant neoplasm: Spleen	2	C15-C26	1
C26.8	Malignant neoplasm: Overlapping lesion of digestive system	2	C15-C26	1
C26.9	Malignant neoplasm: Ill-defined sites within the digestive system	2	C15-C26	1
C30	Malignant neoplasm of nasal cavity and middle ear	2	C30-C39	0
C30.0	Malignant neoplasm: Nasal cavity	2	C30-C39	1
C30.1	Malignant neoplasm: Middle ear	2	C30-C39	1
C31	Malignant neoplasm of accessory sinuses	2	C30-C39	0
C31.0	Malignant neoplasm: Maxillary sinus	2	C30-C39	1
C31.1	Malignant neoplasm: Ethmoidal sinus	2	C30-C39	1
C31.2	Malignant neoplasm: Frontal sinus	2	C30-C39	1
C31.3	Malignant neoplasm: Sphenoidal sinus	2	C30-C39	1
C31.8	Malignant neoplasm: Overlapping lesion of accessory sinuses	2	C30-C39	1
C31.9	Malignant neoplasm: Accessory sinus, unspecified	2	C30-C39	1
C32	Malignant neoplasm of larynx	2	C30-C39	0
C32.0	Malignant neoplasm: Glottis	2	C30-C39	1
C32.1	Malignant neoplasm: Supraglottis	2	C30-C39	1
C32.2	Malignant neoplasm: Subglottis	2	C30-C39	1
C32.3	Malignant neoplasm: Laryngeal cartilage	2	C30-C39	1
C32.8	Malignant neoplasm: Overlapping lesion of larynx	2	C30-C39	1
C32.9	Malignant neoplasm: Larynx, unspecified	2	C30-C39	1
C33	Malignant neoplasm of trachea	2	C30-C39	1
C34	Malignant neoplasm of bronchus and lung	2	C30-C39	0
C34.0	Malignant neoplasm: Main bronchus	2	C30-C39	1
C34.1	Malignant neoplasm: Upper lobe, bronchus or lung	2	C30-C39	1
C34.2	Malignant neoplasm: Middle lobe, bronchus or lung	2	C30-C39	1
C34.3	Malignant neoplasm: Lower lobe, bronchus or lung	2	C30-C39	1
C34.8	Malignant neoplasm: Overlapping lesion of bronchus and lung	2	C30-C39	1
C34.9	Malignant neoplasm: Bronchus or lung, unspecified	2	C30-C39	1
C37	Malignant neoplasm of thymus	2	C30-C39	1
C38	Malignant neoplasm of heart, mediastinum and pleura	2	C30-C39	0
C38.0	Malignant neoplasm: Heart	2	C30-C39	1
C38.1	Malignant neoplasm: Anterior mediastinum	2	C30-C39	1
C38.2	Malignant neoplasm: Posterior mediastinum	2	C30-C39	1
C38.3	Malignant neoplasm: Mediastinum, part unspecified	2	C30-C39	1
C38.4	Malignant neoplasm: Pleura	2	C30-C39	1
C38.8	Malignant neoplasm: Overlapping lesion of heart, mediastinum and pleura	2	C30-C39	1
C39	Malignant neoplasm of other and ill-defined sites in the respiratory system and intrathoracic organs	2	C30-C39	0
C39.0	Malignant neoplasm: Upper respiratory tract, part unspecified	2	C30-C39	1
C39.8	Malignant neoplasm: Overlapping lesion of respiratory and intrathoracic organs	2	C30-C39	1
C39.9	Malignant neoplasm: Ill-defined sites within the respiratory system	2	C30-C39	1
C40	Malignant neoplasm of bone and articular cartilage of limbs	2	C40-C41	0
C40.0	Malignant neoplasm: Scapula and long bones of upper limb	2	C40-C41	1
C40.1	Malignant neoplasm: Short bones of upper limb	2	C40-C41	1
C40.2	Malignant neoplasm: Long bones of lower limb	2	C40-C41	1
C40.3	Malignant neoplasm: Short bones of lower limb	2	C40-C41	1
C40.8	Malignant neoplasm: Overlapping lesion of bone and articular cartilage of limbs	2	C40-C41	1
C40.9	Malignant neoplasm: Bone and articular cartilage of limb, unspecified	2	C40-C41	1
C41	Malignant neoplasm of bone and articular cartilage of other and unspecified sites	2	C40-C41	0
C41.0	Malignant neoplasm: Bones of skull and face	2	C40-C41	1
C41.1	Malignant neoplasm: Mandible	2	C40-C41	1
C41.2	Malignant neoplasm: Vertebral column	2	C40-C41	1
C41.3	Malignant neoplasm: Ribs, sternum and clavicle	2	C40-C41	1
C41.4	Malignant neoplasm: Pelvic bones, sacrum and coccyx	2	C40-C41	1
C41.8	Malignant neoplasm: Overlapping lesion of bone and articular cartilage	2	C40-C41	1
C41.9	Malignant neoplasm: Bone and articular cartilage, unspecified	2	C40-C41	1
C43	Malignant melanoma of skin	2	C43-C44	0
C43.0	Malignant neoplasm: Malignant melanoma of lip	2	C43-C44	1
C43.1	Malignant neoplasm: Malignant melanoma of eyelid, including canthus	2	C43-C44	1
C43.2	Malignant neoplasm: Malignant melanoma of ear and external auricular canal	2	C43-C44	1
C43.3	Malignant neoplasm: Malignant melanoma of other and unspecified parts of face	2	C43-C44	1
C43.4	Malignant neoplasm: Malignant melanoma of scalp and neck	2	C43-C44	1
C43.5	Malignant neoplasm: Malignant melanoma of trunk	2	C43-C44	1
C43.6	Malignant neoplasm: Malignant melanoma of upper limb, including shoulder	2	C43-C44	1
C43.7	Malignant neoplasm: Malignant melanoma of lower limb, including hip	2	C43-C44	1
C43.8	Malignant neoplasm: Overlapping malignant melanoma of skin	2	C43-C44	1
C43.9	Malignant neoplasm: Malignant melanoma of skin, unspecified	2	C43-C44	1
C44	Other malignant neoplasms of skin	2	C43-C44	0
C44.0	Malignant neoplasm: Skin of lip	2	C43-C44	1
C44.1	Malignant neoplasm: Skin of eyelid, including canthus	2	C43-C44	1
C44.2	Malignant neoplasm: Skin of ear and external auricular canal	2	C43-C44	1
C44.3	Malignant neoplasm: Skin of other and unspecified parts of face	2	C43-C44	1
C44.4	Malignant neoplasm: Skin of scalp and neck	2	C43-C44	1
C44.5	Malignant neoplasm: Skin of trunk	2	C43-C44	1
C44.6	Malignant neoplasm: Skin of upper limb, including shoulder	2	C43-C44	1
C44.7	Malignant neoplasm: Skin of lower limb, including hip	2	C43-C44	1
C44.8	Malignant neoplasm: Overlapping lesion of skin	2	C43-C44	1
C44.9	Malignant neoplasm: Malignant neoplasm of skin, unspecified	2	C43-C44	1
C45	Mesothelioma	2	C45-C49	0
C45.0	Mesothelioma of pleura	2	C45-C49	1
C45.1	Mesothelioma of peritoneum	2	C45-C49	1
C45.2	Mesothelioma of pericardium	2	C45-C49	1
C45.7	Mesothelioma of other sites	2	C45-C49	1
C45.9	Mesothelioma, unspecified	2	C45-C49	1
C46	Kaposi sarcoma	2	C45-C49	0
C46.0	Kaposi sarcoma of skin	2	C45-C49	1
C46.1	Kaposi sarcoma of soft tissue	2	C45-C49	1
C46.2	Kaposi sarcoma of palate	2	C45-C49	1
C46.3	Kaposi sarcoma of lymph nodes	2	C45-C49	1
C46.7	Kaposi sarcoma of other sites	2	C45-C49	1
C46.8	Kaposi sarcoma of multiple organs	2	C45-C49	1
C46.9	Kaposi sarcoma, unspecified	2	C45-C49	1
C47	Malignant neoplasm of peripheral nerves and autonomic nervous system	2	C45-C49	0
C47.0	Malignant neoplasm: Peripheral nerves of head, face and neck	2	C45-C49	1
C47.1	Malignant neoplasm: Peripheral nerves of upper limb, including shoulder	2	C45-C49	1
C47.2	Malignant neoplasm: Peripheral nerves of lower limb, including hip	2	C45-C49	1
C47.3	Malignant neoplasm: Peripheral nerves of thorax	2	C45-C49	1
C47.4	Malignant neoplasm: Peripheral nerves of abdomen	2	C45-C49	1
C47.5	Malignant neoplasm: Peripheral nerves of pelvis	2	C45-C49	1
C47.6	Malignant neoplasm: Peripheral nerves of trunk, unspecified	2	C45-C49	1
C47.8	Malignant neoplasm: Overlapping lesion of peripheral nerves and autonomic nervous system	2	C45-C49	1
C47.9	Malignant neoplasm: Peripheral nerves and autonomic nervous system, unspecified	2	C45-C49	1
C48	Malignant neoplasm of retroperitoneum and peritoneum	2	C45-C49	0
C48.0	Malignant neoplasm: Retroperitoneum	2	C45-C49	1
C48.1	Malignant neoplasm: Specified parts of peritoneum	2	C45-C49	1
C48.2	Malignant neoplasm: Peritoneum, unspecified	2	C45-C49	1
C48.8	Malignant neoplasm: Overlapping lesion of retroperitoneum and peritoneum	2	C45-C49	1
C49	Malignant neoplasm of other connective and soft tissue	2	C45-C49	0
C49.0	Malignant neoplasm: Connective and soft tissue of head, face and neck	2	C45-C49	1
C49.1	Malignant neoplasm: Connective and soft tissue of upper limb, including shoulder	2	C45-C49	1
C49.2	Malignant neoplasm: Connective and soft tissue of lower limb, including hip	2	C45-C49	1
C49.3	Malignant neoplasm: Connective and soft tissue of thorax	2	C45-C49	1
C49.4	Malignant neoplasm: Connective and soft tissue of abdomen	2	C45-C49	1
C49.5	Malignant neoplasm: Connective and soft tissue of pelvis	2	C45-C49	1
C49.6	Malignant neoplasm: Connective and soft tissue of trunk, unspecified	2	C45-C49	1
C49.8	Malignant neoplasm: Overlapping lesion of connective and soft tissue	2	C45-C49	1
C49.9	Malignant neoplasm: Connective and soft tissue, unspecified	2	C45-C49	1
C50	Malignant neoplasm of breast	2	C50-C50	0
C50.0	Malignant neoplasm: Nipple and areola	2	C50-C50	1
C50.1	Malignant neoplasm: Central portion of breast	2	C50-C50	1
C50.2	Malignant neoplasm: Upper-inner quadrant of breast	2	C50-C50	1
C50.3	Malignant neoplasm: Lower-inner quadrant of breast	2	C50-C50	1
C50.4	Malignant neoplasm: Upper-outer quadrant of breast	2	C50-C50	1
C50.5	Malignant neoplasm: Lower-outer quadrant of breast	2	C50-C50	1
C50.6	Malignant neoplasm: Axillary tail of breast	2	C50-C50	1
C50.8	Malignant neoplasm: Overlapping lesion of breast	2	C50-C50	1
C50.9	Malignant neoplasm: Breast, unspecified	2	C50-C50	1
C51	Malignant neoplasm of vulva	2	C51-C58	0
C51.0	Malignant neoplasm: Labium majus	2	C51-C58	1
C51.1	Malignant neoplasm: Labium minus	2	C51-C58	1
C51.2	Malignant neoplasm: Clitoris	2	C51-C58	1
C51.8	Malignant neoplasm: Overlapping lesion of vulva	2	C51-C58	1
C51.9	Malignant neoplasm: Vulva, unspecified	2	C51-C58	1
C52	Malignant neoplasm of vagina	2	C51-C58	1
C53	Malignant neoplasm of cervix uteri	2	C51-C58	0
C53.0	Malignant neoplasm: Endocervix	2	C51-C58	1
C53.1	Malignant neoplasm: Exocervix	2	C51-C58	1
C53.8	Malignant neoplasm: Overlapping lesion of cervix uteri	2	C51-C58	1
C53.9	Malignant neoplasm: Cervix uteri, unspecified	2	C51-C58	1
C54	Malignant neoplasm of corpus uteri	2	C51-C58	0
C54.0	Malignant neoplasm: Isthmus uteri	2	C51-C58	1
C54.1	Malignant neoplasm: Endometrium	2	C51-C58	1
C54.2	Malignant neoplasm: Myometrium	2	C51-C58	1
C54.3	Malignant neoplasm: Fundus uteri	2	C51-C58	1
C54.8	Malignant neoplasm: Overlapping lesion of corpus uteri	2	C51-C58	1
C54.9	Malignant neoplasm: Corpus uteri, unspecified	2	C51-C58	1
C55	Malignant neoplasm of uterus, part unspecified	2	C51-C58	1
C56	Malignant neoplasm of ovary	2	C51-C58	1
C57	Malignant neoplasm of other and unspecified female genital organs	2	C51-C58	0
C57.0	Malignant neoplasm: Fallopian tube	2	C51-C58	1
C57.1	Malignant neoplasm: Broad ligament	2	C51-C58	1
C57.2	Malignant neoplasm: Round ligament	2	C51-C58	1
C57.3	Malignant neoplasm: Parametrium	2	C51-C58	1
C57.4	Malignant neoplasm: Uterine adnexa, unspecified	2	C51-C58	1
C57.7	Malignant neoplasm: Other specified female genital organs	2	C51-C58	1
C57.8	Malignant neoplasm: Overlapping lesion of female genital organs	2	C51-C58	1
C57.9	Malignant neoplasm: Female genital organ, unspecified	2	C51-C58	1
C58	Malignant neoplasm of placenta	2	C51-C58	1
C60	Malignant neoplasm of penis	2	C60-C63	0
C60.0	Malignant neoplasm: Prepuce	2	C60-C63	1
C60.1	Malignant neoplasm: Glans penis	2	C60-C63	1
C60.2	Malignant neoplasm: Body of penis	2	C60-C63	1
C60.8	Malignant neoplasm: Overlapping lesion of penis	2	C60-C63	1
C60.9	Malignant neoplasm: Penis, unspecified	2	C60-C63	1
C61	Malignant neoplasm of prostate	2	C60-C63	1
C62	Malignant neoplasm of testis	2	C60-C63	0
C62.0	Malignant neoplasm: Undescended testis	2	C60-C63	1
C62.1	Malignant neoplasm: Descended testis	2	C60-C63	1
C62.9	Malignant neoplasm: Testis, unspecified	2	C60-C63	1
C63	Malignant neoplasm of other and unspecified male genital organs	2	C60-C63	0
C63.0	Malignant neoplasm: Epididymis	2	C60-C63	1
C63.1	Malignant neoplasm: Spermatic cord	2	C60-C63	1
C63.2	Malignant neoplasm: Scrotum	2	C60-C63	1
C63.7	Malignant neoplasm: Other specified male genital organs	2	C60-C63	1
C63.8	Malignant neoplasm: Overlapping lesion of male genital organs	2	C60-C63	1
C63.9	Malignant neoplasm: Male genital organ, unspecified	2	C60-C63	1
C64	Malignant neoplasm of kidney, except renal pelvis	2	C64-C68	1
C65	Malignant neoplasm of renal pelvis	2	C64-C68	1
C66	Malignant neoplasm of ureter	2	C64-C68	1
C67	Malignant neoplasm of bladder	2	C64-C68	0
C67.0	Malignant neoplasm: Trigone of bladder	2	C64-C68	1
C67.1	Malignant neoplasm: Dome of bladder	2	C64-C68	1
C67.2	Malignant neoplasm: Lateral wall of bladder	2	C64-C68	1
C67.3	Malignant neoplasm: Anterior wall of bladder	2	C64-C68	1
C67.4	Malignant neoplasm: Posterior wall of bladder	2	C64-C68	1
C67.5	Malignant neoplasm: Bladder neck	2	C64-C68	1
C67.6	Malignant neoplasm: Ureteric orifice	2	C64-C68	1
C67.7	Malignant neoplasm: Urachus	2	C64-C68	1
C67.8	Malignant neoplasm: Overlapping lesion of bladder	2	C64-C68	1
C67.9	Malignant neoplasm: Bladder, unspecified	2	C64-C68	1
C68	Malignant neoplasm of other and unspecified urinary organs	2	C64-C68	0
C68.0	Malignant neoplasm: Urethra	2	C64-C68	1
C68.1	Malignant neoplasm: Paraurethral gland	2	C64-C68	1
C68.8	Malignant neoplasm: Overlapping lesion of urinary organs	2	C64-C68	1
C68.9	Malignant neoplasm: Urinary organ, unspecified	2	C64-C68	1
C69	Malignant neoplasm of eye and adnexa	2	C69-C72	0
C69.0	Malignant neoplasm: Conjunctiva	2	C69-C72	1
C69.1	Malignant neoplasm: Cornea	2	C69-C72	1
C69.2	Malignant neoplasm: Retina	2	C69-C72	1
C69.3	Malignant neoplasm: Choroid	2	C69-C72	1
C69.4	Malignant neoplasm: Ciliary body	2	C69-C72	1
C69.5	Malignant neoplasm: Lacrimal gland and duct	2	C69-C72	1
C69.6	Malignant neoplasm: Orbit	2	C69-C72	1
C69.8	Malignant neoplasm: Overlapping lesion of eye and adnexa	2	C69-C72	1
C69.9	Malignant neoplasm: Eye, unspecified	2	C69-C72	1
C70	Malignant neoplasm of meninges	2	C69-C72	0
C70.0	Malignant neoplasm: Cerebral meninges	2	C69-C72	1
C70.1	Malignant neoplasm: Spinal meninges	2	C69-C72	1
C70.9	Malignant neoplasm: Meninges, unspecified	2	C69-C72	1
C71	Malignant neoplasm of brain	2	C69-C72	0
C71.0	Malignant neoplasm: Cerebrum, except lobes and ventricles	2	C69-C72	1
C71.1	Malignant neoplasm: Frontal lobe	2	C69-C72	1
C71.2	Malignant neoplasm: Temporal lobe	2	C69-C72	1
C71.3	Malignant neoplasm: Parietal lobe	2	C69-C72	1
C71.4	Malignant neoplasm: Occipital lobe	2	C69-C72	1
C71.5	Malignant neoplasm: Cerebral ventricle	2	C69-C72	1
C71.6	Malignant neoplasm: Cerebellum	2	C69-C72	1
C71.7	Malignant neoplasm: Brain stem	2	C69-C72	1
C71.8	Malignant neoplasm: Overlapping lesion of brain	2	C69-C72	1
C71.9	Malignant neoplasm: Brain, unspecified	2	C69-C72	1
C72	Malignant neoplasm of spinal cord, cranial nerves and other parts of central nervous system	2	C69-C72	0
C72.0	Malignant neoplasm: Spinal cord	2	C69-C72	1
C72.1	Malignant neoplasm: Cauda equina	2	C69-C72	1
C72.2	Malignant neoplasm: Olfactory nerve	2	C69-C72	1
C72.3	Malignant neoplasm: Optic nerve	2	C69-C72	1
C72.4	Malignant neoplasm: Acoustic nerve	2	C69-C72	1
C72.5	Malignant neoplasm: Other and unspecified cranial nerves	2	C69-C72	1
C72.8	Malignant neoplasm: Overlapping lesion of brain and other parts of central nervous system	2	C69-C72	1
C72.9	Malignant neoplasm: Central nervous system, unspecified	2	C69-C72	1
C73	Malignant neoplasm of thyroid gland	2	C73-C75	1
C74	Malignant neoplasm of adrenal gland	2	C73-C75	0
C74.0	Malignant neoplasm: Cortex of adrenal gland	2	C73-C75	1
C74.1	Malignant neoplasm: Medulla of adrenal gland	2	C73-C75	1
C74.9	Malignant neoplasm: Adrenal gland, unspecified	2	C73-C75	1
C75	Malignant neoplasm of other endocrine glands and related structures	2	C73-C75	0
C75.0	Malignant neoplasm: Parathyroid gland	2	C73-C75	1
C75.1	Malignant neoplasm: Pituitary gland	2	C73-C75	1
C75.2	Malignant neoplasm: Craniopharyngeal duct	2	C73-C75	1
C75.3	Malignant neoplasm: Pineal gland	2	C73-C75	1
C75.4	Malignant neoplasm: Carotid body	2	C73-C75	1
C75.5	Malignant neoplasm: Aortic body and other paraganglia	2	C73-C75	1
C75.8	Malignant neoplasm: Pluriglandular involvement, unspecified	2	C73-C75	1
C75.9	Malignant neoplasm: Endocrine gland, unspecified	2	C73-C75	1
C76	Malignant neoplasm of other and ill-defined sites	2	C76-C80	0
C76.0	Malignant neoplasm of other and ill-defined sites: Head, face and neck	2	C76-C80	1
C76.1	Malignant neoplasm of other and ill-defined sites: Thorax	2	C76-C80	1
C76.2	Malignant neoplasm of other and ill-defined sites: Abdomen	2	C76-C80	1
C76.3	Malignant neoplasm of other and ill-defined sites: Pelvis	2	C76-C80	1
C76.4	Malignant neoplasm of other and ill-defined sites: Upper limb	2	C76-C80	1
C76.5	Malignant neoplasm of other and ill-defined sites: Lower limb	2	C76-C80	1
C76.7	Malignant neoplasm of other and ill-defined sites: Other ill-defined sites	2	C76-C80	1
C76.8	Malignant neoplasm of other and ill-defined sites: Overlapping lesion of other and ill-defined sites	2	C76-C80	1
C77	Secondary and unspecified malignant neoplasm of lymph nodes	2	C76-C80	0
C77.0	Secondary and unspecified malignant neoplasm: Lymph nodes of head, face and neck	2	C76-C80	1
C77.1	Secondary and unspecified malignant neoplasm: Intrathoracic lymph nodes	2	C76-C80	1
C77.2	Secondary and unspecified malignant neoplasm: Intra-abdominal lymph nodes	2	C76-C80	1
C77.3	Secondary and unspecified malignant neoplasm: Axillary and upper limb lymph nodes	2	C76-C80	1
C77.4	Secondary and unspecified malignant neoplasm: Inguinal and lower limb lymph nodes	2	C76-C80	1
C77.5	Secondary and unspecified malignant neoplasm: Intrapelvic lymph nodes	2	C76-C80	1
C77.8	Secondary and unspecified malignant neoplasm: Lymph nodes of multiple regions	2	C76-C80	1
C77.9	Secondary and unspecified malignant neoplasm: Lymph node, unspecified	2	C76-C80	1
C78	Secondary malignant neoplasm of respiratory and digestive organs	2	C76-C80	0
C78.0	Secondary malignant neoplasm of lung	2	C76-C80	1
C78.1	Secondary malignant neoplasm of mediastinum	2	C76-C80	1
C78.2	Secondary malignant neoplasm of pleura	2	C76-C80	1
C78.3	Secondary malignant neoplasm of other and unspecified respiratory organs	2	C76-C80	1
C78.4	Secondary malignant neoplasm of small intestine	2	C76-C80	1
C78.5	Secondary malignant neoplasm of large intestine and rectum	2	C76-C80	1
C78.6	Secondary malignant neoplasm of retroperitoneum and peritoneum	2	C76-C80	1
C78.7	Secondary malignant neoplasm of liver and intrahepatic bile duct	2	C76-C80	1
C78.8	Secondary malignant neoplasm of other and unspecified digestive organs	2	C76-C80	1
C79	Secondary malignant neoplasm of other and unspecified sites	2	C76-C80	0
C79.0	Secondary malignant neoplasm of kidney and renal pelvis	2	C76-C80	1
C79.1	Secondary malignant neoplasm of bladder and other and unspecified urinary organs	2	C76-C80	1
C79.2	Secondary malignant neoplasm of skin	2	C76-C80	1
C79.3	Secondary malignant neoplasm of brain and cerebral meninges	2	C76-C80	1
C79.4	Secondary malignant neoplasm of other and unspecified parts of nervous system	2	C76-C80	1
C79.5	Secondary malignant neoplasm of bone and bone marrow	2	C76-C80	1
C79.6	Secondary malignant neoplasm of ovary	2	C76-C80	1
C79.7	Secondary malignant neoplasm of adrenal gland	2	C76-C80	1
C79.8	Secondary malignant neoplasm of other specified sites	2	C76-C80	1
C79.9	Secondary malignant neoplasm, unspecified site	2	C76-C80	1
C80	Malignant neoplasm, without specification of site	2	C76-C80	0
C80.0	Malignant neoplasm, primary site unknown, so stated	2	C76-C80	1
C80.9	Malignant neoplasm, primary site unspecified	2	C76-C80	1
C81	Hodgkin lymphoma	2	C81-C96	0
C81.0	Nodular lymphocyte predominant Hodgkin lymphoma	2	C81-C96	1
C81.1	Nodular sclerosis classical Hodgkin lymphoma	2	C81-C96	1
C81.2	Mixed cellularity classical Hodgkin lymphoma	2	C81-C96	1
C81.3	Lymphocyte depleted classical Hodgkin lymphoma	2	C81-C96	1
C81.4	Lymphocyte-rich (classical) Hodgkin lymphoma	2	C81-C96	1
C81.7	Other classical Hodgkin lymphoma	2	C81-C96	1
C81.9	Hodgkin lymphoma, unspecified	2	C81-C96	1
C82	Follicular lymphoma	2	C81-C96	0
C82.0	Follicular lymphoma grade I	2	C81-C96	1
C82.1	Follicular lymphoma grade II	2	C81-C96	1
C82.2	Follicular lymphoma grade III, unspecified	2	C81-C96	1
C82.3	Follicular lymphoma grade IIIa	2	C81-C96	1
C82.4	Follicular lymphoma grade IIIb	2	C81-C96	1
C82.5	Diffuse follicle centre lymphoma	2	C81-C96	1
C82.6	Cutaneous follicle centre lymphoma	2	C81-C96	1
C82.7	Other types of follicular lymphoma	2	C81-C96	1
C82.9	Follicular lymphoma, unspecified	2	C81-C96	1
C83	Non-follicular lymphoma	2	C81-C96	0
C83.0	Small cell B-cell lymphoma	2	C81-C96	1
C83.1	Mantle cell lymphoma	2	C81-C96	1
C83.3	Diffuse large B-cell lymphoma	2	C81-C96	1
C83.5	Lymphoblastic (diffuse) lymphoma	2	C81-C96	1
C83.7	Burkitt lymphoma	2	C81-C96	1
C83.8	Other non-follicular lymphoma	2	C81-C96	1
C83.9	Non-follicular (diffuse) lymphoma, unspecified	2	C81-C96	1
C84	Mature T/NK-cell lymphomas	2	C81-C96	0
C84.0	Mycosis fungoides	2	C81-C96	1
C84.1	Sézary disease	2	C81-C96	1
C84.4	Peripheral T-cell lymphoma, not elsewhere classified	2	C81-C96	1
C84.5	Other mature T/NK-cell lymphomas	2	C81-C96	1
C84.6	Anaplastic large cell lymphoma, ALK-positive	2	C81-C96	1
C84.7	Anaplastic large cell lymphoma, ALK-negative	2	C81-C96	1
C84.8	Cutaneous T-cell lymphoma, unspecified	2	C81-C96	1
C84.9	Mature T/NK-cell lymphoma, unspecified	2	C81-C96	1
C85	Other and unspecified types of non-Hodgkin lymphoma	2	C81-C96	0
C85.1	B-cell lymphoma, unspecified	2	C81-C96	1
C85.2	Mediastinal (thymic) large B-cell lymphoma	2	C81-C96	1
C85.7	Other specified types of non-Hodgkin lymphoma	2	C81-C96	1
C85.9	Non-Hodgkin lymphoma, unspecified	2	C81-C96	1
C86	Other specified types of T/NK-cell lymphoma	2	C81-C96	0
C86.0	Extranodal NK/T-cell lymphoma, nasal type	2	C81-C96	1
C86.1	Hepatosplenic T-cell lymphoma	2	C81-C96	1
C86.2	Enteropathy-type (intestinal) T-cell lymphoma	2	C81-C96	1
C86.3	Subcutaneous panniculitis-like T-cell lymphoma	2	C81-C96	1
C86.4	Blastic NK-cell lymphoma	2	C81-C96	1
C86.5	Angioimmunoblastic T-cell lymphoma	2	C81-C96	1
C86.6	Primary cutaneous CD30-positive T-cell proliferations	2	C81-C96	1
C88	Malignant immunoproliferative diseases	2	C81-C96	0
C88.0	Waldenström macroglobulinaemia	2	C81-C96	1
C88.2	Other heavy chain disease	2	C81-C96	1
C88.3	Immunoproliferative small intestinal disease	2	C81-C96	1
C88.4	Extranodal marginal zone B-cell lymphoma of mucosa-associated lymphoid tissue [MALT-lyphoma]	2	C81-C96	1
C88.7	Other malignant immunoproliferative diseases	2	C81-C96	1
C88.9	Malignant immunoproliferative disease, unspecified	2	C81-C96	1
C90	Multiple myeloma and malignant plasma cell neoplasms	2	C81-C96	0
C90.0	Multiple myeloma	2	C81-C96	1
C90.1	Plasma cell leukaemia	2	C81-C96	1
C90.2	Extramedullary plasmacytoma	2	C81-C96	1
C90.3	Solitary plasmacytoma	2	C81-C96	1
C91	Lymphoid leukaemia	2	C81-C96	0
C91.0	Acute lymphoblastic leukaemia [ALL]	2	C81-C96	1
C91.1	Chronic lymphocytic leukaemia of B-cell type	2	C81-C96	1
C91.3	Prolymphocytic leukaemia of B-cell type	2	C81-C96	1
C91.4	Hairy-cell leukaemia	2	C81-C96	1
C91.5	Adult T-cell lymphoma/leukaemia [HTLV-1-associated]	2	C81-C96	1
C91.6	Prolymphocytic leukaemia of T-cell type	2	C81-C96	1
C91.7	Other lymphoid leukaemia	2	C81-C96	1
C91.8	Mature B-cell leukaemia Burkitt-type	2	C81-C96	1
C91.9	Lymphoid leukaemia, unspecified	2	C81-C96	1
C92	Myeloid leukaemia	2	C81-C96	0
C92.0	Acute myeloblastic leukaemia [AML]	2	C81-C96	1
C92.1	Chronic myeloid leukaemia [CML], BCR/ABL-positive	2	C81-C96	1
C92.2	Atypical chronic myeloid leukaemia, BCR/ABL- negative	2	C81-C96	1
C92.3	Myeloid sarcoma	2	C81-C96	1
C92.4	Acute promyelocytic leukaemia [PML]	2	C81-C96	1
C92.5	Acute myelomonocytic leukaemia	2	C81-C96	1
C92.6	Acute myeloid leukaemia with 11q23-abnormality	2	C81-C96	1
C92.7	Other myeloid leukaemia	2	C81-C96	1
C92.8	Acute myeloid leukaemia with multilineage dysplasia	2	C81-C96	1
C92.9	Myeloid leukaemia, unspecified	2	C81-C96	1
C93	Monocytic leukaemia	2	C81-C96	0
C93.0	Acute monoblastic/monocytic leukaemia	2	C81-C96	1
C93.1	Chronic myelomonocytic leukaemia	2	C81-C96	1
C93.3	Juvenile myelomonocytic leukaemia	2	C81-C96	1
C93.7	Other monocytic leukaemia	2	C81-C96	1
C93.9	Monocytic leukaemia, unspecified	2	C81-C96	1
C94	Other leukaemias of specified cell type	2	C81-C96	0
C94.0	Acute erythroid leukaemia	2	C81-C96	1
C94.2	Acute megakaryoblastic leukaemia	2	C81-C96	1
C94.3	Mast cell leukaemia	2	C81-C96	1
C94.4	Acute panmyelosis with myelofibrosis	2	C81-C96	1
C94.6	Myelodysplastic and myeloproliferative disease, not elsewhere classified	2	C81-C96	1
C94.7	Other specified leukaemias	2	C81-C96	1
C95	Leukaemia of unspecified cell type	2	C81-C96	0
C95.0	Acute leukaemia of unspecified cell type	2	C81-C96	1
C95.1	Chronic leukaemia of unspecified cell type	2	C81-C96	1
C95.7	Other leukaemia of unspecified cell type	2	C81-C96	1
C95.9	Leukaemia, unspecified	2	C81-C96	1
C96	Other and unspecified malignant neoplasms of lymphoid, haematopoietic and related tissue	2	C81-C96	0
C96.0	Multifocal and multisystemic (disseminated) Langerhans-cell histiocytosis [Letterer-Siwe disease]	2	C81-C96	1
C96.2	Malignant mast cell tumour	2	C81-C96	1
C96.4	Sarcoma of dendritic cells (accessory cells)	2	C81-C96	1
C96.5	Multifocal and unisystemic Langerhans-cell histiocytosis	2	C81-C96	1
C96.6	Unifocal Langerhans-cell histiocytosis	2	C81-C96	1
C96.7	Other specified malignant neoplasms of lymphoid, haematopoietic and related tissue	2	C81-C96	1
C96.8	Histiocytic sarcoma	2	C81-C96	1
C96.9	Malignant neoplasm of lymphoid, haematopoietic and related tissue, unspecified	2	C81-C96	1
C97	Malignant neoplasms of independent (primary) multiple sites	2	C97-C97	1
D00	Carcinoma in situ of oral cavity, oesophagus and stomach	2	D00-D09	0
D00.0	Carcinoma in situ: Lip, oral cavity and pharynx	2	D00-D09	1
D00.1	Carcinoma in situ: Oesophagus	2	D00-D09	1
D00.2	Carcinoma in situ: Stomach	2	D00-D09	1
D01	Carcinoma in situ of other and unspecified digestive organs	2	D00-D09	0
D01.0	Carcinoma in situ: Colon	2	D00-D09	1
D01.1	Carcinoma in situ: Rectosigmoid junction	2	D00-D09	1
D01.2	Carcinoma in situ: Rectum	2	D00-D09	1
D01.3	Carcinoma in situ: Anus and anal canal	2	D00-D09	1
D01.4	Carcinoma in situ: Other and unspecified parts of intestine	2	D00-D09	1
D01.5	Carcinoma in situ: Liver, gallbladder and bile ducts	2	D00-D09	1
D01.7	Carcinoma in situ: Other specified digestive organs	2	D00-D09	1
D01.9	Carcinoma in situ: Digestive organ, unspecified	2	D00-D09	1
D02	Carcinoma in situ of middle ear and respiratory system	2	D00-D09	0
D02.0	Carcinoma in situ: Larynx	2	D00-D09	1
D02.1	Carcinoma in situ: Trachea	2	D00-D09	1
D02.2	Carcinoma in situ: Bronchus and lung	2	D00-D09	1
D02.3	Carcinoma in situ: Other parts of respiratory system	2	D00-D09	1
D02.4	Carcinoma in situ: Respiratory system, unspecified	2	D00-D09	1
D03	Melanoma in situ	2	D00-D09	0
D03.0	Melanoma in situ of lip	2	D00-D09	1
D03.1	Melanoma in situ of eyelid, including canthus	2	D00-D09	1
D03.2	Melanoma in situ of ear and external auricular canal	2	D00-D09	1
D03.3	Melanoma in situ of other and unspecified parts of face	2	D00-D09	1
D03.4	Melanoma in situ of scalp and neck	2	D00-D09	1
D03.5	Melanoma in situ of trunk	2	D00-D09	1
D03.6	Melanoma in situ of upper limb, including shoulder	2	D00-D09	1
D03.7	Melanoma in situ of lower limb, including hip	2	D00-D09	1
D03.8	Melanoma in situ of other sites	2	D00-D09	1
D03.9	Melanoma in situ, unspecified	2	D00-D09	1
D04	Carcinoma in situ of skin	2	D00-D09	0
D04.0	Carcinoma in situ: Skin of lip	2	D00-D09	1
D04.1	Carcinoma in situ: Skin of eyelid, including canthus	2	D00-D09	1
D04.2	Carcinoma in situ: Skin of ear and external auricular canal	2	D00-D09	1
D04.3	Carcinoma in situ: Skin of other and unspecified parts of face	2	D00-D09	1
D04.4	Carcinoma in situ: Skin of scalp and neck	2	D00-D09	1
D04.5	Carcinoma in situ: Skin of trunk	2	D00-D09	1
D04.6	Carcinoma in situ: Skin of upper limb, including shoulder	2	D00-D09	1
D04.7	Carcinoma in situ: Skin of lower limb, including hip	2	D00-D09	1
D04.8	Carcinoma in situ: Skin of other sites	2	D00-D09	1
D04.9	Carcinoma in situ: Skin, unspecified	2	D00-D09	1
D05	Carcinoma in situ of breast	2	D00-D09	0
D05.0	Lobular carcinoma in situ	2	D00-D09	1
D05.1	Intraductal carcinoma in situ	2	D00-D09	1
D05.7	Other carcinoma in situ of breast	2	D00-D09	1
D05.9	Carcinoma in situ of breast, unspecified	2	D00-D09	1
D06	Carcinoma in situ of cervix uteri	2	D00-D09	0
D06.0	Carcinoma in situ: Endocervix	2	D00-D09	1
D06.1	Carcinoma in situ: Exocervix	2	D00-D09	1
D06.7	Carcinoma in situ: Other parts of cervix	2	D00-D09	1
D06.9	Carcinoma in situ: Cervix, unspecified	2	D00-D09	1
D07	Carcinoma in situ of other and unspecified genital organs	2	D00-D09	0
D07.0	Carcinoma in situ: Endometrium	2	D00-D09	1
D07.1	Carcinoma in situ: Vulva	2	D00-D09	1
D07.2	Carcinoma in situ: Vagina	2	D00-D09	1
D07.3	Carcinoma in situ: Other and unspecified female genital organs	2	D00-D09	1
D07.4	Carcinoma in situ: Penis	2	D00-D09	1
D07.5	Carcinoma in situ: Prostate	2	D00-D09	1
D07.6	Carcinoma in situ: Other and unspecified male genital organs	2	D00-D09	1
D09	Carcinoma in situ of other and unspecified sites	2	D00-D09	0
D09.0	Carcinoma in situ: Bladder	2	D00-D09	1
D09.1	Carcinoma in situ: Other and unspecified urinary organs	2	D00-D09	1
D09.2	Carcinoma in situ: Eye	2	D00-D09	1
D09.3	Carcinoma in situ: Thyroid and other endocrine glands	2	D00-D09	1
D09.7	Carcinoma in situ of other specified sites	2	D00-D09	1
D09.9	Carcinoma in situ, unspecified	2	D00-D09	1
D10	Benign neoplasm of mouth and pharynx	2	D10-D36	0
D10.0	Benign neoplasm: Lip	2	D10-D36	1
D10.1	Benign neoplasm: Tongue	2	D10-D36	1
D10.2	Benign neoplasm: Floor of mouth	2	D10-D36	1
D10.3	Benign neoplasm: Other and unspecified parts of mouth	2	D10-D36	1
D10.4	Benign neoplasm: Tonsil	2	D10-D36	1
D10.5	Benign neoplasm: Other parts of oropharynx	2	D10-D36	1
D10.6	Benign neoplasm: Nasopharynx	2	D10-D36	1
D10.7	Benign neoplasm: Hypopharynx	2	D10-D36	1
D10.9	Benign neoplasm: Pharynx, unspecified	2	D10-D36	1
D11	Benign neoplasm of major salivary glands	2	D10-D36	0
D11.0	Benign neoplasm: Parotid gland	2	D10-D36	1
D11.7	Benign neoplasm: Other major salivary glands	2	D10-D36	1
D11.9	Benign neoplasm: Major salivary gland, unspecified	2	D10-D36	1
D12	Benign neoplasm of colon, rectum, anus and anal canal	2	D10-D36	0
D12.0	Benign neoplasm: Caecum	2	D10-D36	1
D12.1	Benign neoplasm: Appendix	2	D10-D36	1
D12.2	Benign neoplasm: Ascending colon	2	D10-D36	1
D12.3	Benign neoplasm: Transverse colon	2	D10-D36	1
D12.4	Benign neoplasm: Descending colon	2	D10-D36	1
D12.5	Benign neoplasm: Sigmoid colon	2	D10-D36	1
D12.6	Benign neoplasm: Colon, unspecified	2	D10-D36	1
D12.7	Benign neoplasm: Rectosigmoid junction	2	D10-D36	1
D12.8	Benign neoplasm: Rectum	2	D10-D36	1
D12.9	Benign neoplasm: Anus and anal canal	2	D10-D36	1
D13	Benign neoplasm of other and ill-defined parts of digestive system	2	D10-D36	0
D13.0	Benign neoplasm: Oesophagus	2	D10-D36	1
D13.1	Benign neoplasm: Stomach	2	D10-D36	1
D13.2	Benign neoplasm: Duodenum	2	D10-D36	1
D13.3	Benign neoplasm: Other and unspecified parts of small intestine	2	D10-D36	1
D13.4	Benign neoplasm: Liver	2	D10-D36	1
D13.5	Benign neoplasm: Extrahepatic bile ducts	2	D10-D36	1
D13.6	Benign neoplasm: Pancreas	2	D10-D36	1
D13.7	Benign neoplasm: Endocrine pancreas	2	D10-D36	1
D13.9	Benign neoplasm: Ill-defined sites within the digestive system	2	D10-D36	1
D14	Benign neoplasm of middle ear and respiratory system	2	D10-D36	0
D14.0	Benign neoplasm: Middle ear, nasal cavity and accessory sinuses	2	D10-D36	1
D14.1	Benign neoplasm: Larynx	2	D10-D36	1
D14.2	Benign neoplasm: Trachea	2	D10-D36	1
D14.3	Benign neoplasm: Bronchus and lung	2	D10-D36	1
D14.4	Benign neoplasm: Respiratory system, unspecified	2	D10-D36	1
D15	Benign neoplasm of other and unspecified intrathoracic organs	2	D10-D36	0
D15.0	Benign neoplasm: Thymus	2	D10-D36	1
D15.1	Benign neoplasm: Heart	2	D10-D36	1
D15.2	Benign neoplasm: Mediastinum	2	D10-D36	1
D15.7	Benign neoplasm: Other specified intrathoracic organs	2	D10-D36	1
D15.9	Benign neoplasm: Intrathoracic organ, unspecified	2	D10-D36	1
D16	Benign neoplasm of bone and articular cartilage	2	D10-D36	0
D16.0	Benign neoplasm: Scapula and long bones of upper limb	2	D10-D36	1
D16.1	Benign neoplasm: Short bones of upper limb	2	D10-D36	1
D16.2	Benign neoplasm: Long bones of lower limb	2	D10-D36	1
D16.3	Benign neoplasm: Short bones of lower limb	2	D10-D36	1
D16.4	Benign neoplasm: Bones of skull and face	2	D10-D36	1
D16.5	Benign neoplasm: Lower jaw bone	2	D10-D36	1
D16.6	Benign neoplasm: Vertebral column	2	D10-D36	1
D16.7	Benign neoplasm: Ribs, sternum and clavicle	2	D10-D36	1
D16.8	Benign neoplasm: Pelvic bones, sacrum and coccyx	2	D10-D36	1
D16.9	Benign neoplasm: Bone and articular cartilage, unspecified	2	D10-D36	1
D17	Benign lipomatous neoplasm	2	D10-D36	0
D17.0	Benign lipomatous neoplasm of skin and subcutaneous tissue of head, face and neck	2	D10-D36	1
D17.1	Benign lipomatous neoplasm of skin and subcutaneous tissue of trunk	2	D10-D36	1
D17.2	Benign lipomatous neoplasm of skin and subcutaneous tissue of limbs	2	D10-D36	1
D17.3	Benign lipomatous neoplasm of skin and subcutaneous tissue of other and unspecified sites	2	D10-D36	1
D17.4	Benign lipomatous neoplasm of intrathoracic organs	2	D10-D36	1
D17.5	Benign lipomatous neoplasm of intra-abdominal organs	2	D10-D36	1
D17.6	Benign lipomatous neoplasm of spermatic cord	2	D10-D36	1
D17.7	Benign lipomatous neoplasm of other sites	2	D10-D36	1
D17.9	Benign lipomatous neoplasm, unspecified	2	D10-D36	1
D18	Haemangioma and lymphangioma, any site	2	D10-D36	0
D18.0	Haemangioma, any site	2	D10-D36	1
D18.1	Lymphangioma, any site	2	D10-D36	1
D19	Benign neoplasm of mesothelial tissue	2	D10-D36	0
D19.0	Benign neoplasm: Mesothelial tissue of pleura	2	D10-D36	1
D19.1	Benign neoplasm: Mesothelial tissue of peritoneum	2	D10-D36	1
D19.7	Benign neoplasm: Mesothelial tissue of other sites	2	D10-D36	1
D19.9	Benign neoplasm: Mesothelial tissue, unspecified	2	D10-D36	1
D20	Benign neoplasm of soft tissue of retroperitoneum and peritoneum	2	D10-D36	0
D20.0	Benign neoplasm: Retroperitoneum	2	D10-D36	1
D20.1	Benign neoplasm: Peritoneum	2	D10-D36	1
D21	Other benign neoplasms of connective and other soft tissue	2	D10-D36	0
D21.0	Benign neoplasm: Connective and other soft tissue of head, face and neck	2	D10-D36	1
D21.1	Benign neoplasm: Connective and other soft tissue of upper limb, including shoulder	2	D10-D36	1
D21.2	Benign neoplasm: Connective and other soft tissue of lower limb, including hip	2	D10-D36	1
D21.3	Benign neoplasm: Connective and other soft tissue of thorax	2	D10-D36	1
D21.4	Benign neoplasm: Connective and other soft tissue of abdomen	2	D10-D36	1
D21.5	Benign neoplasm: Connective and other soft tissue of pelvis	2	D10-D36	1
D21.6	Benign neoplasm: Connective and other soft tissue of trunk, unspecified	2	D10-D36	1
D21.9	Benign neoplasm: Connective and other soft tissue, unspecified	2	D10-D36	1
D22	Melanocytic naevi	2	D10-D36	0
D22.0	Melanocytic naevi of lip	2	D10-D36	1
D22.1	Melanocytic naevi of eyelid, including canthus	2	D10-D36	1
D22.2	Melanocytic naevi of ear and external auricular canal	2	D10-D36	1
D22.3	Melanocytic naevi of other and unspecified parts of face	2	D10-D36	1
D22.4	Melanocytic naevi of scalp and neck	2	D10-D36	1
D22.5	Melanocytic naevi of trunk	2	D10-D36	1
D22.6	Melanocytic naevi of upper limb, including shoulder	2	D10-D36	1
D22.7	Melanocytic naevi of lower limb, including hip	2	D10-D36	1
D22.9	Melanocytic naevi, unspecified	2	D10-D36	1
D23	Other benign neoplasms of skin	2	D10-D36	0
D23.0	Benign neoplasm: Skin of lip	2	D10-D36	1
D23.1	Benign neoplasm: Skin of eyelid, including canthus	2	D10-D36	1
D23.2	Benign neoplasm: Skin of ear and external auricular canal	2	D10-D36	1
D23.3	Benign neoplasm: Skin of other and unspecified parts of face	2	D10-D36	1
D23.4	Benign neoplasm: Skin of scalp and neck	2	D10-D36	1
D23.5	Benign neoplasm: Skin of trunk	2	D10-D36	1
D23.6	Benign neoplasm: Skin of upper limb, including shoulder	2	D10-D36	1
D23.7	Benign neoplasm: Skin of lower limb, including hip	2	D10-D36	1
D23.9	Benign neoplasm: Skin, unspecified	2	D10-D36	1
D24	Benign neoplasm of breast	2	D10-D36	1
D25	Leiomyoma of uterus	2	D10-D36	0
D25.0	Submucous leiomyoma of uterus	2	D10-D36	1
D25.1	Intramural leiomyoma of uterus	2	D10-D36	1
D25.2	Subserosal leiomyoma of uterus	2	D10-D36	1
D25.9	Leiomyoma of uterus, unspecified	2	D10-D36	1
D26	Other benign neoplasms of uterus	2	D10-D36	0
D26.0	Other benign neoplasm: Cervix uteri	2	D10-D36	1
D26.1	Other benign neoplasm: Corpus uteri	2	D10-D36	1
D26.7	Other benign neoplasm: Other parts of uterus	2	D10-D36	1
D26.9	Other benign neoplasm: Uterus, unspecified	2	D10-D36	1
D27	Benign neoplasm of ovary	2	D10-D36	1
D28	Benign neoplasm of other and unspecified female genital organs	2	D10-D36	0
D28.0	Benign neoplasm: Vulva	2	D10-D36	1
D28.1	Benign neoplasm: Vagina	2	D10-D36	1
D28.2	Benign neoplasm: Uterine tubes and ligaments	2	D10-D36	1
D28.7	Benign neoplasm: Other specified female genital organs	2	D10-D36	1
D28.9	Benign neoplasm: Female genital organ, unspecified	2	D10-D36	1
D29	Benign neoplasm of male genital organs	2	D10-D36	0
D29.0	Benign neoplasm: Penis	2	D10-D36	1
D29.1	Benign neoplasm: Prostate	2	D10-D36	1
D29.2	Benign neoplasm: Testis	2	D10-D36	1
D29.3	Benign neoplasm: Epididymis	2	D10-D36	1
D29.4	Benign neoplasm: Scrotum	2	D10-D36	1
D29.7	Benign neoplasm: Other male genital organs	2	D10-D36	1
D29.9	Benign neoplasm: Male genital organ, unspecified	2	D10-D36	1
D30	Benign neoplasm of urinary organs	2	D10-D36	0
D30.0	Benign neoplasm: Kidney	2	D10-D36	1
D30.1	Benign neoplasm: Renal pelvis	2	D10-D36	1
D30.2	Benign neoplasm: Ureter	2	D10-D36	1
D30.3	Benign neoplasm: Bladder	2	D10-D36	1
D30.4	Benign neoplasm: Urethra	2	D10-D36	1
D30.7	Benign neoplasm: Other urinary organs	2	D10-D36	1
D30.9	Benign neoplasm: Urinary organ, unspecified	2	D10-D36	1
D31	Benign neoplasm of eye and adnexa	2	D10-D36	0
D31.0	Benign neoplasm: Conjunctiva	2	D10-D36	1
D31.1	Benign neoplasm: Cornea	2	D10-D36	1
D31.2	Benign neoplasm: Retina	2	D10-D36	1
D31.3	Benign neoplasm: Choroid	2	D10-D36	1
D31.4	Benign neoplasm: Ciliary body	2	D10-D36	1
D31.5	Benign neoplasm: Lacrimal gland and duct	2	D10-D36	1
D31.6	Benign neoplasm: Orbit, unspecified	2	D10-D36	1
D31.9	Benign neoplasm: Eye, unspecified	2	D10-D36	1
D32	Benign neoplasm of meninges	2	D10-D36	0
D32.0	Benign neoplasm: Cerebral meninges	2	D10-D36	1
D32.1	Benign neoplasm: Spinal meninges	2	D10-D36	1
D32.9	Benign neoplasm: Meninges, unspecified	2	D10-D36	1
D33	Benign neoplasm of brain and other parts of central nervous system	2	D10-D36	0
D33.0	Benign neoplasm: Brain, supratentorial	2	D10-D36	1
D33.1	Benign neoplasm: Brain, infratentorial	2	D10-D36	1
D33.2	Benign neoplasm: Brain, unspecified	2	D10-D36	1
D33.3	Benign neoplasm: Cranial nerves	2	D10-D36	1
D33.4	Benign neoplasm: Spinal cord	2	D10-D36	1
D33.7	Benign neoplasm: Other specified parts of central nervous system	2	D10-D36	1
D33.9	Benign neoplasm: Central nervous system, unspecified	2	D10-D36	1
D34	Benign neoplasm of thyroid gland	2	D10-D36	1
D35	Benign neoplasm of other and unspecified endocrine glands	2	D10-D36	0
D35.0	Benign neoplasm: Adrenal gland	2	D10-D36	1
D35.1	Benign neoplasm: Parathyroid gland	2	D10-D36	1
D35.2	Benign neoplasm: Pituitary gland	2	D10-D36	1
D35.3	Benign neoplasm: Craniopharyngeal duct	2	D10-D36	1
D35.4	Benign neoplasm: Pineal gland	2	D10-D36	1
D35.5	Benign neoplasm: Carotid body	2	D10-D36	1
D35.6	Benign neoplasm: Aortic body and other paraganglia	2	D10-D36	1
D35.7	Benign neoplasm: Other specified endocrine glands	2	D10-D36	1
D35.8	Benign neoplasm: Pluriglandular involvement	2	D10-D36	1
D35.9	Benign neoplasm: Endocrine gland, unspecified	2	D10-D36	1
D36	Benign neoplasm of other and unspecified sites	2	D10-D36	0
D36.0	Benign neoplasm: Lymph nodes	2	D10-D36	1
D36.1	Benign neoplasm: Peripheral nerves and autonomic nervous system	2	D10-D36	1
D36.7	Benign neoplasm: Other specified sites	2	D10-D36	1
D36.9	Benign neoplasm: Benign neoplasm of unspecified site	2	D10-D36	1
D37	Neoplasm of uncertain or unknown behaviour of oral cavity and digestive organs	2	D37-D48	0
D37.0	Neoplasm of uncertain or unknown behaviour: Lip, oral cavity and pharynx	2	D37-D48	1
D37.1	Neoplasm of uncertain or unknown behaviour: Stomach	2	D37-D48	1
D37.2	Neoplasm of uncertain or unknown behaviour: Small intestine	2	D37-D48	1
D37.3	Neoplasm of uncertain or unknown behaviour: Appendix	2	D37-D48	1
D37.4	Neoplasm of uncertain or unknown behaviour: Colon	2	D37-D48	1
D37.5	Neoplasm of uncertain or unknown behaviour: Rectum	2	D37-D48	1
D37.6	Neoplasm of uncertain or unknown behaviour: Liver, gallbladder and bile ducts	2	D37-D48	1
D37.7	Neoplasm of uncertain or unknown behaviour: Other digestive organs	2	D37-D48	1
D37.9	Neoplasm of uncertain or unknown behaviour: Digestive organ, unspecified	2	D37-D48	1
D38	Neoplasm of uncertain or unknown behaviour of middle ear and respiratory and intrathoracic organs	2	D37-D48	0
D38.0	Neoplasm of uncertain or unknown behaviour: Larynx	2	D37-D48	1
D38.1	Neoplasm of uncertain or unknown behaviour: Trachea, bronchus and lung	2	D37-D48	1
D38.2	Neoplasm of uncertain or unknown behaviour: Pleura	2	D37-D48	1
D38.3	Neoplasm of uncertain or unknown behaviour: Mediastinum	2	D37-D48	1
D38.4	Neoplasm of uncertain or unknown behaviour: Thymus	2	D37-D48	1
D38.5	Neoplasm of uncertain or unknown behaviour: Other respiratory organs	2	D37-D48	1
D38.6	Neoplasm of uncertain or unknown behaviour: Respiratory organ, unspecified	2	D37-D48	1
D39	Neoplasm of uncertain or unknown behaviour of female genital organs	2	D37-D48	0
D39.0	Neoplasm of uncertain or unknown behaviour: Uterus	2	D37-D48	1
D39.1	Neoplasm of uncertain or unknown behaviour: Ovary	2	D37-D48	1
D39.2	Neoplasm of uncertain or unknown behaviour: Placenta	2	D37-D48	1
D39.7	Neoplasm of uncertain or unknown behaviour: Other female genital organs	2	D37-D48	1
D39.9	Neoplasm of uncertain or unknown behaviour: Female genital organ, unspecified	2	D37-D48	1
D40	Neoplasm of uncertain or unknown behaviour of male genital organs	2	D37-D48	0
D40.0	Neoplasm of uncertain or unknown behaviour: Prostate	2	D37-D48	1
D40.1	Neoplasm of uncertain or unknown behaviour: Testis	2	D37-D48	1
D40.7	Neoplasm of uncertain or unknown behaviour: Other male genital organs	2	D37-D48	1
D40.9	Neoplasm of uncertain or unknown behaviour: Male genital organ, unspecified	2	D37-D48	1
D41	Neoplasm of uncertain or unknown behaviour of urinary organs	2	D37-D48	0
D41.0	Neoplasm of uncertain or unknown behaviour: Kidney	2	D37-D48	1
D41.1	Neoplasm of uncertain or unknown behaviour: Renal pelvis	2	D37-D48	1
D41.2	Neoplasm of uncertain or unknown behaviour: Ureter	2	D37-D48	1
D41.3	Neoplasm of uncertain or unknown behaviour: Urethra	2	D37-D48	1
D41.4	Neoplasm of uncertain or unknown behaviour: Bladder	2	D37-D48	1
D41.7	Neoplasm of uncertain or unknown behaviour: Other urinary organs	2	D37-D48	1
D41.9	Neoplasm of uncertain or unknown behaviour: Urinary organ, unspecified	2	D37-D48	1
D42	Neoplasm of uncertain or unknown behaviour of meninges	2	D37-D48	0
D42.0	Neoplasm of uncertain or unknown behaviour: Cerebral meninges	2	D37-D48	1
D42.1	Neoplasm of uncertain or unknown behaviour: Spinal meninges	2	D37-D48	1
D42.9	Neoplasm of uncertain or unknown behaviour: Meninges, unspecified	2	D37-D48	1
D43	Neoplasm of uncertain or unknown behaviour of brain and central nervous system	2	D37-D48	0
D43.0	Neoplasm of uncertain or unknown behaviour: Brain, supratentorial	2	D37-D48	1
D43.1	Neoplasm of uncertain or unknown behaviour: Brain, infratentorial	2	D37-D48	1
D43.2	Neoplasm of uncertain or unknown behaviour: Brain, unspecified	2	D37-D48	1
D43.3	Neoplasm of uncertain or unknown behaviour: Cranial nerves	2	D37-D48	1
D43.4	Neoplasm of uncertain or unknown behaviour: Spinal cord	2	D37-D48	1
D43.7	Neoplasm of uncertain or unknown behaviour: Other parts of central nervous system	2	D37-D48	1
D43.9	Neoplasm of uncertain or unknown behaviour: Central nervous system, unspecified	2	D37-D48	1
D44	Neoplasm of uncertain or unknown behaviour of endocrine glands	2	D37-D48	0
D44.0	Neoplasm of uncertain or unknown behaviour: Thyroid gland	2	D37-D48	1
D44.1	Neoplasm of uncertain or unknown behaviour: Adrenal gland	2	D37-D48	1
D44.2	Neoplasm of uncertain or unknown behaviour: Parathyroid gland	2	D37-D48	1
D44.3	Neoplasm of uncertain or unknown behaviour: Pituitary gland	2	D37-D48	1
D44.4	Neoplasm of uncertain or unknown behaviour: Craniopharyngeal duct	2	D37-D48	1
D44.5	Neoplasm of uncertain or unknown behaviour: Pineal gland	2	D37-D48	1
D44.6	Neoplasm of uncertain or unknown behaviour: Carotid body	2	D37-D48	1
D44.7	Neoplasm of uncertain or unknown behaviour: Aortic body and other paraganglia	2	D37-D48	1
D44.8	Neoplasm of uncertain or unknown behaviour: Pluriglandular involvement	2	D37-D48	1
D44.9	Neoplasm of uncertain or unknown behaviour: Endocrine gland, unspecified	2	D37-D48	1
D45	Polycythaemia vera	2	D37-D48	1
D46	Myelodysplastic syndromes	2	D37-D48	0
D46.0	Refractory anaemia without ring sideroblasts, so stated	2	D37-D48	1
D46.1	Refractory anaemia with ring sideroblasts	2	D37-D48	1
D46.2	Refractory anaemia with excess of blasts [RAEB]	2	D37-D48	1
D46.4	Refractory anaemia, unspecified	2	D37-D48	1
D46.5	Refractory anaemia with multi-lineage dysplasia	2	D37-D48	1
D46.6	Myelodysplastic syndrome with isolated del(5q) chromosomal abnormality	2	D37-D48	1
D46.7	Other myelodysplastic syndromes	2	D37-D48	1
D46.9	Myelodysplastic syndrome, unspecified	2	D37-D48	1
D47	Other neoplasms of uncertain or unknown behaviour of lymphoid, haematopoietic and related tissue	2	D37-D48	0
D47.0	Histiocytic and mast cell tumours of uncertain and unknown behaviour	2	D37-D48	1
D47.1	Chronic myeloproliferative disease	2	D37-D48	1
D47.2	Monoclonal gammopathy of undetermined significance (MGUS)	2	D37-D48	1
D47.3	Essential (haemorrhagic) thrombocythaemia	2	D37-D48	1
D47.4	Osteomyelofibrosis	2	D37-D48	1
D47.5	Chronic eosinophilic leukaemia [hypereosinophilic syndrome]	2	D37-D48	1
D47.7	Other specified neoplasms of uncertain or unknown behaviour of lymphoid, haematopoietic and related tissue	2	D37-D48	1
D47.9	Neoplasm of uncertain or unknown behaviour of lymphoid, haematopoietic and related tissue, unspecified	2	D37-D48	1
D48	Neoplasm of uncertain or unknown behaviour of other and unspecified sites	2	D37-D48	0
D48.0	Neoplasm of uncertain or unknown behaviour: Bone and articular cartilage	2	D37-D48	1
D48.1	Neoplasm of uncertain or unknown behaviour: Connective and other soft tissue	2	D37-D48	1
D48.2	Neoplasm of uncertain or unknown behaviour: Peripheral nerves and autonomic nervous system	2	D37-D48	1
D48.3	Neoplasm of uncertain or unknown behaviour: Retroperitoneum	2	D37-D48	1
D48.4	Neoplasm of uncertain or unknown behaviour: Peritoneum	2	D37-D48	1
D48.5	Neoplasm of uncertain or unknown behaviour: Skin	2	D37-D48	1
D48.6	Neoplasm of uncertain or unknown behaviour: Breast	2	D37-D48	1
D48.7	Neoplasm of uncertain or unknown behaviour: Other specified sites	2	D37-D48	1
D48.9	Neoplasm of uncertain or unknown behaviour: Neoplasm of uncertain or unknown behaviour, unspecified	2	D37-D48	1
D50	Iron deficiency anaemia	3	D50-D53	0
D50.0	Iron deficiency anaemia secondary to blood loss (chronic)	3	D50-D53	1
D50.1	Sideropenic dysphagia	3	D50-D53	1
D50.8	Other iron deficiency anaemias	3	D50-D53	1
D50.9	Iron deficiency anaemia, unspecified	3	D50-D53	1
D51	Vitamin B12 deficiency anaemia	3	D50-D53	0
D51.0	Vitamin B12 deficiency anaemia due to intrinsic factor deficiency	3	D50-D53	1
D51.1	Vitamin B12 deficiency anaemia due to selective vitamin B12 malabsorption with proteinuria	3	D50-D53	1
D51.2	Transcobalamin II deficiency	3	D50-D53	1
D51.3	Other dietary vitamin B12 deficiency anaemia	3	D50-D53	1
D51.8	Other vitamin B12 deficiency anaemias	3	D50-D53	1
D51.9	Vitamin B12 deficiency anaemia, unspecified	3	D50-D53	1
D52	Folate deficiency anaemia	3	D50-D53	0
D52.0	Dietary folate deficiency anaemia	3	D50-D53	1
D52.1	Drug-induced folate deficiency anaemia	3	D50-D53	1
D52.8	Other folate deficiency anaemias	3	D50-D53	1
D52.9	Folate deficiency anaemia, unspecified	3	D50-D53	1
D53	Other nutritional anaemias	3	D50-D53	0
D53.0	Protein deficiency anaemia	3	D50-D53	1
D53.1	Other megaloblastic anaemias, not elsewhere classified	3	D50-D53	1
D53.2	Scorbutic anaemia	3	D50-D53	1
D53.8	Other specified nutritional anaemias	3	D50-D53	1
D53.9	Nutritional anaemia, unspecified	3	D50-D53	1
D55	Anaemia due to enzyme disorders	3	D55-D59	0
D55.0	Anaemia due to glucose-6-phosphate dehydrogenase [G6PD] deficiency	3	D55-D59	1
D55.1	Anaemia due to other disorders of glutathione metabolism	3	D55-D59	1
D55.2	Anaemia due to disorders of glycolytic enzymes	3	D55-D59	1
D55.3	Anaemia due to disorders of nucleotide metabolism	3	D55-D59	1
D55.8	Other anaemias due to enzyme disorders	3	D55-D59	1
D55.9	Anaemia due to enzyme disorder, unspecified	3	D55-D59	1
D56	Thalassaemia	3	D55-D59	0
D56.0	Alpha thalassaemia	3	D55-D59	1
D56.1	Beta thalassaemia	3	D55-D59	1
D56.2	Delta-beta thalassaemia	3	D55-D59	1
D56.3	Thalassaemia trait	3	D55-D59	1
D56.4	Hereditary persistence of fetal haemoglobin [HPFH]	3	D55-D59	1
D56.8	Other thalassaemias	3	D55-D59	1
D56.9	Thalassaemia, unspecified	3	D55-D59	1
D57	Sickle-cell disorders	3	D55-D59	0
D57.0	Sickle-cell anaemia with crisis	3	D55-D59	1
D57.1	Sickle-cell anaemia without crisis	3	D55-D59	1
D57.2	Double heterozygous sickling disorders	3	D55-D59	1
D57.3	Sickle-cell trait	3	D55-D59	1
D57.8	Other sickle-cell disorders	3	D55-D59	1
D58	Other hereditary haemolytic anaemias	3	D55-D59	0
D58.0	Hereditary spherocytosis	3	D55-D59	1
D58.1	Hereditary elliptocytosis	3	D55-D59	1
D58.2	Other haemoglobinopathies	3	D55-D59	1
D58.8	Other specified hereditary haemolytic anaemias	3	D55-D59	1
D58.9	Hereditary haemolytic anaemia, unspecified	3	D55-D59	1
D59	Acquired haemolytic anaemia	3	D55-D59	0
D59.0	Drug-induced autoimmune haemolytic anaemia	3	D55-D59	1
D59.1	Other autoimmune haemolytic anaemias	3	D55-D59	1
D59.2	Drug-induced nonautoimmune haemolytic anaemia	3	D55-D59	1
D59.3	Haemolytic-uraemic syndrome	3	D55-D59	1
D59.4	Other nonautoimmune haemolytic anaemias	3	D55-D59	1
D59.5	Paroxysmal nocturnal haemoglobinuria [Marchiafava-Micheli]	3	D55-D59	1
D59.6	Haemoglobinuria due to haemolysis from other external causes	3	D55-D59	1
D59.8	Other acquired haemolytic anaemias	3	D55-D59	1
D59.9	Acquired haemolytic anaemia, unspecified	3	D55-D59	1
D60	Acquired pure red cell aplasia [erythroblastopenia]	3	D60-D64	0
D60.0	Chronic acquired pure red cell aplasia	3	D60-D64	1
D60.1	Transient acquired pure red cell aplasia	3	D60-D64	1
D60.8	Other acquired pure red cell aplasias	3	D60-D64	1
D60.9	Acquired pure red cell aplasia, unspecified	3	D60-D64	1
D61	Other aplastic anaemias	3	D60-D64	0
D61.0	Constitutional aplastic anaemia	3	D60-D64	1
D61.1	Drug-induced aplastic anaemia	3	D60-D64	1
D61.2	Aplastic anaemia due to other external agents	3	D60-D64	1
D61.3	Idiopathic aplastic anaemia	3	D60-D64	1
D61.8	Other specified aplastic anaemias	3	D60-D64	1
D61.9	Aplastic anaemia, unspecified	3	D60-D64	1
D62	Acute posthaemorrhagic anaemia	3	D60-D64	1
D63	Anaemia in chronic diseases classified elsewhere	3	D60-D64	0
D63.0	Anaemia in neoplastic disease	3	D60-D64	1
D63.8	Anaemia in other chronic diseases classified elsewhere	3	D60-D64	1
D64	Other anaemias	3	D60-D64	0
D64.0	Hereditary sideroblastic anaemia	3	D60-D64	1
D64.1	Secondary sideroblastic anaemia due to disease	3	D60-D64	1
D64.2	Secondary sideroblastic anaemia due to drugs and toxins	3	D60-D64	1
D64.3	Other sideroblastic anaemias	3	D60-D64	1
D64.4	Congenital dyserythropoietic anaemia	3	D60-D64	1
D64.8	Other specified anaemias	3	D60-D64	1
D64.9	Anaemia, unspecified	3	D60-D64	1
D65	Disseminated intravascular coagulation [defibrination syndrome]	3	D65-D69	1
D66	Hereditary factor VIII deficiency	3	D65-D69	1
D67	Hereditary factor IX deficiency	3	D65-D69	1
D68	Other coagulation defects	3	D65-D69	0
D68.0	Von Willebrand disease	3	D65-D69	1
D68.1	Hereditary factor XI deficiency	3	D65-D69	1
D68.2	Hereditary deficiency of other clotting factors	3	D65-D69	1
D68.3	Haemorrhagic disorder due to circulating anticoagulants	3	D65-D69	1
D68.4	Acquired coagulation factor deficiency	3	D65-D69	1
D68.5	Primary thrombophilia	3	D65-D69	1
D68.6	Other thrombophilia	3	D65-D69	1
D68.8	Other specified coagulation defects	3	D65-D69	1
D68.9	Coagulation defect, unspecified	3	D65-D69	1
D69	Purpura and other haemorrhagic conditions	3	D65-D69	0
D69.0	Allergic purpura	3	D65-D69	1
D69.1	Qualitative platelet defects	3	D65-D69	1
D69.2	Other nonthrombocytopenic purpura	3	D65-D69	1
D69.3	Idiopathic thrombocytopenic purpura	3	D65-D69	1
D69.4	Other primary thrombocytopenia	3	D65-D69	1
D69.5	Secondary thrombocytopenia	3	D65-D69	1
D69.6	Thrombocytopenia, unspecified	3	D65-D69	1
D69.8	Other specified haemorrhagic conditions	3	D65-D69	1
D69.9	Haemorrhagic condition, unspecified	3	D65-D69	1
D70	Agranulocytosis	3	D70-D77	1
D71	Functional disorders of polymorphonuclear neutrophils	3	D70-D77	1
D72	Other disorders of white blood cells	3	D70-D77	0
D72.0	Genetic anomalies of leukocytes	3	D70-D77	1
D72.1	Eosinophilia	3	D70-D77	1
D72.8	Other specified disorders of white blood cells	3	D70-D77	1
D72.9	Disorder of white blood cells, unspecified	3	D70-D77	1
D73	Diseases of spleen	3	D70-D77	0
D73.0	Hyposplenism	3	D70-D77	1
D73.1	Hypersplenism	3	D70-D77	1
D73.2	Chronic congestive splenomegaly	3	D70-D77	1
D73.3	Abscess of spleen	3	D70-D77	1
D73.4	Cyst of spleen	3	D70-D77	1
D73.5	Infarction of spleen	3	D70-D77	1
D73.8	Other diseases of spleen	3	D70-D77	1
D73.9	Disease of spleen, unspecified	3	D70-D77	1
D74	Methaemoglobinaemia	3	D70-D77	0
D74.0	Congenital methaemoglobinaemia	3	D70-D77	1
D74.8	Other methaemoglobinaemias	3	D70-D77	1
D74.9	Methaemoglobinaemia, unspecified	3	D70-D77	1
D75	Other diseases of blood and blood-forming organs	3	D70-D77	0
D75.0	Familial erythrocytosis	3	D70-D77	1
D75.1	Secondary polycythaemia	3	D70-D77	1
D75.8	Other specified diseases of blood and blood-forming organs	3	D70-D77	1
D75.9	Disease of blood and blood-forming organs, unspecified	3	D70-D77	1
D76	Other specified diseases with participation of lymphoreticular and reticulohistiocytic tissue	3	D70-D77	0
D76.1	Haemophagocytic lymphohistiocytosis	3	D70-D77	1
D76.2	Haemophagocytic syndrome, infection-associated	3	D70-D77	1
D76.3	Other histiocytosis syndromes	3	D70-D77	1
D77	Other disorders of blood and blood-forming organs in diseases classified elsewhere	3	D70-D77	1
D80	Immunodeficiency with predominantly antibody defects	3	D80-D89	0
D80.0	Hereditary hypogammaglobulinaemia	3	D80-D89	1
D80.1	Nonfamilial hypogammaglobulinaemia	3	D80-D89	1
D80.2	Selective deficiency of immunoglobulin A [IgA]	3	D80-D89	1
D80.3	Selective deficiency of immunoglobulin G [IgG] subclasses	3	D80-D89	1
D80.4	Selective deficiency of immunoglobulin M [IgM]	3	D80-D89	1
D80.5	Immunodeficiency with increased immunoglobulin M [IgM]	3	D80-D89	1
D80.6	Antibody deficiency with near-normal immunoglobulins or with hyperimmunoglobulinaemia	3	D80-D89	1
D80.7	Transient hypogammaglobulinaemia of infancy	3	D80-D89	1
D80.8	Other immunodeficiencies with predominantly antibody defects	3	D80-D89	1
D80.9	Immunodeficiency with predominantly antibody defects, unspecified	3	D80-D89	1
D81	Combined immunodeficiencies	3	D80-D89	0
D81.0	Severe combined immunodeficiency [SCID] with reticular dysgenesis	3	D80-D89	1
D81.1	Severe combined immunodeficiency [SCID] with low T- and B-cell numbers	3	D80-D89	1
D81.2	Severe combined immunodeficiency [SCID] with low or normal B-cell numbers	3	D80-D89	1
D81.3	Adenosine deaminase [ADA] deficiency	3	D80-D89	1
D81.4	Nezelof syndrome	3	D80-D89	1
D81.5	Purine nucleoside phosphorylase [PNP] deficiency	3	D80-D89	1
D81.6	Major histocompatibility complex class I deficiency	3	D80-D89	1
D81.7	Major histocompatibility complex class II deficiency	3	D80-D89	1
D81.8	Other combined immunodeficiencies	3	D80-D89	1
D81.9	Combined immunodeficiency, unspecified	3	D80-D89	1
D82	Immunodeficiency associated with other major defects	3	D80-D89	0
D82.0	Wiskott-Aldrich syndrome	3	D80-D89	1
D82.1	Di George syndrome	3	D80-D89	1
D82.2	Immunodeficiency with short-limbed stature	3	D80-D89	1
D82.3	Immunodeficiency following hereditary defective response to Epstein-Barr virus	3	D80-D89	1
D82.4	Hyperimmunoglobulin E [IgE] syndrome	3	D80-D89	1
D82.8	Immunodeficiency associated with other specified major defects	3	D80-D89	1
D82.9	Immunodeficiency associated with major defect, unspecified	3	D80-D89	1
D83	Common variable immunodeficiency	3	D80-D89	0
D83.0	Common variable immunodeficiency with predominant abnormalities of B-cell numbers and function	3	D80-D89	1
D83.1	Common variable immunodeficiency with predominant immunoregulatory T-cell disorders	3	D80-D89	1
D83.2	Common variable immunodeficiency with autoantibodies to B- or T-cells	3	D80-D89	1
D83.8	Other common variable immunodeficiencies	3	D80-D89	1
D83.9	Common variable immunodeficiency, unspecified	3	D80-D89	1
D84	Other immunodeficiencies	3	D80-D89	0
D84.0	Lymphocyte function antigen-1 [LFA-1] defect	3	D80-D89	1
D84.1	Defects in the complement system	3	D80-D89	1
D84.8	Other specified immunodeficiencies	3	D80-D89	1
D84.9	Immunodeficiency, unspecified	3	D80-D89	1
D86	Sarcoidosis	3	D80-D89	0
D86.0	Sarcoidosis of lung	3	D80-D89	1
D86.1	Sarcoidosis of lymph nodes	3	D80-D89	1
D86.2	Sarcoidosis of lung with sarcoidosis of lymph nodes	3	D80-D89	1
D86.3	Sarcoidosis of skin	3	D80-D89	1
D86.8	Sarcoidosis of other and combined sites	3	D80-D89	1
D86.9	Sarcoidosis, unspecified	3	D80-D89	1
D89	Other disorders involving the immune mechanism, not elsewhere classified	3	D80-D89	0
D89.0	Polyclonal hypergammaglobulinaemia	3	D80-D89	1
D89.1	Cryoglobulinaemia	3	D80-D89	1
D89.2	Hypergammaglobulinaemia, unspecified	3	D80-D89	1
D89.3	Immune reconstitution syndrome	3	D80-D89	1
D89.8	Other specified disorders involving the immune mechanism, not elsewhere classified	3	D80-D89	1
D89.9	Disorder involving the immune mechanism, unspecified	3	D80-D89	1
E00	Congenital iodine-deficiency syndrome	4	E00-E07	0
E00.0	Congenital iodine-deficiency syndrome, neurological type	4	E00-E07	1
E00.1	Congenital iodine-deficiency syndrome, myxoedematous type	4	E00-E07	1
E00.2	Congenital iodine-deficiency syndrome, mixed type	4	E00-E07	1
E00.9	Congenital iodine-deficiency syndrome, unspecified	4	E00-E07	1
E01	Iodine-deficiency-related thyroid disorders and allied conditions	4	E00-E07	0
E01.0	Iodine-deficiency-related diffuse (endemic) goitre	4	E00-E07	1
E01.1	Iodine-deficiency-related multinodular (endemic) goitre	4	E00-E07	1
E01.2	Iodine-deficiency-related (endemic) goitre, unspecified	4	E00-E07	1
E01.8	Other iodine-deficiency-related thyroid disorders and allied conditions	4	E00-E07	1
E02	Subclinical iodine-deficiency hypothyroidism	4	E00-E07	1
E03	Other hypothyroidism	4	E00-E07	0
E03.0	Congenital hypothyroidism with diffuse goitre	4	E00-E07	1
E03.1	Congenital hypothyroidism without goitre	4	E00-E07	1
E03.2	Hypothyroidism due to medicaments and other exogenous substances	4	E00-E07	1
E03.3	Postinfectious hypothyroidism	4	E00-E07	1
E03.4	Atrophy of thyroid (acquired)	4	E00-E07	1
E03.5	Myxoedema coma	4	E00-E07	1
E03.8	Other specified hypothyroidism	4	E00-E07	1
E03.9	Hypothyroidism, unspecified	4	E00-E07	1
E04	Other nontoxic goitre	4	E00-E07	0
E04.0	Nontoxic diffuse goitre	4	E00-E07	1
E04.1	Nontoxic single thyroid nodule	4	E00-E07	1
E04.2	Nontoxic multinodular goitre	4	E00-E07	1
E04.8	Other specified nontoxic goitre	4	E00-E07	1
E04.9	Nontoxic goitre, unspecified	4	E00-E07	1
E05	Thyrotoxicosis [hyperthyroidism]	4	E00-E07	0
E05.0	Thyrotoxicosis with diffuse goitre	4	E00-E07	1
E05.1	Thyrotoxicosis with toxic single thyroid nodule	4	E00-E07	1
E05.2	Thyrotoxicosis with toxic multinodular goitre	4	E00-E07	1
E05.3	Thyrotoxicosis from ectopic thyroid tissue	4	E00-E07	1
E05.4	Thyrotoxicosis factitia	4	E00-E07	1
E05.5	Thyroid crisis or storm	4	E00-E07	1
E05.8	Other thyrotoxicosis	4	E00-E07	1
E05.9	Thyrotoxicosis, unspecified	4	E00-E07	1
E06	Thyroiditis	4	E00-E07	0
E06.0	Acute thyroiditis	4	E00-E07	1
E06.1	Subacute thyroiditis	4	E00-E07	1
E06.2	Chronic thyroiditis with transient thyrotoxicosis	4	E00-E07	1
E06.3	Autoimmune thyroiditis	4	E00-E07	1
E06.4	Drug-induced thyroiditis	4	E00-E07	1
E06.5	Other chronic thyroiditis	4	E00-E07	1
E06.9	Thyroiditis, unspecified	4	E00-E07	1
E07	Other disorders of thyroid	4	E00-E07	0
E07.0	Hypersecretion of calcitonin	4	E00-E07	1
E07.1	Dyshormogenetic goitre	4	E00-E07	1
E07.8	Other specified disorders of thyroid	4	E00-E07	1
E07.9	Disorder of thyroid, unspecified	4	E00-E07	1
E10	Type 1 diabetes mellitus	4	E10-E14	0
E10.0	Type 1 diabetes mellitus: With coma	4	E10-E14	1
E10.1	Type 1 diabetes mellitus: With ketoacidosis	4	E10-E14	1
E10.2	Type 1 diabetes mellitus: With renal complications	4	E10-E14	1
E10.3	Type 1 diabetes mellitus: With ophthalmic complications	4	E10-E14	1
E10.4	Type 1 diabetes mellitus: With neurological complications	4	E10-E14	1
E10.5	Type 1 diabetes mellitus: With peripheral circulatory complications	4	E10-E14	1
E10.6	Type 1 diabetes mellitus: With other specified complications	4	E10-E14	1
E10.7	Type 1 diabetes mellitus: With multiple complications	4	E10-E14	1
E10.8	Type 1 diabetes mellitus: With unspecified complications	4	E10-E14	1
E10.9	Type 1 diabetes mellitus: Without complications	4	E10-E14	1
E11	Type 2 diabetes mellitus	4	E10-E14	0
E11.0	Type 2 diabetes mellitus: With coma	4	E10-E14	1
E11.1	Type 2 diabetes mellitus: With ketoacidosis	4	E10-E14	1
E11.2	Type 2 diabetes mellitus: With renal complications	4	E10-E14	1
E11.3	Type 2 diabetes mellitus: With ophthalmic complications	4	E10-E14	1
E11.4	Type 2 diabetes mellitus: With neurological complications	4	E10-E14	1
E11.5	Type 2 diabetes mellitus: With peripheral circulatory complications	4	E10-E14	1
E11.6	Type 2 diabetes mellitus: With other specified complications	4	E10-E14	1
E11.7	Type 2 diabetes mellitus: With multiple complications	4	E10-E14	1
E11.8	Type 2 diabetes mellitus: With unspecified complications	4	E10-E14	1
E11.9	Type 2 diabetes mellitus: Without complications	4	E10-E14	1
E12	Malnutrition-related diabetes mellitus	4	E10-E14	0
E12.0	Malnutrition-related diabetes mellitus: With coma	4	E10-E14	1
E12.1	Malnutrition-related diabetes mellitus: With ketoacidosis	4	E10-E14	1
E12.2	Malnutrition-related diabetes mellitus: With renal complications	4	E10-E14	1
E12.3	Malnutrition-related diabetes mellitus: With ophthalmic complications	4	E10-E14	1
E12.4	Malnutrition-related diabetes mellitus: With neurological complications	4	E10-E14	1
E12.5	Malnutrition-related diabetes mellitus: With peripheral circulatory complications	4	E10-E14	1
E12.6	Malnutrition-related diabetes mellitus: With other specified complications	4	E10-E14	1
E12.7	Malnutrition-related diabetes mellitus: With multiple complications	4	E10-E14	1
E12.8	Malnutrition-related diabetes mellitus: With unspecified complications	4	E10-E14	1
E12.9	Malnutrition-related diabetes mellitus: Without complications	4	E10-E14	1
E13	Other specified diabetes mellitus	4	E10-E14	0
E13.0	Other specified diabetes mellitus: With coma	4	E10-E14	1
E13.1	Other specified diabetes mellitus: With ketoacidosis	4	E10-E14	1
E13.2	Other specified diabetes mellitus: With renal complications	4	E10-E14	1
E13.3	Other specified diabetes mellitus: With ophthalmic complications	4	E10-E14	1
E13.4	Other specified diabetes mellitus: With neurological complications	4	E10-E14	1
E13.5	Other specified diabetes mellitus: With peripheral circulatory complications	4	E10-E14	1
E13.6	Other specified diabetes mellitus: With other specified complications	4	E10-E14	1
E13.7	Other specified diabetes mellitus: With multiple complications	4	E10-E14	1
E13.8	Other specified diabetes mellitus: With unspecified complications	4	E10-E14	1
E13.9	Other specified diabetes mellitus: Without complications	4	E10-E14	1
E14	Unspecified diabetes mellitus	4	E10-E14	0
E14.0	Unspecified diabetes mellitus: With coma	4	E10-E14	1
E14.1	Unspecified diabetes mellitus: With ketoacidosis	4	E10-E14	1
E14.2	Unspecified diabetes mellitus: With renal complications	4	E10-E14	1
E14.3	Unspecified diabetes mellitus: With ophthalmic complications	4	E10-E14	1
E14.4	Unspecified diabetes mellitus: With neurological complications	4	E10-E14	1
E14.5	Unspecified diabetes mellitus: With peripheral circulatory complications	4	E10-E14	1
E14.6	Unspecified diabetes mellitus: With other specified complications	4	E10-E14	1
E14.7	Unspecified diabetes mellitus: With multiple complications	4	E10-E14	1
E14.8	Unspecified diabetes mellitus: With unspecified complications	4	E10-E14	1
E14.9	Unspecified diabetes mellitus: Without complications	4	E10-E14	1
E15	Nondiabetic hypoglycaemic coma	4	E15-E16	1
E16	Other disorders of pancreatic internal secretion	4	E15-E16	0
E16.0	Drug-induced hypoglycaemia without coma	4	E15-E16	1
E16.1	Other hypoglycaemia	4	E15-E16	1
E16.2	Hypoglycaemia, unspecified	4	E15-E16	1
E16.3	Increased secretion of glucagon	4	E15-E16	1
E16.4	Abnormal secretion of gastrin	4	E15-E16	1
E16.8	Other specified disorders of pancreatic internal secretion	4	E15-E16	1
E16.9	Disorder of pancreatic internal secretion, unspecified	4	E15-E16	1
E20	Hypoparathyroidism	4	E20-E35	0
E20.0	Idiopathic hypoparathyroidism	4	E20-E35	1
E20.1	Pseudohypoparathyroidism	4	E20-E35	1
E20.8	Other hypoparathyroidism	4	E20-E35	1
E20.9	Hypoparathyroidism, unspecified	4	E20-E35	1
E21	Hyperparathyroidism and other disorders of parathyroid gland	4	E20-E35	0
E21.0	Primary hyperparathyroidism	4	E20-E35	1
E21.1	Secondary hyperparathyroidism, not elsewhere classified	4	E20-E35	1
E21.2	Other hyperparathyroidism	4	E20-E35	1
E21.3	Hyperparathyroidism, unspecified	4	E20-E35	1
E21.4	Other specified disorders of parathyroid gland	4	E20-E35	1
E21.5	Disorder of parathyroid gland, unspecified	4	E20-E35	1
E22	Hyperfunction of pituitary gland	4	E20-E35	0
E22.0	Acromegaly and pituitary gigantism	4	E20-E35	1
E22.1	Hyperprolactinaemia	4	E20-E35	1
E22.2	Syndrome of inappropriate secretion of antidiuretic hormone	4	E20-E35	1
E22.8	Other hyperfunction of pituitary gland	4	E20-E35	1
E22.9	Hyperfunction of pituitary gland, unspecified	4	E20-E35	1
E23	Hypofunction and other disorders of pituitary gland	4	E20-E35	0
E23.0	Hypopituitarism	4	E20-E35	1
E23.1	Drug-induced hypopituitarism	4	E20-E35	1
E23.2	Diabetes insipidus	4	E20-E35	1
E23.3	Hypothalamic dysfunction, not elsewhere classified	4	E20-E35	1
E23.6	Other disorders of pituitary gland	4	E20-E35	1
E23.7	Disorder of pituitary gland, unspecified	4	E20-E35	1
E24	Cushing syndrome	4	E20-E35	0
E24.0	Pituitary-dependent Cushing disease	4	E20-E35	1
E24.1	Nelson syndrome	4	E20-E35	1
E24.2	Drug-induced Cushing syndrome	4	E20-E35	1
E24.3	Ectopic ACTH syndrome	4	E20-E35	1
E24.4	Alcohol-induced pseudo-Cushing syndrome	4	E20-E35	1
E24.8	Other Cushing syndrome	4	E20-E35	1
E24.9	Cushing syndrome, unspecified	4	E20-E35	1
E25	Adrenogenital disorders	4	E20-E35	0
E25.0	Congenital adrenogenital disorders associated with enzyme deficiency	4	E20-E35	1
E25.8	Other adrenogenital disorders	4	E20-E35	1
E25.9	Adrenogenital disorder, unspecified	4	E20-E35	1
E26	Hyperaldosteronism	4	E20-E35	0
E26.0	Primary hyperaldosteronism	4	E20-E35	1
E26.1	Secondary hyperaldosteronism	4	E20-E35	1
E26.8	Other hyperaldosteronism	4	E20-E35	1
E26.9	Hyperaldosteronism, unspecified	4	E20-E35	1
E27	Other disorders of adrenal gland	4	E20-E35	0
E27.0	Other adrenocortical overactivity	4	E20-E35	1
E27.1	Primary adrenocortical insufficiency	4	E20-E35	1
E27.2	Addisonian crisis	4	E20-E35	1
E27.3	Drug-induced adrenocortical insufficiency	4	E20-E35	1
E27.4	Other and unspecified adrenocortical insufficiency	4	E20-E35	1
E27.5	Adrenomedullary hyperfunction	4	E20-E35	1
E27.8	Other specified disorders of adrenal gland	4	E20-E35	1
E27.9	Disorder of adrenal gland, unspecified	4	E20-E35	1
E28	Ovarian dysfunction	4	E20-E35	0
E28.0	Ovarian dysfunction: Estrogen excess	4	E20-E35	1
E28.1	Ovarian dysfunction: Androgen excess	4	E20-E35	1
E28.2	Polycystic ovarian syndrome	4	E20-E35	1
E28.3	Primary ovarian failure	4	E20-E35	1
E28.8	Other ovarian dysfunction	4	E20-E35	1
E28.9	Ovarian dysfunction, unspecified	4	E20-E35	1
E29	Testicular dysfunction	4	E20-E35	0
E29.0	Testicular hyperfunction	4	E20-E35	1
E29.1	Testicular hypofunction	4	E20-E35	1
E29.8	Other testicular dysfunction	4	E20-E35	1
E29.9	Testicular dysfunction, unspecified	4	E20-E35	1
E30	Disorders of puberty, not elsewhere classified	4	E20-E35	0
E30.0	Delayed puberty	4	E20-E35	1
E30.1	Precocious puberty	4	E20-E35	1
E30.8	Other disorders of puberty	4	E20-E35	1
E30.9	Disorder of puberty, unspecified	4	E20-E35	1
E31	Polyglandular dysfunction	4	E20-E35	0
E31.0	Autoimmune polyglandular failure	4	E20-E35	1
E31.1	Polyglandular hyperfunction	4	E20-E35	1
E31.8	Other polyglandular dysfunction	4	E20-E35	1
E31.9	Polyglandular dysfunction, unspecified	4	E20-E35	1
E32	Diseases of thymus	4	E20-E35	0
E32.0	Persistent hyperplasia of thymus	4	E20-E35	1
E32.1	Abscess of thymus	4	E20-E35	1
E32.8	Other diseases of thymus	4	E20-E35	1
E32.9	Disease of thymus, unspecified	4	E20-E35	1
E34	Other endocrine disorders	4	E20-E35	0
E34.0	Carcinoid syndrome	4	E20-E35	1
E34.1	Other hypersecretion of intestinal hormones	4	E20-E35	1
E34.2	Ectopic hormone secretion, not elsewhere classified	4	E20-E35	1
E34.3	Short stature, not elsewhere classified	4	E20-E35	1
E34.4	Constitutional tall stature	4	E20-E35	1
E34.5	Androgen resistance syndrome	4	E20-E35	1
E34.8	Other specified endocrine disorders	4	E20-E35	1
E34.9	Endocrine disorder, unspecified	4	E20-E35	1
E35	Disorders of endocrine glands in diseases classified elsewhere	4	E20-E35	0
E35.0	Disorders of thyroid gland in diseases classified elsewhere	4	E20-E35	1
E35.1	Disorders of adrenal glands in diseases classified elsewhere	4	E20-E35	1
E35.8	Disorders of other endocrine glands in diseases classified elsewhere	4	E20-E35	1
E40	Kwashiorkor	4	E40-E46	1
E41	Nutritional marasmus	4	E40-E46	1
E42	Marasmic kwashiorkor	4	E40-E46	1
E43	Unspecified severe protein-energy malnutrition	4	E40-E46	1
E44	Protein-energy malnutrition of moderate and mild degree	4	E40-E46	0
E44.0	Moderate protein-energy malnutrition	4	E40-E46	1
E44.1	Mild protein-energy malnutrition	4	E40-E46	1
E45	Retarded development following protein-energy malnutrition	4	E40-E46	1
E46	Unspecified protein-energy malnutrition	4	E40-E46	1
E50	Vitamin A deficiency	4	E50-E64	0
E50.0	Vitamin A deficiency with conjunctival xerosis	4	E50-E64	1
E50.1	Vitamin A deficiency with Bitot spot and conjunctival xerosis	4	E50-E64	1
E50.2	Vitamin A deficiency with corneal xerosis	4	E50-E64	1
E50.3	Vitamin A deficiency with corneal ulceration and xerosis	4	E50-E64	1
E50.4	Vitamin A deficiency with keratomalacia	4	E50-E64	1
E50.5	Vitamin A deficiency with night blindness	4	E50-E64	1
E50.6	Vitamin A deficiency with xerophthalmic scars of cornea	4	E50-E64	1
E50.7	Other ocular manifestations of vitamin A deficiency	4	E50-E64	1
E50.8	Other manifestations of vitamin A deficiency	4	E50-E64	1
E50.9	Vitamin A deficiency, unspecified	4	E50-E64	1
E51	Thiamine deficiency	4	E50-E64	0
E51.1	Beriberi	4	E50-E64	1
E51.2	Wernicke encephalopathy	4	E50-E64	1
E51.8	Other manifestations of thiamine deficiency	4	E50-E64	1
E51.9	Thiamine deficiency, unspecified	4	E50-E64	1
E52	Niacin deficiency [pellagra]	4	E50-E64	1
E53	Deficiency of other B group vitamins	4	E50-E64	0
E53.0	Riboflavin deficiency	4	E50-E64	1
E53.1	Pyridoxine deficiency	4	E50-E64	1
E53.8	Deficiency of other specified B group vitamins	4	E50-E64	1
E53.9	Vitamin B deficiency, unspecified	4	E50-E64	1
E54	Ascorbic acid deficiency	4	E50-E64	1
E55	Vitamin D deficiency	4	E50-E64	0
E55.0	Rickets, active	4	E50-E64	1
E55.9	Vitamin D deficiency, unspecified	4	E50-E64	1
E56	Other vitamin deficiencies	4	E50-E64	0
E56.0	Deficiency of vitamin E	4	E50-E64	1
E56.1	Deficiency of vitamin K	4	E50-E64	1
E56.8	Deficiency of other vitamins	4	E50-E64	1
E56.9	Vitamin deficiency, unspecified	4	E50-E64	1
E58	Dietary calcium deficiency	4	E50-E64	1
E59	Dietary selenium deficiency	4	E50-E64	1
E60	Dietary zinc deficiency	4	E50-E64	1
E61	Deficiency of other nutrient elements	4	E50-E64	0
E61.0	Copper deficiency	4	E50-E64	1
E61.1	Iron deficiency	4	E50-E64	1
E61.2	Magnesium deficiency	4	E50-E64	1
E61.3	Manganese deficiency	4	E50-E64	1
E61.4	Chromium deficiency	4	E50-E64	1
E61.5	Molybdenum deficiency	4	E50-E64	1
E61.6	Vanadium deficiency	4	E50-E64	1
E61.7	Deficiency of multiple nutrient elements	4	E50-E64	1
E61.8	Deficiency of other specified nutrient elements	4	E50-E64	1
E61.9	Deficiency of nutrient element, unspecified	4	E50-E64	1
E63	Other nutritional deficiencies	4	E50-E64	0
E63.0	Essential fatty acid [EFA] deficiency	4	E50-E64	1
E63.1	Imbalance of constituents of food intake	4	E50-E64	1
E63.8	Other specified nutritional deficiencies	4	E50-E64	1
E63.9	Nutritional deficiency, unspecified	4	E50-E64	1
E64	Sequelae of malnutrition and other nutritional deficiencies	4	E50-E64	0
E64.0	Sequelae of protein-energy malnutrition	4	E50-E64	1
E64.1	Sequelae of vitamin A deficiency	4	E50-E64	1
E64.2	Sequelae of vitamin C deficiency	4	E50-E64	1
E64.3	Sequelae of rickets	4	E50-E64	1
E64.8	Sequelae of other nutritional deficiencies	4	E50-E64	1
E64.9	Sequelae of unspecified nutritional deficiency	4	E50-E64	1
E65	Localized adiposity	4	E65-E68	1
E66	Obesity	4	E65-E68	0
E66.0	Obesity due to excess calories	4	E65-E68	1
E66.1	Drug-induced obesity	4	E65-E68	1
E66.2	Extreme obesity with alveolar hypoventilation	4	E65-E68	1
E66.8	Other obesity	4	E65-E68	1
E66.9	Obesity, unspecified	4	E65-E68	1
E67	Other hyperalimentation	4	E65-E68	0
E67.0	Hypervitaminosis A	4	E65-E68	1
E67.1	Hypercarotenaemia	4	E65-E68	1
E67.2	Megavitamin-B6 syndrome	4	E65-E68	1
E67.3	Hypervitaminosis D	4	E65-E68	1
E67.8	Other specified hyperalimentation	4	E65-E68	1
E68	Sequelae of hyperalimentation	4	E65-E68	1
E70	Disorders of aromatic amino-acid metabolism	4	E70-E90	0
E70.0	Classical phenylketonuria	4	E70-E90	1
E70.1	Other hyperphenylalaninaemias	4	E70-E90	1
E70.2	Disorders of tyrosine metabolism	4	E70-E90	1
E70.3	Albinism	4	E70-E90	1
E70.8	Other disorders of aromatic amino-acid metabolism	4	E70-E90	1
E70.9	Disorder of aromatic amino-acid metabolism, unspecified	4	E70-E90	1
E71	Disorders of branched-chain amino-acid metabolism and fatty-acid metabolism	4	E70-E90	0
E71.0	Maple-syrup-urine disease	4	E70-E90	1
E71.1	Other disorders of branched-chain amino-acid metabolism	4	E70-E90	1
E71.2	Disorder of branched-chain amino-acid metabolism, unspecified	4	E70-E90	1
E71.3	Disorders of fatty-acid metabolism	4	E70-E90	1
E72	Other disorders of amino-acid metabolism	4	E70-E90	0
E72.0	Disorders of amino-acid transport	4	E70-E90	1
E72.1	Disorders of sulfur-bearing amino-acid metabolism	4	E70-E90	1
E72.2	Disorders of urea cycle metabolism	4	E70-E90	1
E72.3	Disorders of lysine and hydroxylysine metabolism	4	E70-E90	1
E72.4	Disorders of ornithine metabolism	4	E70-E90	1
E72.5	Disorders of glycine metabolism	4	E70-E90	1
E72.8	Other specified disorders of amino-acid metabolism	4	E70-E90	1
E72.9	Disorder of amino-acid metabolism, unspecified	4	E70-E90	1
E73	Lactose intolerance	4	E70-E90	0
E73.0	Congenital lactase deficiency	4	E70-E90	1
E73.1	Secondary lactase deficiency	4	E70-E90	1
E73.8	Other lactose intolerance	4	E70-E90	1
E73.9	Lactose intolerance, unspecified	4	E70-E90	1
E74	Other disorders of carbohydrate metabolism	4	E70-E90	0
E74.0	Glycogen storage disease	4	E70-E90	1
E74.1	Disorders of fructose metabolism	4	E70-E90	1
E74.2	Disorders of galactose metabolism	4	E70-E90	1
E74.3	Other disorders of intestinal carbohydrate absorption	4	E70-E90	1
E74.4	Disorders of pyruvate metabolism and gluconeogenesis	4	E70-E90	1
E74.8	Other specified disorders of carbohydrate metabolism	4	E70-E90	1
E74.9	Disorder of carbohydrate metabolism, unspecified	4	E70-E90	1
E75	Disorders of sphingolipid metabolism and other lipid storage disorders	4	E70-E90	0
E75.0	GM2 gangliosidosis	4	E70-E90	1
E75.1	Other gangliosidosis	4	E70-E90	1
E75.2	Other sphingolipidosis	4	E70-E90	1
E75.3	Sphingolipidosis, unspecified	4	E70-E90	1
E75.4	Neuronal ceroid lipofuscinosis	4	E70-E90	1
E75.5	Other lipid storage disorders	4	E70-E90	1
E75.6	Lipid storage disorder, unspecified	4	E70-E90	1
E76	Disorders of glycosaminoglycan metabolism	4	E70-E90	0
E76.0	Mucopolysaccharidosis, type I	4	E70-E90	1
E76.1	Mucopolysaccharidosis, type II	4	E70-E90	1
E76.2	Other mucopolysaccharidoses	4	E70-E90	1
E76.3	Mucopolysaccharidosis, unspecified	4	E70-E90	1
E76.8	Other disorders of glucosaminoglycan metabolism	4	E70-E90	1
E76.9	Disorder of glucosaminoglycan metabolism, unspecified	4	E70-E90	1
E77	Disorders of glycoprotein metabolism	4	E70-E90	0
E77.0	Defects in post-translational modification of lysosomal enzymes	4	E70-E90	1
E77.1	Defects in glycoprotein degradation	4	E70-E90	1
E77.8	Other disorders of glycoprotein metabolism	4	E70-E90	1
E77.9	Disorder of glycoprotein metabolism, unspecified	4	E70-E90	1
E78	Disorders of lipoprotein metabolism and other lipidaemias	4	E70-E90	0
E78.0	Pure hypercholesterolaemia	4	E70-E90	1
E78.1	Pure hyperglyceridaemia	4	E70-E90	1
E78.2	Mixed hyperlipidaemia	4	E70-E90	1
E78.3	Hyperchylomicronaemia	4	E70-E90	1
E78.4	Other hyperlipidaemia	4	E70-E90	1
E78.5	Hyperlipidaemia, unspecified	4	E70-E90	1
E78.6	Lipoprotein deficiency	4	E70-E90	1
E78.8	Other disorders of lipoprotein metabolism	4	E70-E90	1
E78.9	Disorder of lipoprotein metabolism, unspecified	4	E70-E90	1
E79	Disorders of purine and pyrimidine metabolism	4	E70-E90	0
E79.0	Hyperuricaemia without signs of inflammatory arthritis and tophaceous disease	4	E70-E90	1
E79.1	Lesch-Nyhan syndrome	4	E70-E90	1
E79.8	Other disorders of purine and pyrimidine metabolism	4	E70-E90	1
E79.9	Disorder of purine and pyrimidine metabolism, unspecified	4	E70-E90	1
E80	Disorders of porphyrin and bilirubin metabolism	4	E70-E90	0
E80.0	Hereditary erythropoietic porphyria	4	E70-E90	1
E80.1	Porphyria cutanea tarda	4	E70-E90	1
E80.2	Other porphyria	4	E70-E90	1
E80.3	Defects of catalase and peroxidase	4	E70-E90	1
E80.4	Gilbert syndrome	4	E70-E90	1
E80.5	Crigler-Najjar syndrome	4	E70-E90	1
E80.6	Other disorders of bilirubin metabolism	4	E70-E90	1
E80.7	Disorder of bilirubin metabolism, unspecified	4	E70-E90	1
E83	Disorders of mineral metabolism	4	E70-E90	0
E83.0	Disorders of copper metabolism	4	E70-E90	1
E83.1	Disorders of iron metabolism	4	E70-E90	1
E83.2	Disorders of zinc metabolism	4	E70-E90	1
E83.3	Disorders of phosphorus metabolism and phosphatases	4	E70-E90	1
E83.4	Disorders of magnesium metabolism	4	E70-E90	1
E83.5	Disorders of calcium metabolism	4	E70-E90	1
E83.8	Other disorders of mineral metabolism	4	E70-E90	1
E83.9	Disorder of mineral metabolism, unspecified	4	E70-E90	1
E84	Cystic fibrosis	4	E70-E90	0
E84.0	Cystic fibrosis with pulmonary manifestations	4	E70-E90	1
E84.1	Cystic fibrosis with intestinal manifestations	4	E70-E90	1
E84.8	Cystic fibrosis with other manifestations	4	E70-E90	1
E84.9	Cystic fibrosis, unspecified	4	E70-E90	1
E85	Amyloidosis	4	E70-E90	0
E85.0	Non-neuropathic heredofamilial amyloidosis	4	E70-E90	1
E85.1	Neuropathic heredofamilial amyloidosis	4	E70-E90	1
E85.2	Heredofamilial amyloidosis, unspecified	4	E70-E90	1
E85.3	Secondary systemic amyloidosis	4	E70-E90	1
E85.4	Organ-limited amyloidosis	4	E70-E90	1
E85.8	Other amyloidosis	4	E70-E90	1
E85.9	Amyloidosis, unspecified	4	E70-E90	1
E86	Volume depletion	4	E70-E90	1
E87	Other disorders of fluid, electrolyte and acid-base balance	4	E70-E90	0
E87.0	Hyperosmolality and hypernatraemia	4	E70-E90	1
E87.1	Hypo-osmolality and hyponatraemia	4	E70-E90	1
E87.2	Acidosis	4	E70-E90	1
E87.3	Alkalosis	4	E70-E90	1
E87.4	Mixed disorder of acid-base balance	4	E70-E90	1
E87.5	Hyperkalaemia	4	E70-E90	1
E87.6	Hypokalaemia	4	E70-E90	1
E87.7	Fluid overload	4	E70-E90	1
E87.8	Other disorders of electrolyte and fluid balance, not elsewhere classified	4	E70-E90	1
E88	Other metabolic disorders	4	E70-E90	0
E88.0	Disorders of plasma-protein metabolism, not elsewhere classified	4	E70-E90	1
E88.1	Lipodystrophy, not elsewhere classified	4	E70-E90	1
E88.2	Lipomatosis, not elsewhere classified	4	E70-E90	1
E88.3	Tumour lysis syndrome	4	E70-E90	1
E88.8	Other specified metabolic disorders	4	E70-E90	1
E88.9	Metabolic disorder, unspecified	4	E70-E90	1
E89	Postprocedural endocrine and metabolic disorders, not elsewhere classified	4	E70-E90	0
E89.0	Postprocedural hypothyroidism	4	E70-E90	1
E89.1	Postprocedural hypoinsulinaemia	4	E70-E90	1
E89.2	Postprocedural hypoparathyroidism	4	E70-E90	1
E89.3	Postprocedural hypopituitarism	4	E70-E90	1
E89.4	Postprocedural ovarian failure	4	E70-E90	1
E89.5	Postprocedural testicular hypofunction	4	E70-E90	1
E89.6	Postprocedural adrenocortical(-medullary) hypofunction	4	E70-E90	1
E89.8	Other postprocedural endocrine and metabolic disorders	4	E70-E90	1
E89.9	Postprocedural endocrine and metabolic disorder, unspecified	4	E70-E90	1
E90	Nutritional and metabolic disorders in diseases classified elsewhere	4	E70-E90	1
F00	Dementia in Alzheimer disease	5	F00-F09	0
F00.0	Dementia in Alzheimer disease with early onset	5	F00-F09	1
F00.1	Dementia in Alzheimer disease with late onset	5	F00-F09	1
F00.2	Dementia in Alzheimer disease, atypical or mixed type	5	F00-F09	1
F00.9	Dementia in Alzheimer disease, unspecified	5	F00-F09	1
F01	Vascular dementia	5	F00-F09	0
F01.0	Vascular dementia of acute onset	5	F00-F09	1
F01.1	Multi-infarct dementia	5	F00-F09	1
F01.2	Subcortical vascular dementia	5	F00-F09	1
F01.3	Mixed cortical and subcortical vascular dementia	5	F00-F09	1
F01.8	Other vascular dementia	5	F00-F09	1
F01.9	Vascular dementia, unspecified	5	F00-F09	1
F02	Dementia in other diseases classified elsewhere	5	F00-F09	0
F02.0	Dementia in Pick disease	5	F00-F09	1
F02.1	Dementia in Creutzfeldt-Jakob disease	5	F00-F09	1
F02.2	Dementia in Huntington disease	5	F00-F09	1
F02.3	Dementia in Parkinson disease	5	F00-F09	1
F02.4	Dementia in human immunodeficiency virus [HIV] disease	5	F00-F09	1
F02.8	Dementia in other specified diseases classified elsewhere	5	F00-F09	1
F03	Unspecified dementia	5	F00-F09	1
F04	Organic amnesic syndrome, not induced by alcohol and other psychoactive substances	5	F00-F09	1
F05	Delirium, not induced by alcohol and other psychoactive substances	5	F00-F09	0
F05.0	Delirium not superimposed on dementia, so described	5	F00-F09	1
F05.1	Delirium superimposed on dementia	5	F00-F09	1
F05.8	Other delirium	5	F00-F09	1
F05.9	Delirium, unspecified	5	F00-F09	1
F06	Other mental disorders due to brain damage and dysfunction and to physical disease	5	F00-F09	0
F06.0	Organic hallucinosis	5	F00-F09	1
F06.1	Organic catatonic disorder	5	F00-F09	1
F06.2	Organic delusional [schizophrenia-like] disorder	5	F00-F09	1
F06.3	Organic mood [affective] disorders	5	F00-F09	1
F06.4	Organic anxiety disorder	5	F00-F09	1
F06.5	Organic dissociative disorder	5	F00-F09	1
F06.6	Organic emotionally labile [asthenic] disorder	5	F00-F09	1
F06.7	Mild cognitive disorder	5	F00-F09	1
F06.8	Other specified mental disorders due to brain damage and dysfunction and to physical disease	5	F00-F09	1
F06.9	Unspecified mental disorder due to brain damage and dysfunction and to physical disease	5	F00-F09	1
F07	Personality and behavioural disorders due to brain disease, damage and dysfunction	5	F00-F09	0
F07.0	Organic personality disorder	5	F00-F09	1
F07.1	Postencephalitic syndrome	5	F00-F09	1
F07.2	Postconcussional syndrome	5	F00-F09	1
F07.8	Other organic personality and behavioural disorders due to brain disease, damage and dysfunction	5	F00-F09	1
F07.9	Unspecified organic personality and behavioural disorder due to brain disease, damage and dysfunction	5	F00-F09	1
F09	Unspecified organic or symptomatic mental disorder	5	F00-F09	1
F10	Mental and behavioural disorders due to use of alcohol	5	F10-F19	0
F10.0	Mental and behavioural disorders due to use of alcohol: Acute intoxication	5	F10-F19	1
F10.1	Mental and behavioural disorders due to use of alcohol: Harmful use	5	F10-F19	1
F10.2	Mental and behavioural disorders due to use of alcohol: Dependence syndrome	5	F10-F19	1
F10.3	Mental and behavioural disorders due to use of alcohol: Withdrawal state	5	F10-F19	1
F10.4	Mental and behavioural disorders due to use of alcohol: Withdrawal state with delirium	5	F10-F19	1
F10.5	Mental and behavioural disorders due to use of alcohol: Psychotic disorder	5	F10-F19	1
F10.6	Mental and behavioural disorders due to use of alcohol: Amnesic syndrome	5	F10-F19	1
F10.7	Mental and behavioural disorders due to use of alcohol: Residual and late-onset psychotic disorder	5	F10-F19	1
F10.8	Mental and behavioural disorders due to use of alcohol: Other mental and behavioural disorders	5	F10-F19	1
F10.9	Mental and behavioural disorders due to use of alcohol: Unspecified mental and behavioural disorder	5	F10-F19	1
F11	Mental and behavioural disorders due to use of opioids	5	F10-F19	0
F11.0	Mental and behavioural disorders due to use of opioids: Acute intoxication	5	F10-F19	1
F11.1	Mental and behavioural disorders due to use of opioids: Harmful use	5	F10-F19	1
F11.2	Mental and behavioural disorders due to use of opioids: Dependence syndrome	5	F10-F19	1
F11.3	Mental and behavioural disorders due to use of opioids: Withdrawal state	5	F10-F19	1
F11.4	Mental and behavioural disorders due to use of opioids: Withdrawal state with delirium	5	F10-F19	1
F11.5	Mental and behavioural disorders due to use of opioids: Psychotic disorder	5	F10-F19	1
F11.6	Mental and behavioural disorders due to use of opioids: Amnesic syndrome	5	F10-F19	1
F11.7	Mental and behavioural disorders due to use of opioids: Residual and late-onset psychotic disorder	5	F10-F19	1
F11.8	Mental and behavioural disorders due to use of opioids: Other mental and behavioural disorders	5	F10-F19	1
F11.9	Mental and behavioural disorders due to use of opioids: Unspecified mental and behavioural disorder	5	F10-F19	1
F12	Mental and behavioural disorders due to use of cannabinoids	5	F10-F19	0
F12.0	Mental and behavioural disorders due to use of cannabinoids: Acute intoxication	5	F10-F19	1
F12.1	Mental and behavioural disorders due to use of cannabinoids: Harmful use	5	F10-F19	1
F12.2	Mental and behavioural disorders due to use of cannabinoids: Dependence syndrome	5	F10-F19	1
F12.3	Mental and behavioural disorders due to use of cannabinoids: Withdrawal state	5	F10-F19	1
F12.4	Mental and behavioural disorders due to use of cannabinoids: Withdrawal state with delirium	5	F10-F19	1
F12.5	Mental and behavioural disorders due to use of cannabinoids: Psychotic disorder	5	F10-F19	1
F12.6	Mental and behavioural disorders due to use of cannabinoids: Amnesic syndrome	5	F10-F19	1
F12.7	Mental and behavioural disorders due to use of cannabinoids: Residual and late-onset psychotic disorder	5	F10-F19	1
F12.8	Mental and behavioural disorders due to use of cannabinoids: Other mental and behavioural disorders	5	F10-F19	1
F12.9	Mental and behavioural disorders due to use of cannabinoids: Unspecified mental and behavioural disorder	5	F10-F19	1
F13	Mental and behavioural disorders due to use of sedatives or hypnotics	5	F10-F19	0
F13.0	Mental and behavioural disorders due to use of sedatives or hypnotics: Acute intoxication	5	F10-F19	1
F13.1	Mental and behavioural disorders due to use of sedatives or hypnotics: Harmful use	5	F10-F19	1
F13.2	Mental and behavioural disorders due to use of sedatives or hypnotics: Dependence syndrome	5	F10-F19	1
F13.3	Mental and behavioural disorders due to use of sedatives or hypnotics: Withdrawal state	5	F10-F19	1
F13.4	Mental and behavioural disorders due to use of sedatives or hypnotics: Withdrawal state with delirium	5	F10-F19	1
F13.5	Mental and behavioural disorders due to use of sedatives or hypnotics: Psychotic disorder	5	F10-F19	1
F13.6	Mental and behavioural disorders due to use of sedatives or hypnotics: Amnesic syndrome	5	F10-F19	1
F13.7	Mental and behavioural disorders due to use of sedatives or hypnotics: Residual and late-onset psychotic disorder	5	F10-F19	1
F13.8	Mental and behavioural disorders due to use of sedatives or hypnotics: Other mental and behavioural disorders	5	F10-F19	1
F13.9	Mental and behavioural disorders due to use of sedatives or hypnotics: Unspecified mental and behavioural disorder	5	F10-F19	1
F14	Mental and behavioural disorders due to use of cocaine	5	F10-F19	0
F14.0	Mental and behavioural disorders due to use of cocaine: Acute intoxication	5	F10-F19	1
F14.1	Mental and behavioural disorders due to use of cocaine: Harmful use	5	F10-F19	1
F14.2	Mental and behavioural disorders due to use of cocaine: Dependence syndrome	5	F10-F19	1
F14.3	Mental and behavioural disorders due to use of cocaine: Withdrawal state	5	F10-F19	1
F14.4	Mental and behavioural disorders due to use of cocaine: Withdrawal state with delirium	5	F10-F19	1
F14.5	Mental and behavioural disorders due to use of cocaine: Psychotic disorder	5	F10-F19	1
F14.6	Mental and behavioural disorders due to use of cocaine: Amnesic syndrome	5	F10-F19	1
F14.7	Mental and behavioural disorders due to use of cocaine: Residual and late-onset psychotic disorder	5	F10-F19	1
F14.8	Mental and behavioural disorders due to use of cocaine: Other mental and behavioural disorders	5	F10-F19	1
F14.9	Mental and behavioural disorders due to use of cocaine: Unspecified mental and behavioural disorder	5	F10-F19	1
F15	Mental and behavioural disorders due to use of other stimulants, including caffeine	5	F10-F19	0
F15.0	Mental and behavioural disorders due to use of other stimulants, including caffeine: Acute intoxication	5	F10-F19	1
F15.1	Mental and behavioural disorders due to use of other stimulants, including caffeine: Harmful use	5	F10-F19	1
F15.2	Mental and behavioural disorders due to use of other stimulants, including caffeine: Dependence syndrome	5	F10-F19	1
F15.3	Mental and behavioural disorders due to use of other stimulants, including caffeine: Withdrawal state	5	F10-F19	1
F15.4	Mental and behavioural disorders due to use of other stimulants, including caffeine: Withdrawal state with delirium	5	F10-F19	1
F15.5	Mental and behavioural disorders due to use of other stimulants, including caffeine: Psychotic disorder	5	F10-F19	1
F15.6	Mental and behavioural disorders due to use of other stimulants, including caffeine: Amnesic syndrome	5	F10-F19	1
F15.7	Mental and behavioural disorders due to use of other stimulants, including caffeine: Residual and late-onset psychotic disorder	5	F10-F19	1
F15.8	Mental and behavioural disorders due to use of other stimulants, including caffeine: Other mental and behavioural disorders	5	F10-F19	1
F15.9	Mental and behavioural disorders due to use of other stimulants, including caffeine: Unspecified mental and behavioural disorder	5	F10-F19	1
F16	Mental and behavioural disorders due to use of hallucinogens	5	F10-F19	0
F16.0	Mental and behavioural disorders due to use of hallucinogens: Acute intoxication	5	F10-F19	1
F16.1	Mental and behavioural disorders due to use of hallucinogens: Harmful use	5	F10-F19	1
F16.2	Mental and behavioural disorders due to use of hallucinogens: Dependence syndrome	5	F10-F19	1
F16.3	Mental and behavioural disorders due to use of hallucinogens: Withdrawal state	5	F10-F19	1
F16.4	Mental and behavioural disorders due to use of hallucinogens: Withdrawal state with delirium	5	F10-F19	1
F16.5	Mental and behavioural disorders due to use of hallucinogens: Psychotic disorder	5	F10-F19	1
F16.6	Mental and behavioural disorders due to use of hallucinogens: Amnesic syndrome	5	F10-F19	1
F16.7	Mental and behavioural disorders due to use of hallucinogens: Residual and late-onset psychotic disorder	5	F10-F19	1
F16.8	Mental and behavioural disorders due to use of hallucinogens: Other mental and behavioural disorders	5	F10-F19	1
F16.9	Mental and behavioural disorders due to use of hallucinogens: Unspecified mental and behavioural disorder	5	F10-F19	1
F17	Mental and behavioural disorders due to use of tobacco	5	F10-F19	0
F17.0	Mental and behavioural disorders due to use of tobacco: Acute intoxication	5	F10-F19	1
F17.1	Mental and behavioural disorders due to use of tobacco: Harmful use	5	F10-F19	1
F17.2	Mental and behavioural disorders due to use of tobacco: Dependence syndrome	5	F10-F19	1
F17.3	Mental and behavioural disorders due to use of tobacco: Withdrawal state	5	F10-F19	1
F17.4	Mental and behavioural disorders due to use of tobacco: Withdrawal state with delirium	5	F10-F19	1
F17.5	Mental and behavioural disorders due to use of tobacco: Psychotic disorder	5	F10-F19	1
F17.6	Mental and behavioural disorders due to use of tobacco: Amnesic syndrome	5	F10-F19	1
F17.7	Mental and behavioural disorders due to use of tobacco: Residual and late-onset psychotic disorder	5	F10-F19	1
F17.8	Mental and behavioural disorders due to use of tobacco: Other mental and behavioural disorders	5	F10-F19	1
F17.9	Mental and behavioural disorders due to use of tobacco: Unspecified mental and behavioural disorder	5	F10-F19	1
F18	Mental and behavioural disorders due to use of volatile solvents	5	F10-F19	0
F18.0	Mental and behavioural disorders due to use of volatile solvents: Acute intoxication	5	F10-F19	1
F18.1	Mental and behavioural disorders due to use of volatile solvents: Harmful use	5	F10-F19	1
F18.2	Mental and behavioural disorders due to use of volatile solvents: Dependence syndrome	5	F10-F19	1
F18.3	Mental and behavioural disorders due to use of volatile solvents: Withdrawal state	5	F10-F19	1
F18.4	Mental and behavioural disorders due to use of volatile solvents: Withdrawal state with delirium	5	F10-F19	1
F18.5	Mental and behavioural disorders due to use of volatile solvents: Psychotic disorder	5	F10-F19	1
F18.6	Mental and behavioural disorders due to use of volatile solvents: Amnesic syndrome	5	F10-F19	1
F18.7	Mental and behavioural disorders due to use of volatile solvents: Residual and late-onset psychotic disorder	5	F10-F19	1
F18.8	Mental and behavioural disorders due to use of volatile solvents: Other mental and behavioural disorders	5	F10-F19	1
F18.9	Mental and behavioural disorders due to use of volatile solvents: Unspecified mental and behavioural disorder	5	F10-F19	1
F19	Mental and behavioural disorders due to multiple drug use and use of other psychoactive substances	5	F10-F19	0
F19.0	Mental and behavioural disorders due to multiple drug use and use of other psychoactive substances: Acute intoxication	5	F10-F19	1
F19.1	Mental and behavioural disorders due to multiple drug use and use of other psychoactive substances: Harmful use	5	F10-F19	1
F19.2	Mental and behavioural disorders due to multiple drug use and use of other psychoactive substances: Dependence syndrome	5	F10-F19	1
F19.3	Mental and behavioural disorders due to multiple drug use and use of other psychoactive substances: Withdrawal state	5	F10-F19	1
F19.4	Mental and behavioural disorders due to multiple drug use and use of other psychoactive substances: Withdrawal state with delirium	5	F10-F19	1
F19.5	Mental and behavioural disorders due to multiple drug use and use of other psychoactive substances: Psychotic disorder	5	F10-F19	1
F19.6	Mental and behavioural disorders due to multiple drug use and use of other psychoactive substances: Amnesic syndrome	5	F10-F19	1
F19.7	Mental and behavioural disorders due to multiple drug use and use of other psychoactive substances: Residual and late-onset psychotic disorder	5	F10-F19	1
F19.8	Mental and behavioural disorders due to multiple drug use and use of other psychoactive substances: Other mental and behavioural disorders	5	F10-F19	1
F19.9	Mental and behavioural disorders due to multiple drug use and use of other psychoactive substances: Unspecified mental and behavioural disorder	5	F10-F19	1
F20	Schizophrenia	5	F20-F29	0
F20.0	Paranoid schizophrenia	5	F20-F29	1
F20.1	Hebephrenic schizophrenia	5	F20-F29	1
F20.2	Catatonic schizophrenia	5	F20-F29	1
F20.3	Undifferentiated schizophrenia	5	F20-F29	1
F20.4	Post-schizophrenic depression	5	F20-F29	1
F20.5	Residual schizophrenia	5	F20-F29	1
F20.6	Simple schizophrenia	5	F20-F29	1
F20.8	Other schizophrenia	5	F20-F29	1
F20.9	Schizophrenia, unspecified	5	F20-F29	1
F21	Schizotypal disorder	5	F20-F29	1
F22	Persistent delusional disorders	5	F20-F29	0
F22.0	Delusional disorder	5	F20-F29	1
F22.8	Other persistent delusional disorders	5	F20-F29	1
F22.9	Persistent delusional disorder, unspecified	5	F20-F29	1
F23	Acute and transient psychotic disorders	5	F20-F29	0
F23.0	Acute polymorphic psychotic disorder without symptoms of schizophrenia	5	F20-F29	1
F23.1	Acute polymorphic psychotic disorder with symptoms of schizophrenia	5	F20-F29	1
F23.2	Acute schizophrenia-like psychotic disorder	5	F20-F29	1
F23.3	Other acute predominantly delusional psychotic disorders	5	F20-F29	1
F23.8	Other acute and transient psychotic disorders	5	F20-F29	1
F23.9	Acute and transient psychotic disorder, unspecified	5	F20-F29	1
F24	Induced delusional disorder	5	F20-F29	1
F25	Schizoaffective disorders	5	F20-F29	0
F25.0	Schizoaffective disorder, manic type	5	F20-F29	1
F25.1	Schizoaffective disorder, depressive type	5	F20-F29	1
F25.2	Schizoaffective disorder, mixed type	5	F20-F29	1
F25.8	Other schizoaffective disorders	5	F20-F29	1
F25.9	Schizoaffective disorder, unspecified	5	F20-F29	1
F28	Other nonorganic psychotic disorders	5	F20-F29	1
F29	Unspecified nonorganic psychosis	5	F20-F29	1
F30	Manic episode	5	F30-F39	0
F30.0	Hypomania	5	F30-F39	1
F30.1	Mania without psychotic symptoms	5	F30-F39	1
F30.2	Mania with psychotic symptoms	5	F30-F39	1
F30.8	Other manic episodes	5	F30-F39	1
F30.9	Manic episode, unspecified	5	F30-F39	1
F31	Bipolar affective disorder	5	F30-F39	0
F31.0	Bipolar affective disorder, current episode hypomanic	5	F30-F39	1
F31.1	Bipolar affective disorder, current episode manic without psychotic symptoms	5	F30-F39	1
F31.2	Bipolar affective disorder, current episode manic with psychotic symptoms	5	F30-F39	1
F31.3	Bipolar affective disorder, current episode mild or moderate depression	5	F30-F39	1
F31.4	Bipolar affective disorder, current episode severe depression without psychotic symptoms	5	F30-F39	1
F31.5	Bipolar affective disorder, current episode severe depression with psychotic symptoms	5	F30-F39	1
F31.6	Bipolar affective disorder, current episode mixed	5	F30-F39	1
F31.7	Bipolar affective disorder, currently in remission	5	F30-F39	1
F31.8	Other bipolar affective disorders	5	F30-F39	1
F31.9	Bipolar affective disorder, unspecified	5	F30-F39	1
F32	Depressive episode	5	F30-F39	0
F32.0	Mild depressive episode	5	F30-F39	1
F32.1	Moderate depressive episode	5	F30-F39	1
F32.2	Severe depressive episode without psychotic symptoms	5	F30-F39	1
F32.3	Severe depressive episode with psychotic symptoms	5	F30-F39	1
F32.8	Other depressive episodes	5	F30-F39	1
F32.9	Depressive episode, unspecified	5	F30-F39	1
F33	Recurrent depressive disorder	5	F30-F39	0
F33.0	Recurrent depressive disorder, current episode mild	5	F30-F39	1
F33.1	Recurrent depressive disorder, current episode moderate	5	F30-F39	1
F33.2	Recurrent depressive disorder, current episode severe without psychotic symptoms	5	F30-F39	1
F33.3	Recurrent depressive disorder, current episode severe with psychotic symptoms	5	F30-F39	1
F33.4	Recurrent depressive disorder, currently in remission	5	F30-F39	1
F33.8	Other recurrent depressive disorders	5	F30-F39	1
F33.9	Recurrent depressive disorder, unspecified	5	F30-F39	1
F34	Persistent mood [affective] disorders	5	F30-F39	0
F34.0	Cyclothymia	5	F30-F39	1
F34.1	Dysthymia	5	F30-F39	1
F34.8	Other persistent mood [affective] disorders	5	F30-F39	1
F34.9	Persistent mood [affective] disorder, unspecified	5	F30-F39	1
F38	Other mood [affective] disorders	5	F30-F39	0
F38.0	Other single mood [affective] disorders	5	F30-F39	1
F38.1	Other recurrent mood [affective] disorders	5	F30-F39	1
F38.8	Other specified mood [affective] disorders	5	F30-F39	1
F39	Unspecified mood [affective] disorder	5	F30-F39	1
F40	Phobic anxiety disorders	5	F40-F48	0
F40.0	Agoraphobia	5	F40-F48	1
F40.1	Social phobias	5	F40-F48	1
F40.2	Specific (isolated) phobias	5	F40-F48	1
F40.8	Other phobic anxiety disorders	5	F40-F48	1
F40.9	Phobic anxiety disorder, unspecified	5	F40-F48	1
F41	Other anxiety disorders	5	F40-F48	0
F41.0	Panic disorder [episodic paroxysmal anxiety]	5	F40-F48	1
F41.1	Generalized anxiety disorder	5	F40-F48	1
F41.2	Mixed anxiety and depressive disorder	5	F40-F48	1
F41.3	Other mixed anxiety disorders	5	F40-F48	1
F41.8	Other specified anxiety disorders	5	F40-F48	1
F41.9	Anxiety disorder, unspecified	5	F40-F48	1
F42	Obsessive-compulsive disorder	5	F40-F48	0
F42.0	Predominantly obsessional thoughts or ruminations	5	F40-F48	1
F42.1	Predominantly compulsive acts [obsessional rituals]	5	F40-F48	1
F42.2	Mixed obsessional thoughts and acts	5	F40-F48	1
F42.8	Other obsessive-compulsive disorders	5	F40-F48	1
F42.9	Obsessive-compulsive disorder, unspecified	5	F40-F48	1
F43	Reaction to severe stress, and adjustment disorders	5	F40-F48	0
F43.0	Acute stress reaction	5	F40-F48	1
F43.1	Post-traumatic stress disorder	5	F40-F48	1
F43.2	Adjustment disorders	5	F40-F48	1
F43.8	Other reactions to severe stress	5	F40-F48	1
F43.9	Reaction to severe stress, unspecified	5	F40-F48	1
F44	Dissociative [conversion] disorders	5	F40-F48	0
F44.0	Dissociative amnesia	5	F40-F48	1
F44.1	Dissociative fugue	5	F40-F48	1
F44.2	Dissociative stupor	5	F40-F48	1
F44.3	Trance and possession disorders	5	F40-F48	1
F44.4	Dissociative motor disorders	5	F40-F48	1
F44.5	Dissociative convulsions	5	F40-F48	1
F44.6	Dissociative anaesthesia and sensory loss	5	F40-F48	1
F44.7	Mixed dissociative [conversion] disorders	5	F40-F48	1
F44.8	Other dissociative [conversion] disorders	5	F40-F48	1
F44.9	Dissociative [conversion] disorder, unspecified	5	F40-F48	1
F45	Somatoform disorders	5	F40-F48	0
F45.0	Somatization disorder	5	F40-F48	1
F45.1	Undifferentiated somatoform disorder	5	F40-F48	1
F45.2	Hypochondriacal disorder	5	F40-F48	1
F45.3	Somatoform autonomic dysfunction	5	F40-F48	1
F45.4	Persistent somatoform pain disorder	5	F40-F48	1
F45.8	Other somatoform disorders	5	F40-F48	1
F45.9	Somatoform disorder, unspecified	5	F40-F48	1
F48	Other neurotic disorders	5	F40-F48	0
F48.0	Neurasthenia	5	F40-F48	1
F48.1	Depersonalization-derealization syndrome	5	F40-F48	1
F48.8	Other specified neurotic disorders	5	F40-F48	1
F48.9	Neurotic disorder, unspecified	5	F40-F48	1
F50	Eating disorders	5	F50-F59	0
F50.0	Anorexia nervosa	5	F50-F59	1
F50.1	Atypical anorexia nervosa	5	F50-F59	1
F50.2	Bulimia nervosa	5	F50-F59	1
F50.3	Atypical bulimia nervosa	5	F50-F59	1
F50.4	Overeating associated with other psychological disturbances	5	F50-F59	1
F50.5	Vomiting associated with other psychological disturbances	5	F50-F59	1
F50.8	Other eating disorders	5	F50-F59	1
F50.9	Eating disorder, unspecified	5	F50-F59	1
F51	Nonorganic sleep disorders	5	F50-F59	0
F51.0	Nonorganic insomnia	5	F50-F59	1
F51.1	Nonorganic hypersomnia	5	F50-F59	1
F51.2	Nonorganic disorder of the sleep-wake schedule	5	F50-F59	1
F51.3	Sleepwalking [somnambulism]	5	F50-F59	1
F51.4	Sleep terrors [night terrors]	5	F50-F59	1
F51.5	Nightmares	5	F50-F59	1
F51.8	Other nonorganic sleep disorders	5	F50-F59	1
F51.9	Nonorganic sleep disorder, unspecified	5	F50-F59	1
F52	Sexual dysfunction, not caused by organic disorder or disease	5	F50-F59	0
F52.0	Lack or loss of sexual desire	5	F50-F59	1
F52.1	Sexual aversion and lack of sexual enjoyment	5	F50-F59	1
F52.2	Failure of genital response	5	F50-F59	1
F52.3	Orgasmic dysfunction	5	F50-F59	1
F52.4	Premature ejaculation	5	F50-F59	1
F52.5	Nonorganic vaginismus	5	F50-F59	1
F52.6	Nonorganic dyspareunia	5	F50-F59	1
F52.7	Excessive sexual drive	5	F50-F59	1
F52.8	Other sexual dysfunction, not caused by organic disorder or disease	5	F50-F59	1
F52.9	Unspecified sexual dysfunction, not caused by organic disorder or disease	5	F50-F59	1
F53	Mental and behavioural disorders associated with the puerperium, not elsewhere classified	5	F50-F59	0
F53.0	Mild mental and behavioural disorders associated with the puerperium, not elsewhere classified	5	F50-F59	1
F53.1	Severe mental and behavioural disorders associated with the puerperium, not elsewhere classified	5	F50-F59	1
F53.8	Other mental and behavioural disorders associated with the puerperium, not elsewhere classified	5	F50-F59	1
F53.9	Puerperal mental disorder, unspecified	5	F50-F59	1
F54	Psychological and behavioural factors associated with disorders or diseases classified elsewhere	5	F50-F59	1
F55	Abuse of non-dependence-producing substances	5	F50-F59	1
F59	Unspecified behavioural syndromes associated with physiological disturbances and physical factors	5	F50-F59	1
F60	Specific personality disorders	5	F60-F69	0
F60.0	Paranoid personality disorder	5	F60-F69	1
F60.1	Schizoid personality disorder	5	F60-F69	1
F60.2	Dissocial personality disorder	5	F60-F69	1
F60.3	Emotionally unstable personality disorder	5	F60-F69	1
F60.4	Histrionic personality disorder	5	F60-F69	1
F60.5	Anankastic personality disorder	5	F60-F69	1
F60.6	Anxious [avoidant] personality disorder	5	F60-F69	1
F60.7	Dependent personality disorder	5	F60-F69	1
F60.8	Other specific personality disorders	5	F60-F69	1
F60.9	Personality disorder, unspecified	5	F60-F69	1
F61	Mixed and other personality disorders	5	F60-F69	1
F62	Enduring personality changes, not attributable to brain damage and disease	5	F60-F69	0
F62.0	Enduring personality change after catastrophic experience	5	F60-F69	1
F62.1	Enduring personality change after psychiatric illness	5	F60-F69	1
F62.8	Other enduring personality changes	5	F60-F69	1
F62.9	Enduring personality change, unspecified	5	F60-F69	1
F63	Habit and impulse disorders	5	F60-F69	0
F63.0	Pathological gambling	5	F60-F69	1
F63.1	Pathological fire-setting [pyromania]	5	F60-F69	1
F63.2	Pathological stealing [kleptomania]	5	F60-F69	1
F63.3	Trichotillomania	5	F60-F69	1
F63.8	Other habit and impulse disorders	5	F60-F69	1
F63.9	Habit and impulse disorder, unspecified	5	F60-F69	1
F64	Gender identity disorders	5	F60-F69	0
F64.0	Transsexualism	5	F60-F69	1
F64.1	Dual-role transvestism	5	F60-F69	1
F64.2	Gender identity disorder of childhood	5	F60-F69	1
F64.8	Other gender identity disorders	5	F60-F69	1
F64.9	Gender identity disorder, unspecified	5	F60-F69	1
F65	Disorders of sexual preference	5	F60-F69	0
F65.0	Fetishism	5	F60-F69	1
F65.1	Fetishistic transvestism	5	F60-F69	1
F65.2	Exhibitionism	5	F60-F69	1
F65.3	Voyeurism	5	F60-F69	1
F65.4	Paedophilia	5	F60-F69	1
F65.5	Sadomasochism	5	F60-F69	1
F65.6	Multiple disorders of sexual preference	5	F60-F69	1
F65.8	Other disorders of sexual preference	5	F60-F69	1
F65.9	Disorder of sexual preference, unspecified	5	F60-F69	1
F66	Psychological and behavioural disorders associated with sexual development and orientation	5	F60-F69	0
F66.0	Sexual maturation disorder	5	F60-F69	1
F66.1	Egodystonic sexual orientation	5	F60-F69	1
F66.2	Sexual relationship disorder	5	F60-F69	1
F66.8	Other psychosexual development disorders	5	F60-F69	1
F66.9	Psychosexual development disorder, unspecified	5	F60-F69	1
F68	Other disorders of adult personality and behaviour	5	F60-F69	0
F68.0	Elaboration of physical symptoms for psychological reasons	5	F60-F69	1
F68.1	Intentional production or feigning of symptoms or disabilities, either physical or psychological [factitious disorder]	5	F60-F69	1
F68.8	Other specified disorders of adult personality and behaviour	5	F60-F69	1
F69	Unspecified disorder of adult personality and behaviour	5	F60-F69	1
F70	Mild mental retardation	5	F70-F79	0
F70.0	Mild mental retardation: With the statement of no, or minimal, impairment of behaviour	5	F70-F79	1
F70.1	Mild mental retardation: Significant impairment of behaviour requiring attention or treatment	5	F70-F79	1
F70.8	Mild mental retardation: Other impairments of behaviour	5	F70-F79	1
F70.9	Mild mental retardation: Without mention of impairment of behaviour	5	F70-F79	1
F71	Moderate mental retardation	5	F70-F79	0
F71.0	Moderate mental retardation: With the statement of no, or minimal, impairment of behaviour	5	F70-F79	1
F71.1	Moderate mental retardation: Significant impairment of behaviour requiring attention or treatment	5	F70-F79	1
F71.8	Moderate mental retardation: Other impairments of behaviour	5	F70-F79	1
F71.9	Moderate mental retardation: Without mention of impairment of behaviour	5	F70-F79	1
F72	Severe mental retardation	5	F70-F79	0
F72.0	Severe mental retardation: With the statement of no, or minimal, impairment of behaviour	5	F70-F79	1
F72.1	Severe mental retardation: Significant impairment of behaviour requiring attention or treatment	5	F70-F79	1
F72.8	Severe mental retardation: Other impairments of behaviour	5	F70-F79	1
F72.9	Severe mental retardation: Without mention of impairment of behaviour	5	F70-F79	1
F73	Profound mental retardation	5	F70-F79	0
F73.0	Profound mental retardation: With the statement of no, or minimal, impairment of behaviour	5	F70-F79	1
F73.1	Profound mental retardation: Significant impairment of behaviour requiring attention or treatment	5	F70-F79	1
F73.8	Profound mental retardation: Other impairments of behaviour	5	F70-F79	1
F73.9	Profound mental retardation: Without mention of impairment of behaviour	5	F70-F79	1
F78	Other mental retardation	5	F70-F79	0
F78.0	Other mental retardation: With the statement of no, or minimal, impairment of behaviour	5	F70-F79	1
F78.1	Other mental retardation: Significant impairment of behaviour requiring attention or treatment	5	F70-F79	1
F78.8	Other mental retardation: Other impairments of behaviour	5	F70-F79	1
F78.9	Other mental retardation: Without mention of impairment of behaviour	5	F70-F79	1
F79	Unspecified mental retardation	5	F70-F79	0
F79.0	Unspecified mental retardation: With the statement of no, or minimal, impairment of behaviour	5	F70-F79	1
F79.1	Unspecified mental retardation: Significant impairment of behaviour requiring attention or treatment	5	F70-F79	1
F79.8	Unspecified mental retardation: Other impairments of behaviour	5	F70-F79	1
F79.9	Unspecified mental retardation: Without mention of impairment of behaviour	5	F70-F79	1
F80	Specific developmental disorders of speech and language	5	F80-F89	0
F80.0	Specific speech articulation disorder	5	F80-F89	1
F80.1	Expressive language disorder	5	F80-F89	1
F80.2	Receptive language disorder	5	F80-F89	1
F80.3	Acquired aphasia with epilepsy [Landau-Kleffner]	5	F80-F89	1
F80.8	Other developmental disorders of speech and language	5	F80-F89	1
F80.9	Developmental disorder of speech and language, unspecified	5	F80-F89	1
F81	Specific developmental disorders of scholastic skills	5	F80-F89	0
F81.0	Specific reading disorder	5	F80-F89	1
F81.1	Specific spelling disorder	5	F80-F89	1
F81.2	Specific disorder of arithmetical skills	5	F80-F89	1
F81.3	Mixed disorder of scholastic skills	5	F80-F89	1
F81.8	Other developmental disorders of scholastic skills	5	F80-F89	1
F81.9	Developmental disorder of scholastic skills, unspecified	5	F80-F89	1
F82	Specific developmental disorder of motor function	5	F80-F89	1
F83	Mixed specific developmental disorders	5	F80-F89	1
F84	Pervasive developmental disorders	5	F80-F89	0
F84.0	Childhood autism	5	F80-F89	1
F84.1	Atypical autism	5	F80-F89	1
F84.2	Rett syndrome	5	F80-F89	1
F84.3	Other childhood disintegrative disorder	5	F80-F89	1
F84.4	Overactive disorder associated with mental retardation and stereotyped movements	5	F80-F89	1
F84.5	Asperger syndrome	5	F80-F89	1
F84.8	Other pervasive developmental disorders	5	F80-F89	1
F84.9	Pervasive developmental disorder, unspecified	5	F80-F89	1
F88	Other disorders of psychological development	5	F80-F89	1
F89	Unspecified disorder of psychological development	5	F80-F89	1
F90	Hyperkinetic disorders	5	F90-F98	0
F90.0	Disturbance of activity and attention	5	F90-F98	1
F90.1	Hyperkinetic conduct disorder	5	F90-F98	1
F90.8	Other hyperkinetic disorders	5	F90-F98	1
F90.9	Hyperkinetic disorder, unspecified	5	F90-F98	1
F91	Conduct disorders	5	F90-F98	0
F91.0	Conduct disorder confined to the family context	5	F90-F98	1
F91.1	Unsocialized conduct disorder	5	F90-F98	1
F91.2	Socialized conduct disorder	5	F90-F98	1
F91.3	Oppositional defiant disorder	5	F90-F98	1
F91.8	Other conduct disorders	5	F90-F98	1
F91.9	Conduct disorder, unspecified	5	F90-F98	1
F92	Mixed disorders of conduct and emotions	5	F90-F98	0
F92.0	Depressive conduct disorder	5	F90-F98	1
F92.8	Other mixed disorders of conduct and emotions	5	F90-F98	1
F92.9	Mixed disorder of conduct and emotions, unspecified	5	F90-F98	1
F93	Emotional disorders with onset specific to childhood	5	F90-F98	0
F93.0	Separation anxiety disorder of childhood	5	F90-F98	1
F93.1	Phobic anxiety disorder of childhood	5	F90-F98	1
F93.2	Social anxiety disorder of childhood	5	F90-F98	1
F93.3	Sibling rivalry disorder	5	F90-F98	1
F93.8	Other childhood emotional disorders	5	F90-F98	1
F93.9	Childhood emotional disorder, unspecified	5	F90-F98	1
F94	Disorders of social functioning with onset specific to childhood and adolescence	5	F90-F98	0
F94.0	Elective mutism	5	F90-F98	1
F94.1	Reactive attachment disorder of childhood	5	F90-F98	1
F94.2	Disinhibited attachment disorder of childhood	5	F90-F98	1
F94.8	Other childhood disorders of social functioning	5	F90-F98	1
F94.9	Childhood disorder of social functioning, unspecified	5	F90-F98	1
F95	Tic disorders	5	F90-F98	0
F95.0	Transient tic disorder	5	F90-F98	1
F95.1	Chronic motor or vocal tic disorder	5	F90-F98	1
F95.2	Combined vocal and multiple motor tic disorder [de la Tourette]	5	F90-F98	1
F95.8	Other tic disorders	5	F90-F98	1
F95.9	Tic disorder, unspecified	5	F90-F98	1
F98	Other behavioural and emotional disorders with onset usually occurring in childhood and adolescence	5	F90-F98	0
F98.0	Nonorganic enuresis	5	F90-F98	1
F98.1	Nonorganic encopresis	5	F90-F98	1
F98.2	Feeding disorder of infancy and childhood	5	F90-F98	1
F98.3	Pica of infancy and childhood	5	F90-F98	1
F98.4	Stereotyped movement disorders	5	F90-F98	1
F98.5	Stuttering [stammering]	5	F90-F98	1
F98.6	Cluttering	5	F90-F98	1
F98.8	Other specified behavioural and emotional disorders with onset usually occurring in childhood and adolescence	5	F90-F98	1
F98.9	Unspecified behavioural and emotional disorders with onset usually occurring in childhood and adolescence	5	F90-F98	1
F99	Mental disorder, not otherwise specified	5	F99-F99	1
G00	Bacterial meningitis, not elsewhere classified	6	G00-G09	0
G00.0	Haemophilus meningitis	6	G00-G09	1
G00.1	Pneumococcal meningitis	6	G00-G09	1
G00.2	Streptococcal meningitis	6	G00-G09	1
G00.3	Staphylococcal meningitis	6	G00-G09	1
G00.8	Other bacterial meningitis	6	G00-G09	1
G00.9	Bacterial meningitis, unspecified	6	G00-G09	1
G01	Meningitis in bacterial diseases classified elsewhere	6	G00-G09	1
G02	Meningitis in other infectious and parasitic diseases classified elsewhere	6	G00-G09	0
G02.0	Meningitis in viral diseases classified elsewhere	6	G00-G09	1
G02.1	Meningitis in mycoses	6	G00-G09	1
G02.8	Meningitis in other specified infectious and parasitic diseases classified elsewhere	6	G00-G09	1
G03	Meningitis due to other and unspecified causes	6	G00-G09	0
G03.0	Nonpyogenic meningitis	6	G00-G09	1
G03.1	Chronic meningitis	6	G00-G09	1
G03.2	Benign recurrent meningitis [Mollaret]	6	G00-G09	1
G03.8	Meningitis due to other specified causes	6	G00-G09	1
G03.9	Meningitis, unspecified	6	G00-G09	1
G04	Encephalitis, myelitis and encephalomyelitis	6	G00-G09	0
G04.0	Acute disseminated encephalitis	6	G00-G09	1
G04.1	Human T-cell lymphotropic virus associated myelopathy	6	G00-G09	1
G04.2	Bacterial meningoencephalitis and meningomyelitis, not elsewhere classified	6	G00-G09	1
G04.8	Other encephalitis, myelitis and encephalomyelitis	6	G00-G09	1
G04.9	Encephalitis, myelitis and encephalomyelitis, unspecified	6	G00-G09	1
G05	Encephalitis, myelitis and encephalomyelitis in diseases classified elsewhere	6	G00-G09	0
G05.0	Encephalitis, myelitis and encephalomyelitis in bacterial diseases classified elsewhere	6	G00-G09	1
G05.1	Encephalitis, myelitis and encephalomyelitis in viral diseases classified elsewhere	6	G00-G09	1
G05.2	Encephalitis, myelitis and encephalomyelitis in other infectious and parasitic diseases classified elsewhere	6	G00-G09	1
G05.8	Encephalitis, myelitis and encephalomyelitis in other diseases classified elsewhere	6	G00-G09	1
G06	Intracranial and intraspinal abscess and granuloma	6	G00-G09	0
G06.0	Intracranial abscess and granuloma	6	G00-G09	1
G06.1	Intraspinal abscess and granuloma	6	G00-G09	1
G06.2	Extradural and subdural abscess, unspecified	6	G00-G09	1
G07	Intracranial and intraspinal abscess and granuloma in diseases classified elsewhere	6	G00-G09	1
G08	Intracranial and intraspinal phlebitis and thrombophlebitis	6	G00-G09	1
G09	Sequelae of inflammatory diseases of central nervous system	6	G00-G09	1
G10	Huntington disease	6	G10-G14	1
G11	Hereditary ataxia	6	G10-G14	0
G11.0	Congenital nonprogressive ataxia	6	G10-G14	1
G11.1	Early-onset cerebellar ataxia	6	G10-G14	1
G11.2	Late-onset cerebellar ataxia	6	G10-G14	1
G11.3	Cerebellar ataxia with defective DNA repair	6	G10-G14	1
G11.4	Hereditary spastic paraplegia	6	G10-G14	1
G11.8	Other hereditary ataxias	6	G10-G14	1
G11.9	Hereditary ataxia, unspecified	6	G10-G14	1
G12	Spinal muscular atrophy and related syndromes	6	G10-G14	0
G12.0	Infantile spinal muscular atrophy, type I [Werdnig-Hoffman]	6	G10-G14	1
G12.1	Other inherited spinal muscular atrophy	6	G10-G14	1
G12.2	Motor neuron disease	6	G10-G14	1
G12.8	Other spinal muscular atrophies and related syndromes	6	G10-G14	1
G12.9	Spinal muscular atrophy, unspecified	6	G10-G14	1
G13	Systemic atrophies primarily affecting central nervous system in diseases classified elsewhere	6	G10-G14	0
G13.0	Paraneoplastic neuromyopathy and neuropathy	6	G10-G14	1
G13.1	Other systemic atrophy primarily affecting central nervous system in neoplastic disease	6	G10-G14	1
G13.2	Systemic atrophy primarily affecting central nervous system in myxoedema	6	G10-G14	1
G13.8	Systemic atrophy primarily affecting central nervous system in other diseases classified elsewhere	6	G10-G14	1
G14	Postpolio syndrome	6	G10-G14	1
G20	Parkinson disease	6	G20-G26	1
G21	Secondary parkinsonism	6	G20-G26	0
G21.0	Malignant neuroleptic syndrome	6	G20-G26	1
G21.1	Other drug-induced secondary parkinsonism	6	G20-G26	1
G21.2	Secondary parkinsonism due to other external agents	6	G20-G26	1
G21.3	Postencephalitic parkinsonism	6	G20-G26	1
G21.4	Vascular parkinsonism	6	G20-G26	1
G21.8	Other secondary parkinsonism	6	G20-G26	1
G21.9	Secondary parkinsonism, unspecified	6	G20-G26	1
G22	Parkinsonism in diseases classified elsewhere	6	G20-G26	1
G23	Other degenerative diseases of basal ganglia	6	G20-G26	0
G23.0	Hallervorden-Spatz disease	6	G20-G26	1
G23.1	Progressive supranuclear ophthalmoplegia [Steele-Richardson-Olszewski]	6	G20-G26	1
G23.2	Multiple system atrophy, parkinsonian type [MSA-P]	6	G20-G26	1
G23.3	Multiple system atrophy, cerebellar type [MSA-C]	6	G20-G26	1
G23.8	Other specified degenerative diseases of basal ganglia	6	G20-G26	1
G23.9	Degenerative disease of basal ganglia, unspecified	6	G20-G26	1
G24	Dystonia	6	G20-G26	0
G24.0	Drug-induced dystonia	6	G20-G26	1
G24.1	Idiopathic familial dystonia	6	G20-G26	1
G24.2	Idiopathic nonfamilial dystonia	6	G20-G26	1
G24.3	Spasmodic torticollis	6	G20-G26	1
G24.4	Idiopathic orofacial dystonia	6	G20-G26	1
G24.5	Blepharospasm	6	G20-G26	1
G24.8	Other dystonia	6	G20-G26	1
G24.9	Dystonia, unspecified	6	G20-G26	1
G25	Other extrapyramidal and movement disorders	6	G20-G26	0
G25.0	Essential tremor	6	G20-G26	1
G25.1	Drug-induced tremor	6	G20-G26	1
G25.2	Other specified forms of tremor	6	G20-G26	1
G25.3	Myoclonus	6	G20-G26	1
G25.4	Drug-induced chorea	6	G20-G26	1
G25.5	Other chorea	6	G20-G26	1
G25.6	Drug-induced tics and other tics of organic origin	6	G20-G26	1
G25.8	Other specified extrapyramidal and movement disorders	6	G20-G26	1
G25.9	Extrapyramidal and movement disorder, unspecified	6	G20-G26	1
G26	Extrapyramidal and movement disorders in diseases classified elsewhere	6	G20-G26	1
G30	Alzheimer disease	6	G30-G32	0
G30.0	Alzheimer disease with early onset	6	G30-G32	1
G30.1	Alzheimer disease with late onset	6	G30-G32	1
G30.8	Other Alzheimer disease	6	G30-G32	1
G30.9	Alzheimer disease, unspecified	6	G30-G32	1
G31	Other degenerative diseases of nervous system, not elsewhere classified	6	G30-G32	0
G31.0	Circumscribed brain atrophy	6	G30-G32	1
G31.1	Senile degeneration of brain, not elsewhere classified	6	G30-G32	1
G31.2	Degeneration of nervous system due to alcohol	6	G30-G32	1
G31.8	Other specified degenerative diseases of nervous system	6	G30-G32	1
G31.9	Degenerative disease of nervous system, unspecified	6	G30-G32	1
G32	Other degenerative disorders of nervous system in diseases classified elsewhere	6	G30-G32	0
G32.0	Subacute combined degeneration of spinal cord in diseases classified elsewhere	6	G30-G32	1
G32.8	Other specified degenerative disorders of nervous system in diseases classified elsewhere	6	G30-G32	1
G35	Multiple sclerosis	6	G35-G37	1
G36	Other acute disseminated demyelination	6	G35-G37	0
G36.0	Neuromyelitis optica [Devic]	6	G35-G37	1
G36.1	Acute and subacute haemorrhagic leukoencephalitis [Hurst]	6	G35-G37	1
G36.8	Other specified acute disseminated demyelination	6	G35-G37	1
G36.9	Acute disseminated demyelination, unspecified	6	G35-G37	1
G37	Other demyelinating diseases of central nervous system	6	G35-G37	0
G37.0	Diffuse sclerosis	6	G35-G37	1
G37.1	Central demyelination of corpus callosum	6	G35-G37	1
G37.2	Central pontine myelinolysis	6	G35-G37	1
G37.3	Acute transverse myelitis in demyelinating disease of central nervous system	6	G35-G37	1
G37.4	Subacute necrotizing myelitis	6	G35-G37	1
G37.5	Concentric sclerosis [Baló]	6	G35-G37	1
G37.8	Other specified demyelinating diseases of central nervous system	6	G35-G37	1
G37.9	Demyelinating disease of central nervous system, unspecified	6	G35-G37	1
G40	Epilepsy	6	G40-G47	0
G40.0	Localization-related (focal)(partial) idiopathic epilepsy and epileptic syndromes with seizures of localized onset	6	G40-G47	1
G40.1	Localization-related (focal)(partial) symptomatic epilepsy and epileptic syndromes with simple partial seizures	6	G40-G47	1
G40.2	Localization-related (focal)(partial) symptomatic epilepsy and epileptic syndromes with complex partial seizures	6	G40-G47	1
G40.3	Generalized idiopathic epilepsy and epileptic syndromes	6	G40-G47	1
G40.4	Other generalized epilepsy and epileptic syndromes	6	G40-G47	1
G40.5	Special epileptic syndromes	6	G40-G47	1
G40.6	Grand mal seizures, unspecified (with or without petit mal)	6	G40-G47	1
G40.7	Petit mal, unspecified, without grand mal seizures	6	G40-G47	1
G40.8	Other epilepsy	6	G40-G47	1
G40.9	Epilepsy, unspecified	6	G40-G47	1
G41	Status epilepticus	6	G40-G47	0
G41.0	Grand mal status epilepticus	6	G40-G47	1
G41.1	Petit mal status epilepticus	6	G40-G47	1
G41.2	Complex partial status epilepticus	6	G40-G47	1
G41.8	Other status epilepticus	6	G40-G47	1
G41.9	Status epilepticus, unspecified	6	G40-G47	1
G43	Migraine	6	G40-G47	0
G43.0	Migraine without aura [common migraine]	6	G40-G47	1
G43.1	Migraine with aura [classical migraine]	6	G40-G47	1
G43.2	Status migrainosus	6	G40-G47	1
G43.3	Complicated migraine	6	G40-G47	1
G43.8	Other migraine	6	G40-G47	1
G43.9	Migraine, unspecified	6	G40-G47	1
G44	Other headache syndromes	6	G40-G47	0
G44.0	Cluster headache syndrome	6	G40-G47	1
G44.1	Vascular headache, not elsewhere classified	6	G40-G47	1
G44.2	Tension-type headache	6	G40-G47	1
G44.3	Chronic post-traumatic headache	6	G40-G47	1
G44.4	Drug-induced headache, not elsewhere classified	6	G40-G47	1
G44.8	Other specified headache syndromes	6	G40-G47	1
G45	Transient cerebral ischaemic attacks and related syndromes	6	G40-G47	0
G45.0	Vertebro-basilar artery syndrome	6	G40-G47	1
G45.1	Carotid artery syndrome (hemispheric)	6	G40-G47	1
G45.2	Multiple and bilateral precerebral artery syndromes	6	G40-G47	1
G45.3	Amaurosis fugax	6	G40-G47	1
G45.4	Transient global amnesia	6	G40-G47	1
G45.8	Other transient cerebral ischaemic attacks and related syndromes	6	G40-G47	1
G45.9	Transient cerebral ischaemic attack, unspecified	6	G40-G47	1
G46	Vascular syndromes of brain in cerebrovascular diseases	6	G40-G47	0
G46.0	Middle cerebral artery syndrome	6	G40-G47	1
G46.1	Anterior cerebral artery syndrome	6	G40-G47	1
G46.2	Posterior cerebral artery syndrome	6	G40-G47	1
G46.3	Brain stem stroke syndrome	6	G40-G47	1
G46.4	Cerebellar stroke syndrome	6	G40-G47	1
G46.5	Pure motor lacunar syndrome	6	G40-G47	1
G46.6	Pure sensory lacunar syndrome	6	G40-G47	1
G46.7	Other lacunar syndromes	6	G40-G47	1
G46.8	Other vascular syndromes of brain in cerebrovascular diseases	6	G40-G47	1
G47	Sleep disorders	6	G40-G47	0
G47.0	Disorders of initiating and maintaining sleep [insomnias]	6	G40-G47	1
G47.1	Disorders of excessive somnolence [hypersomnias]	6	G40-G47	1
G47.2	Disorders of the sleep-wake schedule	6	G40-G47	1
G47.3	Sleep apnoea	6	G40-G47	1
G47.4	Narcolepsy and cataplexy	6	G40-G47	1
G47.8	Other sleep disorders	6	G40-G47	1
G47.9	Sleep disorder, unspecified	6	G40-G47	1
G50	Disorders of trigeminal nerve	6	G50-G59	0
G50.0	Trigeminal neuralgia	6	G50-G59	1
G50.1	Atypical facial pain	6	G50-G59	1
G50.8	Other disorders of trigeminal nerve	6	G50-G59	1
G50.9	Disorder of trigeminal nerve, unspecified	6	G50-G59	1
G51	Facial nerve disorders	6	G50-G59	0
G51.0	Bell palsy	6	G50-G59	1
G51.1	Geniculate ganglionitis	6	G50-G59	1
G51.2	Melkersson syndrome	6	G50-G59	1
G51.3	Clonic hemifacial spasm	6	G50-G59	1
G51.4	Facial myokymia	6	G50-G59	1
G51.8	Other disorders of facial nerve	6	G50-G59	1
G51.9	Disorder of facial nerve, unspecified	6	G50-G59	1
G52	Disorders of other cranial nerves	6	G50-G59	0
G52.0	Disorders of olfactory nerve	6	G50-G59	1
G52.1	Disorders of glossopharyngeal nerve	6	G50-G59	1
G52.2	Disorders of vagus nerve	6	G50-G59	1
G52.3	Disorders of hypoglossal nerve	6	G50-G59	1
G52.7	Disorders of multiple cranial nerves	6	G50-G59	1
G52.8	Disorders of other specified cranial nerves	6	G50-G59	1
G52.9	Cranial nerve disorder, unspecified	6	G50-G59	1
G53	Cranial nerve disorders in diseases classified elsewhere	6	G50-G59	0
G53.0	Postzoster neuralgia	6	G50-G59	1
G53.1	Multiple cranial nerve palsies in infectious and parasitic diseases classified elsewhere	6	G50-G59	1
G53.2	Multiple cranial nerve palsies in sarcoidosis	6	G50-G59	1
G53.3	Multiple cranial nerve palsies in neoplastic disease	6	G50-G59	1
G53.8	Other cranial nerve disorders in other diseases classified elsewhere	6	G50-G59	1
G54	Nerve root and plexus disorders	6	G50-G59	0
G54.0	Brachial plexus disorders	6	G50-G59	1
G54.1	Lumbosacral plexus disorders	6	G50-G59	1
G54.2	Cervical root disorders, not elsewhere classified	6	G50-G59	1
G54.3	Thoracic root disorders, not elsewhere classified	6	G50-G59	1
G54.4	Lumbosacral root disorders, not elsewhere classified	6	G50-G59	1
G54.5	Neuralgic amyotrophy	6	G50-G59	1
G54.6	Phantom limb syndrome with pain	6	G50-G59	1
G54.7	Phantom limb syndrome without pain	6	G50-G59	1
G54.8	Other nerve root and plexus disorders	6	G50-G59	1
G54.9	Nerve root and plexus disorder, unspecified	6	G50-G59	1
G55	Nerve root and plexus compressions in diseases classified elsewhere	6	G50-G59	0
G55.0	Nerve root and plexus compressions in neoplastic disease	6	G50-G59	1
G55.1	Nerve root and plexus compressions in intervertebral disc disorders	6	G50-G59	1
G55.2	Nerve root and plexus compressions in spondylosis	6	G50-G59	1
G55.3	Nerve root and plexus compressions in other dorsopathies	6	G50-G59	1
G55.8	Nerve root and plexus compressions in other diseases classified elsewhere	6	G50-G59	1
G56	Mononeuropathies of upper limb	6	G50-G59	0
G56.0	Carpal tunnel syndrome	6	G50-G59	1
G56.1	Other lesions of median nerve	6	G50-G59	1
G56.2	Lesion of ulnar nerve	6	G50-G59	1
G56.3	Lesion of radial nerve	6	G50-G59	1
G56.8	Other mononeuropathies of upper limb	6	G50-G59	1
G56.9	Mononeuropathy of upper limb, unspecified	6	G50-G59	1
G57	Mononeuropathies of lower limb	6	G50-G59	0
G57.0	Lesion of sciatic nerve	6	G50-G59	1
G57.1	Meralgia paraesthetica	6	G50-G59	1
G57.2	Lesion of femoral nerve	6	G50-G59	1
G57.3	Lesion of lateral popliteal nerve	6	G50-G59	1
G57.4	Lesion of medial popliteal nerve	6	G50-G59	1
G57.5	Tarsal tunnel syndrome	6	G50-G59	1
G57.6	Lesion of plantar nerve	6	G50-G59	1
G57.8	Other mononeuropathies of lower limb	6	G50-G59	1
G57.9	Mononeuropathy of lower limb, unspecified	6	G50-G59	1
G58	Other mononeuropathies	6	G50-G59	0
G58.0	Intercostal neuropathy	6	G50-G59	1
G58.7	Mononeuritis multiplex	6	G50-G59	1
G58.8	Other specified mononeuropathies	6	G50-G59	1
G58.9	Mononeuropathy, unspecified	6	G50-G59	1
G59	Mononeuropathy in diseases classified elsewhere	6	G50-G59	0
G59.0	Diabetic mononeuropathy	6	G50-G59	1
G59.8	Other mononeuropathies in diseases classified elsewhere	6	G50-G59	1
G60	Hereditary and idiopathic neuropathy	6	G60-G64	0
G60.0	Hereditary motor and sensory neuropathy	6	G60-G64	1
G60.1	Refsum disease	6	G60-G64	1
G60.2	Neuropathy in association with hereditary ataxia	6	G60-G64	1
G60.3	Idiopathic progressive neuropathy	6	G60-G64	1
G60.8	Other hereditary and idiopathic neuropathies	6	G60-G64	1
G60.9	Hereditary and idiopathic neuropathy, unspecified	6	G60-G64	1
G61	Inflammatory polyneuropathy	6	G60-G64	0
G61.0	Guillain-Barré syndrome	6	G60-G64	1
G61.1	Serum neuropathy	6	G60-G64	1
G61.8	Other inflammatory polyneuropathies	6	G60-G64	1
G61.9	Inflammatory polyneuropathy, unspecified	6	G60-G64	1
G62	Other polyneuropathies	6	G60-G64	0
G62.0	Drug-induced polyneuropathy	6	G60-G64	1
G62.1	Alcoholic polyneuropathy	6	G60-G64	1
G62.2	Polyneuropathy due to other toxic agents	6	G60-G64	1
G62.8	Other specified polyneuropathies	6	G60-G64	1
G62.9	Polyneuropathy, unspecified	6	G60-G64	1
G63	Polyneuropathy in diseases classified elsewhere	6	G60-G64	0
G63.0	Polyneuropathy in infectious and parasitic diseases classified elsewhere	6	G60-G64	1
G63.1	Polyneuropathy in neoplastic disease	6	G60-G64	1
G63.2	Diabetic polyneuropathy	6	G60-G64	1
G63.3	Polyneuropathy in other endocrine and metabolic diseases	6	G60-G64	1
G63.4	Polyneuropathy in nutritional deficiency	6	G60-G64	1
G63.5	Polyneuropathy in systemic connective tissue disorders	6	G60-G64	1
G63.6	Polyneuropathy in other musculoskeletal disorders	6	G60-G64	1
G63.8	Polyneuropathy in other diseases classified elsewhere	6	G60-G64	1
G64	Other disorders of peripheral nervous system	6	G60-G64	1
G70	Myasthenia gravis and other myoneural disorders	6	G70-G73	0
G70.0	Myasthenia gravis	6	G70-G73	1
G70.1	Toxic myoneural disorders	6	G70-G73	1
G70.2	Congenital and developmental myasthenia	6	G70-G73	1
G70.8	Other specified myoneural disorders	6	G70-G73	1
G70.9	Myoneural disorder, unspecified	6	G70-G73	1
G71	Primary disorders of muscles	6	G70-G73	0
G71.0	Muscular dystrophy	6	G70-G73	1
G71.1	Myotonic disorders	6	G70-G73	1
G71.2	Congenital myopathies	6	G70-G73	1
G71.3	Mitochondrial myopathy, not elsewhere classified	6	G70-G73	1
G71.8	Other primary disorders of muscles	6	G70-G73	1
G71.9	Primary disorder of muscle, unspecified	6	G70-G73	1
G72	Other myopathies	6	G70-G73	0
G72.0	Drug-induced myopathy	6	G70-G73	1
G72.1	Alcoholic myopathy	6	G70-G73	1
G72.2	Myopathy due to other toxic agents	6	G70-G73	1
G72.3	Periodic paralysis	6	G70-G73	1
G72.4	Inflammatory myopathy, not elsewhere classified	6	G70-G73	1
G72.8	Other specified myopathies	6	G70-G73	1
G72.9	Myopathy, unspecified	6	G70-G73	1
G73	Disorders of myoneural junction and muscle in diseases classified elsewhere	6	G70-G73	0
G73.0	Myasthenic syndromes in endocrine diseases	6	G70-G73	1
G73.1	Lambert-Eaton syndrome	6	G70-G73	1
G73.2	Other myasthenic syndromes in neoplastic disease	6	G70-G73	1
G73.3	Myasthenic syndromes in other diseases classified elsewhere	6	G70-G73	1
G73.4	Myopathy in infectious and parasitic diseases classified elsewhere	6	G70-G73	1
G73.5	Myopathy in endocrine diseases	6	G70-G73	1
G73.6	Myopathy in metabolic diseases	6	G70-G73	1
G73.7	Myopathy in other diseases classified elsewhere	6	G70-G73	1
G80	Cerebral palsy	6	G80-G83	0
G80.0	Spastic quadriplegic cerebral palsy	6	G80-G83	1
G80.1	Spastic diplegic cerebral palsy	6	G80-G83	1
G80.2	Spastic hemiplegic cerebral palsy	6	G80-G83	1
G80.3	Dyskinetic cerebral palsy	6	G80-G83	1
G80.4	Ataxic cerebral palsy	6	G80-G83	1
G80.8	Other cerebral palsy	6	G80-G83	1
G80.9	Cerebral palsy, unspecified	6	G80-G83	1
G81	Hemiplegia	6	G80-G83	0
G81.0	Flaccid hemiplegia	6	G80-G83	1
G81.1	Spastic hemiplegia	6	G80-G83	1
G81.9	Hemiplegia, unspecified	6	G80-G83	1
G82	Paraplegia and tetraplegia	6	G80-G83	0
G82.0	Flaccid paraplegia	6	G80-G83	1
G82.1	Spastic paraplegia	6	G80-G83	1
G82.2	Paraplegia, unspecified	6	G80-G83	1
G82.3	Flaccid tetraplegia	6	G80-G83	1
G82.4	Spastic tetraplegia	6	G80-G83	1
G82.5	Tetraplegia, unspecified	6	G80-G83	1
G83	Other paralytic syndromes	6	G80-G83	0
G83.0	Diplegia of upper limbs	6	G80-G83	1
G83.1	Monoplegia of lower limb	6	G80-G83	1
G83.2	Monoplegia of upper limb	6	G80-G83	1
G83.3	Monoplegia, unspecified	6	G80-G83	1
G83.4	Cauda equina syndrome	6	G80-G83	1
G83.5	Locked-in syndrome	6	G80-G83	1
G83.6	Upper motor neuron facial paralysis	6	G80-G83	1
G83.8	Other specified paralytic syndromes	6	G80-G83	1
G83.9	Paralytic syndrome, unspecified	6	G80-G83	1
G90	Disorders of autonomic nervous system	6	G90-G99	0
G90.0	Idiopathic peripheral autonomic neuropathy	6	G90-G99	1
G90.1	Familial dysautonomia [Riley-Day]	6	G90-G99	1
G90.2	Horner syndrome	6	G90-G99	1
G90.4	Autonomic dysreflexia	6	G90-G99	1
G90.5	Complex regional pain syndrome type I	6	G90-G99	1
G90.6	Complex regional pain syndrome type II	6	G90-G99	1
G90.7	Complex regional pain syndrome, other and unspecified type	6	G90-G99	1
G90.8	Other disorders of autonomic nervous system	6	G90-G99	1
G90.9	Disorder of autonomic nervous system, unspecified	6	G90-G99	1
G91	Hydrocephalus	6	G90-G99	0
G91.0	Communicating hydrocephalus	6	G90-G99	1
G91.1	Obstructive hydrocephalus	6	G90-G99	1
G91.2	Normal-pressure hydrocephalus	6	G90-G99	1
G91.3	Post-traumatic hydrocephalus, unspecified	6	G90-G99	1
G91.8	Other hydrocephalus	6	G90-G99	1
G91.9	Hydrocephalus, unspecified	6	G90-G99	1
G92	Toxic encephalopathy	6	G90-G99	1
G93	Other disorders of brain	6	G90-G99	0
G93.0	Cerebral cysts	6	G90-G99	1
G93.1	Anoxic brain damage, not elsewhere classified	6	G90-G99	1
G93.2	Benign intracranial hypertension	6	G90-G99	1
G93.3	Postviral fatigue syndrome	6	G90-G99	1
G93.4	Encephalopathy, unspecified	6	G90-G99	1
G93.5	Compression of brain	6	G90-G99	1
G93.6	Cerebral oedema	6	G90-G99	1
G93.7	Reye syndrome	6	G90-G99	1
G93.8	Other specified disorders of brain	6	G90-G99	1
G93.9	Disorder of brain, unspecified	6	G90-G99	1
G94	Other disorders of brain in diseases classified elsewhere	6	G90-G99	0
G94.0	Hydrocephalus in infectious and parasitic diseases classified elsewhere	6	G90-G99	1
G94.1	Hydrocephalus in neoplastic disease	6	G90-G99	1
G94.2	Hydrocephalus in other diseases classified elsewhere	6	G90-G99	1
G94.3	Encephalopathy in diseases classified elsewhere	6	G90-G99	1
G94.8	Other specified disorders of brain in diseases classified elsewhere	6	G90-G99	1
G95	Other diseases of spinal cord	6	G90-G99	0
G95.0	Syringomyelia and syringobulbia	6	G90-G99	1
G95.1	Vascular myelopathies	6	G90-G99	1
G95.2	Cord compression, unspecified	6	G90-G99	1
G95.8	Other specified diseases of spinal cord	6	G90-G99	1
G95.9	Disease of spinal cord, unspecified	6	G90-G99	1
G96	Other disorders of central nervous system	6	G90-G99	0
G96.0	Cerebrospinal fluid leak	6	G90-G99	1
G96.1	Disorders of meninges, not elsewhere classified	6	G90-G99	1
G96.8	Other specified disorders of central nervous system	6	G90-G99	1
G96.9	Disorder of central nervous system, unspecified	6	G90-G99	1
G97	Postprocedural disorders of nervous system, not elsewhere classified	6	G90-G99	0
G97.0	Cerebrospinal fluid leak from spinal puncture	6	G90-G99	1
G97.1	Other reaction to spinal and lumbar puncture	6	G90-G99	1
G97.2	Intracranial hypotension following ventricular shunting	6	G90-G99	1
G97.8	Other postprocedural disorders of nervous system	6	G90-G99	1
G97.9	Postprocedural disorder of nervous system, unspecified	6	G90-G99	1
G98	Other disorders of nervous system, not elsewhere classified	6	G90-G99	1
G99	Other disorders of nervous system in diseases classified elsewhere	6	G90-G99	0
G99.0	Autonomic neuropathy in endocrine and metabolic diseases	6	G90-G99	1
G99.1	Other disorders of autonomic nervous system in other diseases classified elsewhere	6	G90-G99	1
G99.2	Myelopathy in diseases classified elsewhere	6	G90-G99	1
G99.8	Other specified disorders of nervous system in diseases classified elsewhere	6	G90-G99	1
H00	Hordeolum and chalazion	7	H00-H06	0
H00.0	Hordeolum and other deep inflammation of eyelid	7	H00-H06	1
H00.1	Chalazion	7	H00-H06	1
H01	Other inflammation of eyelid	7	H00-H06	0
H01.0	Blepharitis	7	H00-H06	1
H01.1	Noninfectious dermatoses of eyelid	7	H00-H06	1
H01.8	Other specified inflammation of eyelid	7	H00-H06	1
H01.9	Inflammation of eyelid, unspecified	7	H00-H06	1
H02	Other disorders of eyelid	7	H00-H06	0
H02.0	Entropion and trichiasis of eyelid	7	H00-H06	1
H02.1	Ectropion of eyelid	7	H00-H06	1
H02.2	Lagophthalmos	7	H00-H06	1
H02.3	Blepharochalasis	7	H00-H06	1
H02.4	Ptosis of eyelid	7	H00-H06	1
H02.5	Other disorders affecting eyelid function	7	H00-H06	1
H02.6	Xanthelasma of eyelid	7	H00-H06	1
H02.7	Other degenerative disorders of eyelid and periocular area	7	H00-H06	1
H02.8	Other specified disorders of eyelid	7	H00-H06	1
H02.9	Disorder of eyelid, unspecified	7	H00-H06	1
H03	Disorders of eyelid in diseases classified elsewhere	7	H00-H06	0
H03.0	Parasitic infestation of eyelid in diseases classified elsewhere	7	H00-H06	1
H03.1	Involvement of eyelid in other infectious diseases classified elsewhere	7	H00-H06	1
H03.8	Involvement of eyelid in other diseases classified elsewhere	7	H00-H06	1
H04	Disorders of lacrimal system	7	H00-H06	0
H04.0	Dacryoadenitis	7	H00-H06	1
H04.1	Other disorders of lacrimal gland	7	H00-H06	1
H04.2	Epiphora	7	H00-H06	1
H04.3	Acute and unspecified inflammation of lacrimal passages	7	H00-H06	1
H04.4	Chronic inflammation of lacrimal passages	7	H00-H06	1
H04.5	Stenosis and insufficiency of lacrimal passages	7	H00-H06	1
H04.6	Other changes in lacrimal passages	7	H00-H06	1
H04.8	Other disorders of lacrimal system	7	H00-H06	1
H04.9	Disorder of lacrimal system, unspecified	7	H00-H06	1
H05	Disorders of orbit	7	H00-H06	0
H05.0	Acute inflammation of orbit	7	H00-H06	1
H05.1	Chronic inflammatory disorders of orbit	7	H00-H06	1
H05.2	Exophthalmic conditions	7	H00-H06	1
H05.3	Deformity of orbit	7	H00-H06	1
H05.4	Enophthalmos	7	H00-H06	1
H05.5	Retained (old) foreign body following penetrating wound of orbit	7	H00-H06	1
H05.8	Other disorders of orbit	7	H00-H06	1
H05.9	Disorder of orbit, unspecified	7	H00-H06	1
H06	Disorders of lacrimal system and orbit in diseases classified elsewhere	7	H00-H06	0
H06.0	Disorders of lacrimal system in diseases classified elsewhere	7	H00-H06	1
H06.1	Parasitic infestation of orbit in diseases classified elsewhere	7	H00-H06	1
H06.2	Dysthyroid exophthalmos	7	H00-H06	1
H06.3	Other disorders of orbit in diseases classified elsewhere	7	H00-H06	1
H10	Conjunctivitis	7	H10-H13	0
H10.0	Mucopurulent conjunctivitis	7	H10-H13	1
H10.1	Acute atopic conjunctivitis	7	H10-H13	1
H10.2	Other acute conjunctivitis	7	H10-H13	1
H10.3	Acute conjunctivitis, unspecified	7	H10-H13	1
H10.4	Chronic conjunctivitis	7	H10-H13	1
H10.5	Blepharoconjunctivitis	7	H10-H13	1
H10.8	Other conjunctivitis	7	H10-H13	1
H10.9	Conjunctivitis, unspecified	7	H10-H13	1
H11	Other disorders of conjunctiva	7	H10-H13	0
H11.0	Pterygium	7	H10-H13	1
H11.1	Conjunctival degenerations and deposits	7	H10-H13	1
H11.2	Conjunctival scars	7	H10-H13	1
H11.3	Conjunctival haemorrhage	7	H10-H13	1
H11.4	Other conjunctival vascular disorders and cysts	7	H10-H13	1
H11.8	Other specified disorders of conjunctiva	7	H10-H13	1
H11.9	Disorder of conjunctiva, unspecified	7	H10-H13	1
H13	Disorders of conjunctiva in diseases classified elsewhere	7	H10-H13	0
H13.0	Filarial infection of conjunctiva	7	H10-H13	1
H13.1	Conjunctivitis in infectious and parasitic diseases classified elsewhere	7	H10-H13	1
H13.2	Conjunctivitis in other diseases classified elsewhere	7	H10-H13	1
H13.3	Ocular pemphigoid	7	H10-H13	1
H13.8	Other disorders of conjunctiva in diseases classified elsewhere	7	H10-H13	1
H15	Disorders of sclera	7	H15-H22	0
H15.0	Scleritis	7	H15-H22	1
H15.1	Episcleritis	7	H15-H22	1
H15.8	Other disorders of sclera	7	H15-H22	1
H15.9	Disorder of sclera, unspecified	7	H15-H22	1
H16	Keratitis	7	H15-H22	0
H16.0	Corneal ulcer	7	H15-H22	1
H16.1	Other superficial keratitis without conjunctivitis	7	H15-H22	1
H16.2	Keratoconjunctivitis	7	H15-H22	1
H16.3	Interstitial and deep keratitis	7	H15-H22	1
H16.4	Corneal neovascularization	7	H15-H22	1
H16.8	Other keratitis	7	H15-H22	1
H16.9	Keratitis, unspecified	7	H15-H22	1
H17	Corneal scars and opacities	7	H15-H22	0
H17.0	Adherent leukoma	7	H15-H22	1
H17.1	Other central corneal opacity	7	H15-H22	1
H17.8	Other corneal scars and opacities	7	H15-H22	1
H17.9	Corneal scar and opacity, unspecified	7	H15-H22	1
H18	Other disorders of cornea	7	H15-H22	0
H18.0	Corneal pigmentations and deposits	7	H15-H22	1
H18.1	Bullous keratopathy	7	H15-H22	1
H18.2	Other corneal oedema	7	H15-H22	1
H18.3	Changes in corneal membranes	7	H15-H22	1
H18.4	Corneal degeneration	7	H15-H22	1
H18.5	Hereditary corneal dystrophies	7	H15-H22	1
H18.6	Keratoconus	7	H15-H22	1
H18.7	Other corneal deformities	7	H15-H22	1
H18.8	Other specified disorders of cornea	7	H15-H22	1
H18.9	Disorder of cornea, unspecified	7	H15-H22	1
H19	Disorders of sclera and cornea in diseases classified elsewhere	7	H15-H22	0
H19.0	Scleritis and episcleritis in diseases classified elsewhere	7	H15-H22	1
H19.1	Herpesviral keratitis and keratoconjunctivitis	7	H15-H22	1
H19.2	Keratitis and keratoconjunctivitis in other infectious and parasitic diseases classified elsewhere	7	H15-H22	1
H19.3	Keratitis and keratoconjunctivitis in other diseases classified elsewhere	7	H15-H22	1
H19.8	Other disorders of sclera and cornea in diseases classified elsewhere	7	H15-H22	1
H20	Iridocyclitis	7	H15-H22	0
H20.0	Acute and subacute iridocyclitis	7	H15-H22	1
H20.1	Chronic iridocyclitis	7	H15-H22	1
H20.2	Lens-induced iridocyclitis	7	H15-H22	1
H20.8	Other iridocyclitis	7	H15-H22	1
H20.9	Iridocyclitis, unspecified	7	H15-H22	1
H21	Other disorders of iris and ciliary body	7	H15-H22	0
H21.0	Hyphaema	7	H15-H22	1
H21.1	Other vascular disorders of iris and ciliary body	7	H15-H22	1
H21.2	Degeneration of iris and ciliary body	7	H15-H22	1
H21.3	Cyst of iris, ciliary body and anterior chamber	7	H15-H22	1
H21.4	Pupillary membranes	7	H15-H22	1
H21.5	Other adhesions and disruptions of iris and ciliary body	7	H15-H22	1
H21.8	Other specified disorders of iris and ciliary body	7	H15-H22	1
H21.9	Disorder of iris and ciliary body, unspecified	7	H15-H22	1
H22	Disorders of iris and ciliary body in diseases classified elsewhere	7	H15-H22	0
H22.0	Iridocyclitis in infectious and parasitic diseases classified elsewhere	7	H15-H22	1
H22.1	Iridocyclitis in other diseases classified elsewhere	7	H15-H22	1
H22.8	Other disorders of iris and ciliary body in diseases classified elsewhere	7	H15-H22	1
H25	Senile cataract	7	H25-H28	0
H25.0	Senile incipient cataract	7	H25-H28	1
H25.1	Senile nuclear cataract	7	H25-H28	1
H25.2	Senile cataract, morgagnian type	7	H25-H28	1
H25.8	Other senile cataract	7	H25-H28	1
H25.9	Senile cataract, unspecified	7	H25-H28	1
H26	Other cataract	7	H25-H28	0
H26.0	Infantile, juvenile and presenile cataract	7	H25-H28	1
H26.1	Traumatic cataract	7	H25-H28	1
H26.2	Complicated cataract	7	H25-H28	1
H26.3	Drug-induced cataract	7	H25-H28	1
H26.4	After-cataract	7	H25-H28	1
H26.8	Other specified cataract	7	H25-H28	1
H26.9	Cataract, unspecified	7	H25-H28	1
H27	Other disorders of lens	7	H25-H28	0
H27.0	Aphakia	7	H25-H28	1
H27.1	Dislocation of lens	7	H25-H28	1
H27.8	Other specified disorders of lens	7	H25-H28	1
H27.9	Disorder of lens, unspecified	7	H25-H28	1
H28	Cataract and other disorders of lens in diseases classified elsewhere	7	H25-H28	0
H28.0	Diabetic cataract	7	H25-H28	1
H28.1	Cataract in other endocrine, nutritional and metabolic diseases	7	H25-H28	1
H28.2	Cataract in other diseases classified elsewhere	7	H25-H28	1
H28.8	Other disorders of lens in diseases classified elsewhere	7	H25-H28	1
H30	Chorioretinal inflammation	7	H30-H36	0
H30.0	Focal chorioretinal inflammation	7	H30-H36	1
H30.1	Disseminated chorioretinal inflammation	7	H30-H36	1
H30.2	Posterior cyclitis	7	H30-H36	1
H30.8	Other chorioretinal inflammations	7	H30-H36	1
H30.9	Chorioretinal inflammation, unspecified	7	H30-H36	1
H31	Other disorders of choroid	7	H30-H36	0
H31.0	Chorioretinal scars	7	H30-H36	1
H31.1	Choroidal degeneration	7	H30-H36	1
H31.2	Hereditary choroidal dystrophy	7	H30-H36	1
H31.3	Choroidal haemorrhage and rupture	7	H30-H36	1
H31.4	Choroidal detachment	7	H30-H36	1
H31.8	Other specified disorders of choroid	7	H30-H36	1
H31.9	Disorder of choroid, unspecified	7	H30-H36	1
H32	Chorioretinal disorders in diseases classified elsewhere	7	H30-H36	0
H32.0	Chorioretinal inflammation in infectious and parasitic diseases classified elsewhere	7	H30-H36	1
H32.8	Other chorioretinal disorders in diseases classified elsewhere	7	H30-H36	1
H33	Retinal detachments and breaks	7	H30-H36	0
H33.0	Retinal detachment with retinal break	7	H30-H36	1
H33.1	Retinoschisis and retinal cysts	7	H30-H36	1
H33.2	Serous retinal detachment	7	H30-H36	1
H33.3	Retinal breaks without detachment	7	H30-H36	1
H33.4	Traction detachment of retina	7	H30-H36	1
H33.5	Other retinal detachments	7	H30-H36	1
H34	Retinal vascular occlusions	7	H30-H36	0
H34.0	Transient retinal artery occlusion	7	H30-H36	1
H34.1	Central retinal artery occlusion	7	H30-H36	1
H34.2	Other retinal artery occlusions	7	H30-H36	1
H34.8	Other retinal vascular occlusions	7	H30-H36	1
H34.9	Retinal vascular occlusion, unspecified	7	H30-H36	1
H35	Other retinal disorders	7	H30-H36	0
H35.0	Background retinopathy and retinal vascular changes	7	H30-H36	1
H35.1	Retinopathy of prematurity	7	H30-H36	1
H35.2	Other proliferative retinopathy	7	H30-H36	1
H35.3	Degeneration of macula and posterior pole	7	H30-H36	1
H35.4	Peripheral retinal degeneration	7	H30-H36	1
H35.5	Hereditary retinal dystrophy	7	H30-H36	1
H35.6	Retinal haemorrhage	7	H30-H36	1
H35.7	Separation of retinal layers	7	H30-H36	1
H35.8	Other specified retinal disorders	7	H30-H36	1
H35.9	Retinal disorder, unspecified	7	H30-H36	1
H36	Retinal disorders in diseases classified elsewhere	7	H30-H36	0
H36.0	Diabetic retinopathy	7	H30-H36	1
H36.8	Other retinal disorders in diseases classified elsewhere	7	H30-H36	1
H40	Glaucoma	7	H40-H42	0
H40.0	Glaucoma suspect	7	H40-H42	1
H40.1	Primary open-angle glaucoma	7	H40-H42	1
H40.2	Primary angle-closure glaucoma	7	H40-H42	1
H40.3	Glaucoma secondary to eye trauma	7	H40-H42	1
H40.4	Glaucoma secondary to eye inflammation	7	H40-H42	1
H40.5	Glaucoma secondary to other eye disorders	7	H40-H42	1
H40.6	Glaucoma secondary to drugs	7	H40-H42	1
H40.8	Other glaucoma	7	H40-H42	1
H40.9	Glaucoma, unspecified	7	H40-H42	1
H42	Glaucoma in diseases classified elsewhere	7	H40-H42	0
H42.0	Glaucoma in endocrine, nutritional and metabolic diseases	7	H40-H42	1
H42.8	Glaucoma in other diseases classified elsewhere	7	H40-H42	1
H43	Disorders of vitreous body	7	H43-H45	0
H43.0	Vitreous prolapse	7	H43-H45	1
H43.1	Vitreous haemorrhage	7	H43-H45	1
H43.2	Crystalline deposits in vitreous body	7	H43-H45	1
H43.3	Other vitreous opacities	7	H43-H45	1
H43.8	Other disorders of vitreous body	7	H43-H45	1
H43.9	Disorder of vitreous body, unspecified	7	H43-H45	1
H44	Disorders of globe	7	H43-H45	0
H44.0	Purulent endophthalmitis	7	H43-H45	1
H44.1	Other endophthalmitis	7	H43-H45	1
H44.2	Degenerative myopia	7	H43-H45	1
H44.3	Other degenerative disorders of globe	7	H43-H45	1
H44.4	Hypotony of eye	7	H43-H45	1
H44.5	Degenerated conditions of globe	7	H43-H45	1
H44.6	Retained (old) intraocular foreign body, magnetic	7	H43-H45	1
H44.7	Retained (old) intraocular foreign body, nonmagnetic	7	H43-H45	1
H44.8	Other disorders of globe	7	H43-H45	1
H44.9	Disorder of globe, unspecified	7	H43-H45	1
H45	Disorders of vitreous body and globe in diseases classified elsewhere	7	H43-H45	0
H45.0	Vitreous haemorrhage in diseases classified elsewhere	7	H43-H45	1
H45.1	Endophthalmitis in diseases classified elsewhere	7	H43-H45	1
H45.8	Other disorders of vitreous body and globe in diseases classified elsewhere	7	H43-H45	1
H46	Optic neuritis	7	H46-H48	1
H47	Other disorders of optic [2nd] nerve and visual pathways	7	H46-H48	0
H47.0	Disorders of optic nerve, not elsewhere classified	7	H46-H48	1
H47.1	Papilloedema, unspecified	7	H46-H48	1
H47.2	Optic atrophy	7	H46-H48	1
H47.3	Other disorders of optic disc	7	H46-H48	1
H47.4	Disorders of optic chiasm	7	H46-H48	1
H47.5	Disorders of other visual pathways	7	H46-H48	1
H47.6	Disorders of visual cortex	7	H46-H48	1
H47.7	Disorder of visual pathways, unspecified	7	H46-H48	1
H48	Disorders of optic [2nd] nerve and visual pathways in diseases classified elsewhere	7	H46-H48	0
H48.0	Optic atrophy in diseases classified elsewhere	7	H46-H48	1
H48.1	Retrobulbar neuritis in diseases classified elsewhere	7	H46-H48	1
H48.8	Other disorders of optic nerve and visual pathways in diseases classified elsewhere	7	H46-H48	1
H49	Paralytic strabismus	7	H49-H52	0
H49.0	Third [oculomotor] nerve palsy	7	H49-H52	1
H49.1	Fourth [trochlear] nerve palsy	7	H49-H52	1
H49.2	Sixth [abducent] nerve palsy	7	H49-H52	1
H49.3	Total (external) ophthalmoplegia	7	H49-H52	1
H49.4	Progressive external ophthalmoplegia	7	H49-H52	1
H49.8	Other paralytic strabismus	7	H49-H52	1
H49.9	Paralytic strabismus, unspecified	7	H49-H52	1
H50	Other strabismus	7	H49-H52	0
H50.0	Convergent concomitant strabismus	7	H49-H52	1
H50.1	Divergent concomitant strabismus	7	H49-H52	1
H50.2	Vertical strabismus	7	H49-H52	1
H50.3	Intermittent heterotropia	7	H49-H52	1
H50.4	Other and unspecified heterotropia	7	H49-H52	1
H50.5	Heterophoria	7	H49-H52	1
H50.6	Mechanical strabismus	7	H49-H52	1
H50.8	Other specified strabismus	7	H49-H52	1
H50.9	Strabismus, unspecified	7	H49-H52	1
H51	Other disorders of binocular movement	7	H49-H52	0
H51.0	Palsy of conjugate gaze	7	H49-H52	1
H51.1	Convergence insufficiency and excess	7	H49-H52	1
H51.2	Internuclear ophthalmoplegia	7	H49-H52	1
H51.8	Other specified disorders of binocular movement	7	H49-H52	1
H51.9	Disorder of binocular movement, unspecified	7	H49-H52	1
H52	Disorders of refraction and accommodation	7	H49-H52	0
H52.0	Hypermetropia	7	H49-H52	1
H52.1	Myopia	7	H49-H52	1
H52.2	Astigmatism	7	H49-H52	1
H52.3	Anisometropia and aniseikonia	7	H49-H52	1
H52.4	Presbyopia	7	H49-H52	1
H52.5	Disorders of accommodation	7	H49-H52	1
H52.6	Other disorders of refraction	7	H49-H52	1
H52.7	Disorder of refraction, unspecified	7	H49-H52	1
H53	Visual disturbances	7	H53-H54	0
H53.0	Amblyopia ex anopsia	7	H53-H54	1
H53.1	Subjective visual disturbances	7	H53-H54	1
H53.2	Diplopia	7	H53-H54	1
H53.3	Other disorders of binocular vision	7	H53-H54	1
H53.4	Visual field defects	7	H53-H54	1
H53.5	Colour vision deficiencies	7	H53-H54	1
H53.6	Night blindness	7	H53-H54	1
H53.8	Other visual disturbances	7	H53-H54	1
H53.9	Visual disturbance, unspecified	7	H53-H54	1
H54	Visual impairment including blindness (binocular or monocular)	7	H53-H54	0
H54.0	Blindness, binocular	7	H53-H54	1
H54.1	Severe visual impairment, binocular	7	H53-H54	1
H54.2	Moderate visual impairment, binocular	7	H53-H54	1
H54.3	Mild or no visual impairment, binocular	7	H53-H54	1
H54.4	Blindness, monocular	7	H53-H54	1
H54.5	Severe visual impairment, monocular	7	H53-H54	1
H54.6	Moderate visual impairment, monocular	7	H53-H54	1
H54.9	Unspecified visual impairment (binocular)	7	H53-H54	1
H55	Nystagmus and other irregular eye movements	7	H55-H59	1
H57	Other disorders of eye and adnexa	7	H55-H59	0
H57.0	Anomalies of pupillary function	7	H55-H59	1
H57.1	Ocular pain	7	H55-H59	1
H57.8	Other specified disorders of eye and adnexa	7	H55-H59	1
H57.9	Disorder of eye and adnexa, unspecified	7	H55-H59	1
H58	Other disorders of eye and adnexa in diseases classified elsewhere	7	H55-H59	0
H58.0	Anomalies of pupillary function in diseases classified elsewhere	7	H55-H59	1
H58.1	Visual disturbances in diseases classified elsewhere	7	H55-H59	1
H58.8	Other specified disorders of eye and adnexa in diseases classified elsewhere	7	H55-H59	1
H59	Postprocedural disorders of eye and adnexa, not elsewhere classified	7	H55-H59	0
H59.0	Keratopathy (bullous aphakic) following cataract surgery	7	H55-H59	1
H59.8	Other postprocedural disorders of eye and adnexa	7	H55-H59	1
H59.9	Postprocedural disorder of eye and adnexa, unspecified	7	H55-H59	1
H60	Otitis externa	8	H60-H62	0
H60.0	Abscess of external ear	8	H60-H62	1
H60.1	Cellulitis of external ear	8	H60-H62	1
H60.2	Malignant otitis externa	8	H60-H62	1
H60.3	Other infective otitis externa	8	H60-H62	1
H60.4	Cholesteatoma of external ear	8	H60-H62	1
H60.5	Acute otitis externa, noninfective	8	H60-H62	1
H60.8	Other otitis externa	8	H60-H62	1
H60.9	Otitis externa, unspecified	8	H60-H62	1
H61	Other disorders of external ear	8	H60-H62	0
H61.0	Perichondritis of external ear	8	H60-H62	1
H61.1	Noninfective disorders of pinna	8	H60-H62	1
H61.2	Impacted cerumen	8	H60-H62	1
H61.3	Acquired stenosis of external ear canal	8	H60-H62	1
H61.8	Other specified disorders of external ear	8	H60-H62	1
H61.9	Disorder of external ear, unspecified	8	H60-H62	1
H62	Disorders of external ear in diseases classified elsewhere	8	H60-H62	0
H62.0	Otitis externa in bacterial diseases classified elsewhere	8	H60-H62	1
H62.1	Otitis externa in viral diseases classified elsewhere	8	H60-H62	1
H62.2	Otitis externa in mycoses	8	H60-H62	1
H62.3	Otitis externa in other infectious and parasitic diseases classified elsewhere	8	H60-H62	1
H62.4	Otitis externa in other diseases classified elsewhere	8	H60-H62	1
H62.8	Other disorders of external ear in diseases classified elsewhere	8	H60-H62	1
H65	Nonsuppurative otitis media	8	H65-H75	0
H65.0	Acute serous otitis media	8	H65-H75	1
H65.1	Other acute nonsuppurative otitis media	8	H65-H75	1
H65.2	Chronic serous otitis media	8	H65-H75	1
H65.3	Chronic mucoid otitis media	8	H65-H75	1
H65.4	Other chronic nonsuppurative otitis media	8	H65-H75	1
H65.9	Nonsuppurative otitis media, unspecified	8	H65-H75	1
H66	Suppurative and unspecified otitis media	8	H65-H75	0
H66.0	Acute suppurative otitis media	8	H65-H75	1
H66.1	Chronic tubotympanic suppurative otitis media	8	H65-H75	1
H66.2	Chronic atticoantral suppurative otitis media	8	H65-H75	1
H66.3	Other chronic suppurative otitis media	8	H65-H75	1
H66.4	Suppurative otitis media, unspecified	8	H65-H75	1
H66.9	Otitis media, unspecified	8	H65-H75	1
H67	Otitis media in diseases classified elsewhere	8	H65-H75	0
H67.0	Otitis media in bacterial diseases classified elsewhere	8	H65-H75	1
H67.1	Otitis media in viral diseases classified elsewhere	8	H65-H75	1
H67.8	Otitis media in other diseases classified elsewhere	8	H65-H75	1
H68	Eustachian salpingitis and obstruction	8	H65-H75	0
H68.0	Eustachian salpingitis	8	H65-H75	1
H68.1	Obstruction of Eustachian tube	8	H65-H75	1
H69	Other disorders of Eustachian tube	8	H65-H75	0
H69.0	Patulous Eustachian tube	8	H65-H75	1
H69.8	Other specified disorders of Eustachian tube	8	H65-H75	1
H69.9	Eustachian tube disorder, unspecified	8	H65-H75	1
H70	Mastoiditis and related conditions	8	H65-H75	0
H70.0	Acute mastoiditis	8	H65-H75	1
H70.1	Chronic mastoiditis	8	H65-H75	1
H70.2	Petrositis	8	H65-H75	1
H70.8	Other mastoiditis and related conditions	8	H65-H75	1
H70.9	Mastoiditis, unspecified	8	H65-H75	1
H71	Cholesteatoma of middle ear	8	H65-H75	1
H72	Perforation of tympanic membrane	8	H65-H75	0
H72.0	Central perforation of tympanic membrane	8	H65-H75	1
H72.1	Attic perforation of tympanic membrane	8	H65-H75	1
H72.2	Other marginal perforations of tympanic membrane	8	H65-H75	1
H72.8	Other perforations of tympanic membrane	8	H65-H75	1
H72.9	Perforation of tympanic membrane, unspecified	8	H65-H75	1
H73	Other disorders of tympanic membrane	8	H65-H75	0
H73.0	Acute myringitis	8	H65-H75	1
H73.1	Chronic myringitis	8	H65-H75	1
H73.8	Other specified disorders of tympanic membrane	8	H65-H75	1
H73.9	Disorder of tympanic membrane, unspecified	8	H65-H75	1
H74	Other disorders of middle ear and mastoid	8	H65-H75	0
H74.0	Tympanosclerosis	8	H65-H75	1
H74.1	Adhesive middle ear disease	8	H65-H75	1
H74.2	Discontinuity and dislocation of ear ossicles	8	H65-H75	1
H74.3	Other acquired abnormalities of ear ossicles	8	H65-H75	1
H74.4	Polyp of middle ear	8	H65-H75	1
H74.8	Other specified disorders of middle ear and mastoid	8	H65-H75	1
H74.9	Disorder of middle ear and mastoid, unspecified	8	H65-H75	1
H75	Other disorders of middle ear and mastoid in diseases classified elsewhere	8	H65-H75	0
H75.0	Mastoiditis in infectious and parasitic diseases classified elsewhere	8	H65-H75	1
H75.8	Other specified disorders of middle ear and mastoid in diseases classified elsewhere	8	H65-H75	1
H80	Otosclerosis	8	H80-H83	0
H80.0	Otosclerosis involving oval window, nonobliterative	8	H80-H83	1
H80.1	Otosclerosis involving oval window, obliterative	8	H80-H83	1
H80.2	Cochlear otosclerosis	8	H80-H83	1
H80.8	Other otosclerosis	8	H80-H83	1
H80.9	Otosclerosis, unspecified	8	H80-H83	1
H81	Disorders of vestibular function	8	H80-H83	0
H81.0	Ménière disease	8	H80-H83	1
H81.1	Benign paroxysmal vertigo	8	H80-H83	1
H81.2	Vestibular neuronitis	8	H80-H83	1
H81.3	Other peripheral vertigo	8	H80-H83	1
H81.4	Vertigo of central origin	8	H80-H83	1
H81.8	Other disorders of vestibular function	8	H80-H83	1
H81.9	Disorder of vestibular function, unspecified	8	H80-H83	1
H82	Vertiginous syndromes in diseases classified elsewhere	8	H80-H83	1
H83	Other diseases of inner ear	8	H80-H83	0
H83.0	Labyrinthitis	8	H80-H83	1
H83.1	Labyrinthine fistula	8	H80-H83	1
H83.2	Labyrinthine dysfunction	8	H80-H83	1
H83.3	Noise effects on inner ear	8	H80-H83	1
H83.8	Other specified diseases of inner ear	8	H80-H83	1
H83.9	Disease of inner ear, unspecified	8	H80-H83	1
H90	Conductive and sensorineural hearing loss	8	H90-H95	0
H90.0	Conductive hearing loss, bilateral	8	H90-H95	1
H90.1	Conductive hearing loss, unilateral with unrestricted hearing on the contralateral side	8	H90-H95	1
H90.2	Conductive hearing loss, unspecified	8	H90-H95	1
H90.3	Sensorineural hearing loss, bilateral	8	H90-H95	1
H90.4	Sensorineural hearing loss, unilateral with unrestricted hearing on the contralateral side	8	H90-H95	1
H90.5	Sensorineural hearing loss, unspecified	8	H90-H95	1
H90.6	Mixed conductive and sensorineural hearing loss, bilateral	8	H90-H95	1
H90.7	Mixed conductive and sensorineural hearing loss, unilateral with unrestricted hearing on the contralateral side	8	H90-H95	1
H90.8	Mixed conductive and sensorineural hearing loss, unspecified	8	H90-H95	1
H91	Other hearing loss	8	H90-H95	0
H91.0	Ototoxic hearing loss	8	H90-H95	1
H91.1	Presbycusis	8	H90-H95	1
H91.2	Sudden idiopathic hearing loss	8	H90-H95	1
H91.3	Deaf mutism, not elsewhere classified	8	H90-H95	1
H91.8	Other specified hearing loss	8	H90-H95	1
H91.9	Hearing loss, unspecified	8	H90-H95	1
H92	Otalgia and effusion of ear	8	H90-H95	0
H92.0	Otalgia	8	H90-H95	1
H92.1	Otorrhoea	8	H90-H95	1
H92.2	Otorrhagia	8	H90-H95	1
H93	Other disorders of ear, not elsewhere classified	8	H90-H95	0
H93.0	Degenerative and vascular disorders of ear	8	H90-H95	1
H93.1	Tinnitus	8	H90-H95	1
H93.2	Other abnormal auditory perceptions	8	H90-H95	1
H93.3	Disorders of acoustic nerve	8	H90-H95	1
H93.8	Other specified disorders of ear	8	H90-H95	1
H93.9	Disorder of ear, unspecified	8	H90-H95	1
H94	Other disorders of ear in diseases classified elsewhere	8	H90-H95	0
H94.0	Acoustic neuritis in infectious and parasitic diseases classified elsewhere	8	H90-H95	1
H94.8	Other specified disorders of ear in diseases classified elsewhere	8	H90-H95	1
H95	Postprocedural disorders of ear and mastoid process, not elsewhere classified	8	H90-H95	0
H95.0	Recurrent cholesteatoma of postmastoidectomy cavity	8	H90-H95	1
H95.1	Other disorders following mastoidectomy	8	H90-H95	1
H95.8	Other postprocedural disorders of ear and mastoid process	8	H90-H95	1
H95.9	Postprocedural disorder of ear and mastoid process, unspecified	8	H90-H95	1
I00	Rheumatic fever without mention of heart involvement	9	I00-I02	1
I01	Rheumatic fever with heart involvement	9	I00-I02	0
I01.0	Acute rheumatic pericarditis	9	I00-I02	1
I01.1	Acute rheumatic endocarditis	9	I00-I02	1
I01.2	Acute rheumatic myocarditis	9	I00-I02	1
I01.8	Other acute rheumatic heart disease	9	I00-I02	1
I01.9	Acute rheumatic heart disease, unspecified	9	I00-I02	1
I02	Rheumatic chorea	9	I00-I02	0
I02.0	Rheumatic chorea with heart involvement	9	I00-I02	1
I02.9	Rheumatic chorea without heart involvement	9	I00-I02	1
I05	Rheumatic mitral valve diseases	9	I05-I09	0
I05.0	Mitral stenosis	9	I05-I09	1
I05.1	Rheumatic mitral insufficiency	9	I05-I09	1
I05.2	Mitral stenosis with insufficiency	9	I05-I09	1
I05.8	Other mitral valve diseases	9	I05-I09	1
I05.9	Mitral valve disease, unspecified	9	I05-I09	1
I06	Rheumatic aortic valve diseases	9	I05-I09	0
I06.0	Rheumatic aortic stenosis	9	I05-I09	1
I06.1	Rheumatic aortic insufficiency	9	I05-I09	1
I06.2	Rheumatic aortic stenosis with insufficiency	9	I05-I09	1
I06.8	Other rheumatic aortic valve diseases	9	I05-I09	1
I06.9	Rheumatic aortic valve disease, unspecified	9	I05-I09	1
I07	Rheumatic tricuspid valve diseases	9	I05-I09	0
I07.0	Tricuspid stenosis	9	I05-I09	1
I07.1	Tricuspid insufficiency	9	I05-I09	1
I07.2	Tricuspid stenosis with insufficiency	9	I05-I09	1
I07.8	Other tricuspid valve diseases	9	I05-I09	1
I07.9	Tricuspid valve disease, unspecified	9	I05-I09	1
I08	Multiple valve diseases	9	I05-I09	0
I08.0	Disorders of both mitral and aortic valves	9	I05-I09	1
I08.1	Disorders of both mitral and tricuspid valves	9	I05-I09	1
I08.2	Disorders of both aortic and tricuspid valves	9	I05-I09	1
I08.3	Combined disorders of mitral, aortic and tricuspid valves	9	I05-I09	1
I08.8	Other multiple valve diseases	9	I05-I09	1
I08.9	Multiple valve disease, unspecified	9	I05-I09	1
I09	Other rheumatic heart diseases	9	I05-I09	0
I09.0	Rheumatic myocarditis	9	I05-I09	1
I09.1	Rheumatic diseases of endocardium, valve unspecified	9	I05-I09	1
I09.2	Chronic rheumatic pericarditis	9	I05-I09	1
I09.8	Other specified rheumatic heart diseases	9	I05-I09	1
I09.9	Rheumatic heart disease, unspecified	9	I05-I09	1
I10	Essential (primary) hypertension	9	I10-I15	1
I11	Hypertensive heart disease	9	I10-I15	0
I11.0	Hypertensive heart disease with (congestive) heart failure	9	I10-I15	1
I11.9	Hypertensive heart disease without (congestive) heart failure	9	I10-I15	1
I12	Hypertensive renal disease	9	I10-I15	0
I12.0	Hypertensive renal disease with renal failure	9	I10-I15	1
I12.9	Hypertensive renal disease without renal failure	9	I10-I15	1
I13	Hypertensive heart and renal disease	9	I10-I15	0
I13.0	Hypertensive heart and renal disease with (congestive) heart failure	9	I10-I15	1
I13.1	Hypertensive heart and renal disease with renal failure	9	I10-I15	1
I13.2	Hypertensive heart and renal disease with both (congestive) heart failure and renal failure	9	I10-I15	1
I13.9	Hypertensive heart and renal disease, unspecified	9	I10-I15	1
I15	Secondary hypertension	9	I10-I15	0
I15.0	Renovascular hypertension	9	I10-I15	1
I15.1	Hypertension secondary to other renal disorders	9	I10-I15	1
I15.2	Hypertension secondary to endocrine disorders	9	I10-I15	1
I15.8	Other secondary hypertension	9	I10-I15	1
I15.9	Secondary hypertension, unspecified	9	I10-I15	1
I20	Angina pectoris	9	I20-I25	0
I20.0	Unstable angina	9	I20-I25	1
I20.1	Angina pectoris with documented spasm	9	I20-I25	1
I20.8	Other forms of angina pectoris	9	I20-I25	1
I20.9	Angina pectoris, unspecified	9	I20-I25	1
I21	Acute myocardial infarction	9	I20-I25	0
I21.0	Acute transmural myocardial infarction of anterior wall	9	I20-I25	1
I21.1	Acute transmural myocardial infarction of inferior wall	9	I20-I25	1
I21.2	Acute transmural myocardial infarction of other sites	9	I20-I25	1
I21.3	Acute transmural myocardial infarction of unspecified site	9	I20-I25	1
I21.4	Acute subendocardial myocardial infarction	9	I20-I25	1
I21.9	Acute myocardial infarction, unspecified	9	I20-I25	1
I22	Subsequent myocardial infarction	9	I20-I25	0
I22.0	Subsequent myocardial infarction of anterior wall	9	I20-I25	1
I22.1	Subsequent myocardial infarction of inferior wall	9	I20-I25	1
I22.8	Subsequent myocardial infarction of other sites	9	I20-I25	1
I22.9	Subsequent myocardial infarction of unspecified site	9	I20-I25	1
I23	Certain current complications following acute myocardial infarction	9	I20-I25	0
I23.0	Haemopericardium as current complication following acute myocardial infarction	9	I20-I25	1
I23.1	Atrial septal defect as current complication following acute myocardial infarction	9	I20-I25	1
I23.2	Ventricular septal defect as current complication following acute myocardial infarction	9	I20-I25	1
I23.3	Rupture of cardiac wall without haemopericardium as current complication following acute myocardial infarction	9	I20-I25	1
I23.4	Rupture of chordae tendineae as current complication following acute myocardial infarction	9	I20-I25	1
I23.5	Rupture of papillary muscle as current complication following acute myocardial infarction	9	I20-I25	1
I23.6	Thrombosis of atrium, auricular appendage, and ventricle as current complications following acute myocardial infarction	9	I20-I25	1
I23.8	Other current complications following acute myocardial infarction	9	I20-I25	1
I24	Other acute ischaemic heart diseases	9	I20-I25	0
I24.0	Coronary thrombosis not resulting in myocardial infarction	9	I20-I25	1
I24.1	Dressler syndrome	9	I20-I25	1
I24.8	Other forms of acute ischaemic heart disease	9	I20-I25	1
I24.9	Acute ischaemic heart disease, unspecified	9	I20-I25	1
I25	Chronic ischaemic heart disease	9	I20-I25	0
I25.0	Atherosclerotic cardiovascular disease, so described	9	I20-I25	1
I25.1	Atherosclerotic heart disease	9	I20-I25	1
I25.2	Old myocardial infarction	9	I20-I25	1
I25.3	Aneurysm of heart	9	I20-I25	1
I25.4	Coronary artery aneurysm and dissection	9	I20-I25	1
I25.5	Ischaemic cardiomyopathy	9	I20-I25	1
I25.6	Silent myocardial ischaemia	9	I20-I25	1
I25.8	Other forms of chronic ischaemic heart disease	9	I20-I25	1
I25.9	Chronic ischaemic heart disease, unspecified	9	I20-I25	1
I26	Pulmonary embolism	9	I26-I28	0
I26.0	Pulmonary embolism with mention of acute cor pulmonale	9	I26-I28	1
I26.9	Pulmonary embolism without mention of acute cor pulmonale	9	I26-I28	1
I27	Other pulmonary heart diseases	9	I26-I28	0
I27.0	Primary pulmonary hypertension	9	I26-I28	1
I27.1	Kyphoscoliotic heart disease	9	I26-I28	1
I27.2	Other secondary pulmonary hypertension	9	I26-I28	1
I27.8	Other specified pulmonary heart diseases	9	I26-I28	1
I27.9	Pulmonary heart disease, unspecified	9	I26-I28	1
I28	Other diseases of pulmonary vessels	9	I26-I28	0
I28.0	Arteriovenous fistula of pulmonary vessels	9	I26-I28	1
I28.1	Aneurysm of pulmonary artery	9	I26-I28	1
I28.8	Other specified diseases of pulmonary vessels	9	I26-I28	1
I28.9	Disease of pulmonary vessels, unspecified	9	I26-I28	1
I30	Acute pericarditis	9	I30-I52	0
I30.0	Acute nonspecific idiopathic pericarditis	9	I30-I52	1
I30.1	Infective pericarditis	9	I30-I52	1
I30.8	Other forms of acute pericarditis	9	I30-I52	1
I30.9	Acute pericarditis, unspecified	9	I30-I52	1
I31	Other diseases of pericardium	9	I30-I52	0
I31.0	Chronic adhesive pericarditis	9	I30-I52	1
I31.1	Chronic constrictive pericarditis	9	I30-I52	1
I31.2	Haemopericardium, not elsewhere classified	9	I30-I52	1
I31.3	Pericardial effusion (noninflammatory)	9	I30-I52	1
I31.8	Other specified diseases of pericardium	9	I30-I52	1
I31.9	Disease of pericardium, unspecified	9	I30-I52	1
I32	Pericarditis in diseases classified elsewhere	9	I30-I52	0
I32.0	Pericarditis in bacterial diseases classified elsewhere	9	I30-I52	1
I32.1	Pericarditis in other infectious and parasitic diseases classified elsewhere	9	I30-I52	1
I32.8	Pericarditis in other diseases classified elsewhere	9	I30-I52	1
I33	Acute and subacute endocarditis	9	I30-I52	0
I33.0	Acute and subacute infective endocarditis	9	I30-I52	1
I33.9	Acute endocarditis, unspecified	9	I30-I52	1
I34	Nonrheumatic mitral valve disorders	9	I30-I52	0
I34.0	Mitral (valve) insufficiency	9	I30-I52	1
I34.1	Mitral (valve) prolapse	9	I30-I52	1
I34.2	Nonrheumatic mitral (valve) stenosis	9	I30-I52	1
I34.8	Other nonrheumatic mitral valve disorders	9	I30-I52	1
I34.9	Nonrheumatic mitral valve disorder, unspecified	9	I30-I52	1
I35	Nonrheumatic aortic valve disorders	9	I30-I52	0
I35.0	Aortic (valve) stenosis	9	I30-I52	1
I35.1	Aortic (valve) insufficiency	9	I30-I52	1
I35.2	Aortic (valve) stenosis with insufficiency	9	I30-I52	1
I35.8	Other aortic valve disorders	9	I30-I52	1
I35.9	Aortic valve disorder, unspecified	9	I30-I52	1
I36	Nonrheumatic tricuspid valve disorders	9	I30-I52	0
I36.0	Nonrheumatic tricuspid (valve) stenosis	9	I30-I52	1
I36.1	Nonrheumatic tricuspid (valve) insufficiency	9	I30-I52	1
I36.2	Nonrheumatic tricuspid (valve) stenosis with insufficiency	9	I30-I52	1
I36.8	Other nonrheumatic tricuspid valve disorders	9	I30-I52	1
I36.9	Nonrheumatic tricuspid valve disorder, unspecified	9	I30-I52	1
I37	Pulmonary valve disorders	9	I30-I52	0
I37.0	Pulmonary valve stenosis	9	I30-I52	1
I37.1	Pulmonary valve insufficiency	9	I30-I52	1
I37.2	Pulmonary valve stenosis with insufficiency	9	I30-I52	1
I37.8	Other pulmonary valve disorders	9	I30-I52	1
I37.9	Pulmonary valve disorder, unspecified	9	I30-I52	1
I38	Endocarditis, valve unspecified	9	I30-I52	1
I39	Endocarditis and heart valve disorders in diseases classified elsewhere	9	I30-I52	0
I39.0	Mitral valve disorders in diseases classified elsewhere	9	I30-I52	1
I39.1	Aortic valve disorders in diseases classified elsewhere	9	I30-I52	1
I39.2	Tricuspid valve disorders in diseases classified elsewhere	9	I30-I52	1
I39.3	Pulmonary valve disorders in diseases classified elsewhere	9	I30-I52	1
I39.4	Multiple valve disorders in diseases classified elsewhere	9	I30-I52	1
I39.8	Endocarditis, valve unspecified, in diseases classified elsewhere	9	I30-I52	1
I40	Acute myocarditis	9	I30-I52	0
I40.0	Infective myocarditis	9	I30-I52	1
I40.1	Isolated myocarditis	9	I30-I52	1
I40.8	Other acute myocarditis	9	I30-I52	1
I40.9	Acute myocarditis, unspecified	9	I30-I52	1
I41	Myocarditis in diseases classified elsewhere	9	I30-I52	0
I41.0	Myocarditis in bacterial diseases classified elsewhere	9	I30-I52	1
I41.1	Myocarditis in viral diseases classified elsewhere	9	I30-I52	1
I41.2	Myocarditis in other infectious and parasitic diseases classified elsewhere	9	I30-I52	1
I41.8	Myocarditis in other diseases classified elsewhere	9	I30-I52	1
I42	Cardiomyopathy	9	I30-I52	0
I42.0	Dilated cardiomyopathy	9	I30-I52	1
I42.1	Obstructive hypertrophic cardiomyopathy	9	I30-I52	1
I42.2	Other hypertrophic cardiomyopathy	9	I30-I52	1
I42.3	Endomyocardial (eosinophilic) disease	9	I30-I52	1
I42.4	Endocardial fibroelastosis	9	I30-I52	1
I42.5	Other restrictive cardiomyopathy	9	I30-I52	1
I42.6	Alcoholic cardiomyopathy	9	I30-I52	1
I42.7	Cardiomyopathy due to drugs and other external agents	9	I30-I52	1
I42.8	Other cardiomyopathies	9	I30-I52	1
I42.9	Cardiomyopathy, unspecified	9	I30-I52	1
I43	Cardiomyopathy in diseases classified elsewhere	9	I30-I52	0
I43.0	Cardiomyopathy in infectious and parasitic diseases classified elsewhere	9	I30-I52	1
I43.1	Cardiomyopathy in metabolic diseases	9	I30-I52	1
I43.2	Cardiomyopathy in nutritional diseases	9	I30-I52	1
I43.8	Cardiomyopathy in other diseases classified elsewhere	9	I30-I52	1
I44	Atrioventricular and left bundle-branch block	9	I30-I52	0
I44.0	Atrioventricular block, first degree	9	I30-I52	1
I44.1	Atrioventricular block, second degree	9	I30-I52	1
I44.2	Atrioventricular block, complete	9	I30-I52	1
I44.3	Other and unspecified atrioventricular block	9	I30-I52	1
I44.4	Left anterior fascicular block	9	I30-I52	1
I44.5	Left posterior fascicular block	9	I30-I52	1
I44.6	Other and unspecified fascicular block	9	I30-I52	1
I44.7	Left bundle-branch block, unspecified	9	I30-I52	1
I45	Other conduction disorders	9	I30-I52	0
I45.0	Right fascicular block	9	I30-I52	1
I45.1	Other and unspecified right bundle-branch block	9	I30-I52	1
I45.2	Bifascicular block	9	I30-I52	1
I45.3	Trifascicular block	9	I30-I52	1
I45.4	Nonspecific intraventricular block	9	I30-I52	1
I45.5	Other specified heart block	9	I30-I52	1
I45.6	Pre-excitation syndrome	9	I30-I52	1
I45.8	Other specified conduction disorders	9	I30-I52	1
I45.9	Conduction disorder, unspecified	9	I30-I52	1
I46	Cardiac arrest	9	I30-I52	0
I46.0	Cardiac arrest with successful resuscitation	9	I30-I52	1
I46.1	Sudden cardiac death, so described	9	I30-I52	1
I46.9	Cardiac arrest, unspecified	9	I30-I52	1
I47	Paroxysmal tachycardia	9	I30-I52	0
I47.0	Re-entry ventricular arrhythmia	9	I30-I52	1
I47.1	Supraventricular tachycardia	9	I30-I52	1
I47.2	Ventricular tachycardia	9	I30-I52	1
I47.9	Paroxysmal tachycardia, unspecified	9	I30-I52	1
I48	Atrial fibrillation and flutter	9	I30-I52	0
I48.0	Paroxysmal atrial fibrillation	9	I30-I52	1
I48.1	Persistent atrial fibrillation	9	I30-I52	1
I48.2	Chronic atrial fibrillation	9	I30-I52	1
I48.3	Typical atrial flutter	9	I30-I52	1
I48.4	Atypical atrial flutter	9	I30-I52	1
I48.9	Atrial fibrillation and atrial flutter, unspecified	9	I30-I52	1
I49	Other cardiac arrhythmias	9	I30-I52	0
I49.0	Ventricular fibrillation and flutter	9	I30-I52	1
I49.1	Atrial premature depolarization	9	I30-I52	1
I49.2	Junctional premature depolarization	9	I30-I52	1
I49.3	Ventricular premature depolarization	9	I30-I52	1
I49.4	Other and unspecified premature depolarization	9	I30-I52	1
I49.5	Sick sinus syndrome	9	I30-I52	1
I49.8	Other specified cardiac arrhythmias	9	I30-I52	1
I49.9	Cardiac arrhythmia, unspecified	9	I30-I52	1
I50	Heart failure	9	I30-I52	0
I50.0	Congestive heart failure	9	I30-I52	1
I50.1	Left ventricular failure	9	I30-I52	1
I50.9	Heart failure, unspecified	9	I30-I52	1
I51	Complications and ill-defined descriptions of heart disease	9	I30-I52	0
I51.0	Cardiac septal defect, acquired	9	I30-I52	1
I51.1	Rupture of chordae tendineae, not elsewhere classified	9	I30-I52	1
I51.2	Rupture of papillary muscle, not elsewhere classified	9	I30-I52	1
I51.3	Intracardiac thrombosis, not elsewhere classified	9	I30-I52	1
I51.4	Myocarditis, unspecified	9	I30-I52	1
I51.5	Myocardial degeneration	9	I30-I52	1
I51.6	Cardiovascular disease, unspecified	9	I30-I52	1
I51.7	Cardiomegaly	9	I30-I52	1
I51.8	Other ill-defined heart diseases	9	I30-I52	1
I51.9	Heart disease, unspecified	9	I30-I52	1
I52	Other heart disorders in diseases classified elsewhere	9	I30-I52	0
I52.0	Other heart disorders in bacterial diseases classified elsewhere	9	I30-I52	1
I52.1	Other heart disorders in other infectious and parasitic diseases classified elsewhere	9	I30-I52	1
I52.8	Other heart disorders in other diseases classified elsewhere	9	I30-I52	1
I60	Subarachnoid haemorrhage	9	I60-I69	0
I60.0	Subarachnoid haemorrhage from carotid siphon and bifurcation	9	I60-I69	1
I60.1	Subarachnoid haemorrhage from middle cerebral artery	9	I60-I69	1
I60.2	Subarachnoid haemorrhage from anterior communicating artery	9	I60-I69	1
I60.3	Subarachnoid haemorrhage from posterior communicating artery	9	I60-I69	1
I60.4	Subarachnoid haemorrhage from basilar artery	9	I60-I69	1
I60.5	Subarachnoid haemorrhage from vertebral artery	9	I60-I69	1
I60.6	Subarachnoid haemorrhage from other intracranial arteries	9	I60-I69	1
I60.7	Subarachnoid haemorrhage from intracranial artery, unspecified	9	I60-I69	1
I60.8	Other subarachnoid haemorrhage	9	I60-I69	1
I60.9	Subarachnoid haemorrhage, unspecified	9	I60-I69	1
I61	Intracerebral haemorrhage	9	I60-I69	0
I61.0	Intracerebral haemorrhage in hemisphere, subcortical	9	I60-I69	1
I61.1	Intracerebral haemorrhage in hemisphere, cortical	9	I60-I69	1
I61.2	Intracerebral haemorrhage in hemisphere, unspecified	9	I60-I69	1
I61.3	Intracerebral haemorrhage in brain stem	9	I60-I69	1
I61.4	Intracerebral haemorrhage in cerebellum	9	I60-I69	1
I61.5	Intracerebral haemorrhage, intraventricular	9	I60-I69	1
I61.6	Intracerebral haemorrhage, multiple localized	9	I60-I69	1
I61.8	Other intracerebral haemorrhage	9	I60-I69	1
I61.9	Intracerebral haemorrhage, unspecified	9	I60-I69	1
I62	Other nontraumatic intracranial haemorrhage	9	I60-I69	0
I62.0	Nontraumatic subdural haemorrhage	9	I60-I69	1
I62.1	Nontraumatic extradural haemorrhage	9	I60-I69	1
I62.9	Intracranial haemorrhage (nontraumatic), unspecified	9	I60-I69	1
I63	Cerebral infarction	9	I60-I69	0
I63.0	Cerebral infarction due to thrombosis of precerebral arteries	9	I60-I69	1
I63.1	Cerebral infarction due to embolism of precerebral arteries	9	I60-I69	1
I63.2	Cerebral infarction due to unspecified occlusion or stenosis of precerebral arteries	9	I60-I69	1
I63.3	Cerebral infarction due to thrombosis of cerebral arteries	9	I60-I69	1
I63.4	Cerebral infarction due to embolism of cerebral arteries	9	I60-I69	1
I63.5	Cerebral infarction due to unspecified occlusion or stenosis of cerebral arteries	9	I60-I69	1
I63.6	Cerebral infarction due to cerebral venous thrombosis, nonpyogenic	9	I60-I69	1
I63.8	Other cerebral infarction	9	I60-I69	1
I63.9	Cerebral infarction, unspecified	9	I60-I69	1
I64	Stroke, not specified as haemorrhage or infarction	9	I60-I69	1
I65	Occlusion and stenosis of precerebral arteries, not resulting in cerebral infarction	9	I60-I69	0
I65.0	Occlusion and stenosis of vertebral artery	9	I60-I69	1
I65.1	Occlusion and stenosis of basilar artery	9	I60-I69	1
I65.2	Occlusion and stenosis of carotid artery	9	I60-I69	1
I65.3	Occlusion and stenosis of multiple and bilateral precerebral arteries	9	I60-I69	1
I65.8	Occlusion and stenosis of other precerebral artery	9	I60-I69	1
I65.9	Occlusion and stenosis of unspecified precerebral artery	9	I60-I69	1
I66	Occlusion and stenosis of cerebral arteries, not resulting in cerebral infarction	9	I60-I69	0
I66.0	Occlusion and stenosis of middle cerebral artery	9	I60-I69	1
I66.1	Occlusion and stenosis of anterior cerebral artery	9	I60-I69	1
I66.2	Occlusion and stenosis of posterior cerebral artery	9	I60-I69	1
I66.3	Occlusion and stenosis of cerebellar arteries	9	I60-I69	1
I66.4	Occlusion and stenosis of multiple and bilateral cerebral arteries	9	I60-I69	1
I66.8	Occlusion and stenosis of other cerebral artery	9	I60-I69	1
I66.9	Occlusion and stenosis of unspecified cerebral artery	9	I60-I69	1
I67	Other cerebrovascular diseases	9	I60-I69	0
I67.0	Dissection of cerebral arteries, nonruptured	9	I60-I69	1
I67.1	Cerebral aneurysm, nonruptured	9	I60-I69	1
I67.2	Cerebral atherosclerosis	9	I60-I69	1
I67.3	Progressive vascular leukoencephalopathy	9	I60-I69	1
I67.4	Hypertensive encephalopathy	9	I60-I69	1
I67.5	Moyamoya disease	9	I60-I69	1
I67.6	Nonpyogenic thrombosis of intracranial venous system	9	I60-I69	1
I67.7	Cerebral arteritis, not elsewhere classified	9	I60-I69	1
I67.8	Other specified cerebrovascular diseases	9	I60-I69	1
I67.9	Cerebrovascular disease, unspecified	9	I60-I69	1
I68	Cerebrovascular disorders in diseases classified elsewhere	9	I60-I69	0
I68.0	Cerebral amyloid angiopathy	9	I60-I69	1
I68.1	Cerebral arteritis in infectious and parasitic diseases classified elsewhere	9	I60-I69	1
I68.2	Cerebral arteritis in other diseases classified elsewhere	9	I60-I69	1
I68.8	Other cerebrovascular disorders in diseases classified elsewhere	9	I60-I69	1
I69	Sequelae of cerebrovascular disease	9	I60-I69	0
I69.0	Sequelae of subarachnoid haemorrhage	9	I60-I69	1
I69.1	Sequelae of intracerebral haemorrhage	9	I60-I69	1
I69.2	Sequelae of other nontraumatic intracranial haemorrhage	9	I60-I69	1
I69.3	Sequelae of cerebral infarction	9	I60-I69	1
I69.4	Sequelae of stroke, not specified as haemorrhage or infarction	9	I60-I69	1
I69.8	Sequelae of other and unspecified cerebrovascular diseases	9	I60-I69	1
I70	Atherosclerosis	9	I70-I79	0
I70.0	Atherosclerosis of aorta	9	I70-I79	1
I70.1	Atherosclerosis of renal artery	9	I70-I79	1
I70.2	Atherosclerosis of arteries of extremities	9	I70-I79	1
I70.8	Atherosclerosis of other arteries	9	I70-I79	1
I70.9	Generalized and unspecified atherosclerosis	9	I70-I79	1
I71	Aortic aneurysm and dissection	9	I70-I79	0
I71.0	Dissection of aorta [any part]	9	I70-I79	1
I71.1	Thoracic aortic aneurysm, ruptured	9	I70-I79	1
I71.2	Thoracic aortic aneurysm, without mention of rupture	9	I70-I79	1
I71.3	Abdominal aortic aneurysm, ruptured	9	I70-I79	1
I71.4	Abdominal aortic aneurysm, without mention of rupture	9	I70-I79	1
I71.5	Thoracoabdominal aortic aneurysm, ruptured	9	I70-I79	1
I71.6	Thoracoabdominal aortic aneurysm, without mention of rupture	9	I70-I79	1
I71.8	Aortic aneurysm of unspecified site, ruptured	9	I70-I79	1
I71.9	Aortic aneurysm of unspecified site, without mention of rupture	9	I70-I79	1
I72	Other aneurysm and dissection	9	I70-I79	0
I72.0	Aneurysm and dissection of carotid artery	9	I70-I79	1
I72.1	Aneurysm and dissection of artery of upper extremity	9	I70-I79	1
I72.2	Aneurysm and dissection of renal artery	9	I70-I79	1
I72.3	Aneurysm and dissection of iliac artery	9	I70-I79	1
I72.4	Aneurysm and dissection of artery of lower extremity	9	I70-I79	1
I72.5	Aneurysm and dissection of other precerebral arteries	9	I70-I79	1
I72.6	Aneurysm and dissection of vertebral artery	9	I70-I79	1
I72.8	Aneurysm and dissection of other specified arteries	9	I70-I79	1
I72.9	Aneurysm and dissection of unspecified site	9	I70-I79	1
I73	Other peripheral vascular diseases	9	I70-I79	0
I73.0	Raynaud syndrome	9	I70-I79	1
I73.1	Thromboangiitis obliterans [Buerger]	9	I70-I79	1
I73.8	Other specified peripheral vascular diseases	9	I70-I79	1
I73.9	Peripheral vascular disease, unspecified	9	I70-I79	1
I74	Arterial embolism and thrombosis	9	I70-I79	0
I74.0	Embolism and thrombosis of abdominal aorta	9	I70-I79	1
I74.1	Embolism and thrombosis of other and unspecified parts of aorta	9	I70-I79	1
I74.2	Embolism and thrombosis of arteries of upper extremities	9	I70-I79	1
I74.3	Embolism and thrombosis of arteries of lower extremities	9	I70-I79	1
I74.4	Embolism and thrombosis of arteries of extremities, unspecified	9	I70-I79	1
I74.5	Embolism and thrombosis of iliac artery	9	I70-I79	1
I74.8	Embolism and thrombosis of other arteries	9	I70-I79	1
I74.9	Embolism and thrombosis of unspecified artery	9	I70-I79	1
I77	Other disorders of arteries and arterioles	9	I70-I79	0
I77.0	Arteriovenous fistula, acquired	9	I70-I79	1
I77.1	Stricture of artery	9	I70-I79	1
I77.2	Rupture of artery	9	I70-I79	1
I77.3	Arterial fibromuscular dysplasia	9	I70-I79	1
I77.4	Coeliac artery compression syndrome	9	I70-I79	1
I77.5	Necrosis of artery	9	I70-I79	1
I77.6	Arteritis, unspecified	9	I70-I79	1
I77.8	Other specified disorders of arteries and arterioles	9	I70-I79	1
I77.9	Disorder of arteries and arterioles, unspecified	9	I70-I79	1
I78	Diseases of capillaries	9	I70-I79	0
I78.0	Hereditary haemorrhagic telangiectasia	9	I70-I79	1
I78.1	Naevus, non-neoplastic	9	I70-I79	1
I78.8	Other diseases of capillaries	9	I70-I79	1
I78.9	Disease of capillaries, unspecified	9	I70-I79	1
I79	Disorders of arteries, arterioles and capillaries in diseases classified elsewhere	9	I70-I79	0
I79.0	Aneurysm of aorta in diseases classified elsewhere	9	I70-I79	1
I79.1	Aortitis in diseases classified elsewhere	9	I70-I79	1
I79.2	Peripheral angiopathy in diseases classified elsewhere	9	I70-I79	1
I79.8	Other disorders of arteries, arterioles and capillaries in diseases classified elsewhere	9	I70-I79	1
I80	Phlebitis and thrombophlebitis	9	I80-I89	0
I80.0	Phlebitis and thrombophlebitis of superficial vessels of lower extremities	9	I80-I89	1
I80.1	Phlebitis and thrombophlebitis of femoral vein	9	I80-I89	1
I80.2	Phlebitis and thrombophlebitis of other deep vessels of lower extremities	9	I80-I89	1
I80.3	Phlebitis and thrombophlebitis of lower extremities, unspecified	9	I80-I89	1
I80.8	Phlebitis and thrombophlebitis of other sites	9	I80-I89	1
I80.9	Phlebitis and thrombophlebitis of unspecified site	9	I80-I89	1
I81	Portal vein thrombosis	9	I80-I89	1
I82	Other venous embolism and thrombosis	9	I80-I89	0
I82.0	Budd-Chiari syndrome	9	I80-I89	1
I82.1	Thrombophlebitis migrans	9	I80-I89	1
I82.2	Embolism and thrombosis of vena cava	9	I80-I89	1
I82.3	Embolism and thrombosis of renal vein	9	I80-I89	1
I82.8	Embolism and thrombosis of other specified veins	9	I80-I89	1
I82.9	Embolism and thrombosis of unspecified vein	9	I80-I89	1
I83	Varicose veins of lower extremities	9	I80-I89	0
I83.0	Varicose veins of lower extremities with ulcer	9	I80-I89	1
I83.1	Varicose veins of lower extremities with inflammation	9	I80-I89	1
I83.2	Varicose veins of lower extremities with both ulcer and inflammation	9	I80-I89	1
I83.9	Varicose veins of lower extremities without ulcer or inflammation	9	I80-I89	1
I85	Oesophageal varices	9	I80-I89	0
I85.0	Oesophageal varices with bleeding	9	I80-I89	1
I85.9	Oesophageal varices without bleeding	9	I80-I89	1
I86	Varicose veins of other sites	9	I80-I89	0
I86.0	Sublingual varices	9	I80-I89	1
I86.1	Scrotal varices	9	I80-I89	1
I86.2	Pelvic varices	9	I80-I89	1
I86.3	Vulval varices	9	I80-I89	1
I86.4	Gastric varices	9	I80-I89	1
I86.8	Varicose veins of other specified sites	9	I80-I89	1
I87	Other disorders of veins	9	I80-I89	0
I87.0	Postthrombotic syndrome	9	I80-I89	1
I87.1	Compression of vein	9	I80-I89	1
I87.2	Venous insufficiency (chronic)(peripheral)	9	I80-I89	1
I87.8	Other specified disorders of veins	9	I80-I89	1
I87.9	Disorder of vein, unspecified	9	I80-I89	1
I88	Nonspecific lymphadenitis	9	I80-I89	0
I88.0	Nonspecific mesenteric lymphadenitis	9	I80-I89	1
I88.1	Chronic lymphadenitis, except mesenteric	9	I80-I89	1
I88.8	Other nonspecific lymphadenitis	9	I80-I89	1
I88.9	Nonspecific lymphadenitis, unspecified	9	I80-I89	1
I89	Other noninfective disorders of lymphatic vessels and lymph nodes	9	I80-I89	0
I89.0	Lymphoedema, not elsewhere classified	9	I80-I89	1
I89.1	Lymphangitis	9	I80-I89	1
I89.8	Other specified noninfective disorders of lymphatic vessels and lymph nodes	9	I80-I89	1
I89.9	Noninfective disorder of lymphatic vessels and lymph nodes, unspecified	9	I80-I89	1
I95	Hypotension	9	I95-I99	0
I95.0	Idiopathic hypotension	9	I95-I99	1
I95.1	Orthostatic hypotension	9	I95-I99	1
I95.2	Hypotension due to drugs	9	I95-I99	1
I95.8	Other hypotension	9	I95-I99	1
I95.9	Hypotension, unspecified	9	I95-I99	1
I97	Postprocedural disorders of circulatory system, not elsewhere classified	9	I95-I99	0
I97.0	Postcardiotomy syndrome	9	I95-I99	1
I97.1	Other functional disturbances following cardiac surgery	9	I95-I99	1
I97.2	Postmastectomy lymphoedema syndrome	9	I95-I99	1
I97.8	Other postprocedural disorders of circulatory system, not elsewhere classified	9	I95-I99	1
I97.9	Postprocedural disorder of circulatory system, unspecified	9	I95-I99	1
I98	Other disorders of circulatory system in diseases classified elsewhere	9	I95-I99	0
I98.0	Cardiovascular syphilis	9	I95-I99	1
I98.1	Cardiovascular disorders in other infectious and parasitic diseases classified elsewhere	9	I95-I99	1
I98.2	Oesophageal varices without bleeding in diseases classified elsewhere	9	I95-I99	1
I98.3	Oesophageal varices with bleeding in diseases classified elsewhere	9	I95-I99	1
I98.8	Other specified disorders of circulatory system in diseases classified elsewhere	9	I95-I99	1
I99	Other and unspecified disorders of circulatory system	9	I95-I99	1
J00	Acute nasopharyngitis [common cold]	10	J00-J06	1
J01	Acute sinusitis	10	J00-J06	0
J01.0	Acute maxillary sinusitis	10	J00-J06	1
J01.1	Acute frontal sinusitis	10	J00-J06	1
J01.2	Acute ethmoidal sinusitis	10	J00-J06	1
J01.3	Acute sphenoidal sinusitis	10	J00-J06	1
J01.4	Acute pansinusitis	10	J00-J06	1
J01.8	Other acute sinusitis	10	J00-J06	1
J01.9	Acute sinusitis, unspecified	10	J00-J06	1
J02	Acute pharyngitis	10	J00-J06	0
J02.0	Streptococcal pharyngitis	10	J00-J06	1
J02.8	Acute pharyngitis due to other specified organisms	10	J00-J06	1
J02.9	Acute pharyngitis, unspecified	10	J00-J06	1
J03	Acute tonsillitis	10	J00-J06	0
J03.0	Streptococcal tonsillitis	10	J00-J06	1
J03.8	Acute tonsillitis due to other specified organisms	10	J00-J06	1
J03.9	Acute tonsillitis, unspecified	10	J00-J06	1
J04	Acute laryngitis and tracheitis	10	J00-J06	0
J04.0	Acute laryngitis	10	J00-J06	1
J04.1	Acute tracheitis	10	J00-J06	1
J04.2	Acute laryngotracheitis	10	J00-J06	1
J05	Acute obstructive laryngitis [croup] and epiglottitis	10	J00-J06	0
J05.0	Acute obstructive laryngitis [croup]	10	J00-J06	1
J05.1	Acute epiglottitis	10	J00-J06	1
J06	Acute upper respiratory infections of multiple and unspecified sites	10	J00-J06	0
J06.0	Acute laryngopharyngitis	10	J00-J06	1
J06.8	Other acute upper respiratory infections of multiple sites	10	J00-J06	1
J06.9	Acute upper respiratory infection, unspecified	10	J00-J06	1
J09	Influenza due to identified zoonotic or pandemic influenza virus	10	J09-J18	1
J10	Influenza due to identified seasonal influenza virus	10	J09-J18	0
J10.0	Influenza with pneumonia, seasonal influenza virus identified	10	J09-J18	1
J10.1	Influenza with other respiratory manifestations, seasonal influenza virus identified	10	J09-J18	1
J10.8	Influenza with other manifestations, seasonal influenza virus identified	10	J09-J18	1
J11	Influenza, virus not identified	10	J09-J18	0
J11.0	Influenza with pneumonia, virus not identified	10	J09-J18	1
J11.1	Influenza with other respiratory manifestations, virus not identified	10	J09-J18	1
J11.8	Influenza with other manifestations, virus not identified	10	J09-J18	1
J12	Viral pneumonia, not elsewhere classified	10	J09-J18	0
J12.0	Adenoviral pneumonia	10	J09-J18	1
J12.1	Respiratory syncytial virus pneumonia	10	J09-J18	1
J12.2	Parainfluenza virus pneumonia	10	J09-J18	1
J12.3	Human metapneumovirus pneumonia	10	J09-J18	1
J12.8	Other viral pneumonia	10	J09-J18	1
J12.9	Viral pneumonia, unspecified	10	J09-J18	1
J13	Pneumonia due to Streptococcus pneumoniae	10	J09-J18	1
J14	Pneumonia due to Haemophilus influenzae	10	J09-J18	1
J15	Bacterial pneumonia, not elsewhere classified	10	J09-J18	0
J15.0	Pneumonia due to Klebsiella pneumoniae	10	J09-J18	1
J15.1	Pneumonia due to Pseudomonas	10	J09-J18	1
J15.2	Pneumonia due to staphylococcus	10	J09-J18	1
J15.3	Pneumonia due to streptococcus, group B	10	J09-J18	1
J15.4	Pneumonia due to other streptococci	10	J09-J18	1
J15.5	Pneumonia due to Escherichia coli	10	J09-J18	1
J15.6	Pneumonia due to other Gram-negative bacteria	10	J09-J18	1
J15.7	Pneumonia due to Mycoplasma pneumoniae	10	J09-J18	1
J15.8	Other bacterial pneumonia	10	J09-J18	1
J15.9	Bacterial pneumonia, unspecified	10	J09-J18	1
J16	Pneumonia due to other infectious organisms, not elsewhere classified	10	J09-J18	0
J16.0	Chlamydial pneumonia	10	J09-J18	1
J16.8	Pneumonia due to other specified infectious organisms	10	J09-J18	1
J17	Pneumonia in diseases classified elsewhere	10	J09-J18	0
J17.0	Pneumonia in bacterial diseases classified elsewhere	10	J09-J18	1
J17.1	Pneumonia in viral diseases classified elsewhere	10	J09-J18	1
J17.2	Pneumonia in mycoses	10	J09-J18	1
J17.3	Pneumonia in parasitic diseases	10	J09-J18	1
J17.8	Pneumonia in other diseases classified elsewhere	10	J09-J18	1
J18	Pneumonia, organism unspecified	10	J09-J18	0
J18.0	Bronchopneumonia, unspecified	10	J09-J18	1
J18.1	Lobar pneumonia, unspecified	10	J09-J18	1
J18.2	Hypostatic pneumonia, unspecified	10	J09-J18	1
J18.8	Other pneumonia, organism unspecified	10	J09-J18	1
J18.9	Pneumonia, unspecified	10	J09-J18	1
J20	Acute bronchitis	10	J20-J22	0
J20.0	Acute bronchitis due to Mycoplasma pneumoniae	10	J20-J22	1
J20.1	Acute bronchitis due to Haemophilus influenzae	10	J20-J22	1
J20.2	Acute bronchitis due to streptococcus	10	J20-J22	1
J20.3	Acute bronchitis due to coxsackievirus	10	J20-J22	1
J20.4	Acute bronchitis due to parainfluenza virus	10	J20-J22	1
J20.5	Acute bronchitis due to respiratory syncytial virus	10	J20-J22	1
J20.6	Acute bronchitis due to rhinovirus	10	J20-J22	1
J20.7	Acute bronchitis due to echovirus	10	J20-J22	1
J20.8	Acute bronchitis due to other specified organisms	10	J20-J22	1
J20.9	Acute bronchitis, unspecified	10	J20-J22	1
J21	Acute bronchiolitis	10	J20-J22	0
J21.0	Acute bronchiolitis due to respiratory syncytial virus	10	J20-J22	1
J21.1	Acute bronchiolitis due to human metapneumovirus	10	J20-J22	1
J21.8	Acute bronchiolitis due to other specified organisms	10	J20-J22	1
J21.9	Acute bronchiolitis, unspecified	10	J20-J22	1
J22	Unspecified acute lower respiratory infection	10	J20-J22	1
J30	Vasomotor and allergic rhinitis	10	J30-J39	0
J30.0	Vasomotor rhinitis	10	J30-J39	1
J30.1	Allergic rhinitis due to pollen	10	J30-J39	1
J30.2	Other seasonal allergic rhinitis	10	J30-J39	1
J30.3	Other allergic rhinitis	10	J30-J39	1
J30.4	Allergic rhinitis, unspecified	10	J30-J39	1
J31	Chronic rhinitis, nasopharyngitis and pharyngitis	10	J30-J39	0
J31.0	Chronic rhinitis	10	J30-J39	1
J31.1	Chronic nasopharyngitis	10	J30-J39	1
J31.2	Chronic pharyngitis	10	J30-J39	1
J32	Chronic sinusitis	10	J30-J39	0
J32.0	Chronic maxillary sinusitis	10	J30-J39	1
J32.1	Chronic frontal sinusitis	10	J30-J39	1
J32.2	Chronic ethmoidal sinusitis	10	J30-J39	1
J32.3	Chronic sphenoidal sinusitis	10	J30-J39	1
J32.4	Chronic pansinusitis	10	J30-J39	1
J32.8	Other chronic sinusitis	10	J30-J39	1
J32.9	Chronic sinusitis, unspecified	10	J30-J39	1
J33	Nasal polyp	10	J30-J39	0
J33.0	Polyp of nasal cavity	10	J30-J39	1
J33.1	Polypoid sinus degeneration	10	J30-J39	1
J33.8	Other polyp of sinus	10	J30-J39	1
J33.9	Nasal polyp, unspecified	10	J30-J39	1
J34	Other disorders of nose and nasal sinuses	10	J30-J39	0
J34.0	Abscess, furuncle and carbuncle of nose	10	J30-J39	1
J34.1	Cyst and mucocele of nose and nasal sinus	10	J30-J39	1
J34.2	Deviated nasal septum	10	J30-J39	1
J34.3	Hypertrophy of nasal turbinates	10	J30-J39	1
J34.8	Other specified disorders of nose and nasal sinuses	10	J30-J39	1
J35	Chronic diseases of tonsils and adenoids	10	J30-J39	0
J35.0	Chronic tonsillitis	10	J30-J39	1
J35.1	Hypertrophy of tonsils	10	J30-J39	1
J35.2	Hypertrophy of adenoids	10	J30-J39	1
J35.3	Hypertrophy of tonsils with hypertrophy of adenoids	10	J30-J39	1
J35.8	Other chronic diseases of tonsils and adenoids	10	J30-J39	1
J35.9	Chronic disease of tonsils and adenoids, unspecified	10	J30-J39	1
J36	Peritonsillar abscess	10	J30-J39	1
J37	Chronic laryngitis and laryngotracheitis	10	J30-J39	0
J37.0	Chronic laryngitis	10	J30-J39	1
J37.1	Chronic laryngotracheitis	10	J30-J39	1
J38	Diseases of vocal cords and larynx, not elsewhere classified	10	J30-J39	0
J38.0	Paralysis of vocal cords and larynx	10	J30-J39	1
J38.1	Polyp of vocal cord and larynx	10	J30-J39	1
J38.2	Nodules of vocal cords	10	J30-J39	1
J38.3	Other diseases of vocal cords	10	J30-J39	1
J38.4	Oedema of larynx	10	J30-J39	1
J38.5	Laryngeal spasm	10	J30-J39	1
J38.6	Stenosis of larynx	10	J30-J39	1
J38.7	Other diseases of larynx	10	J30-J39	1
J39	Other diseases of upper respiratory tract	10	J30-J39	0
J39.0	Retropharyngeal and parapharyngeal abscess	10	J30-J39	1
J39.1	Other abscess of pharynx	10	J30-J39	1
J39.2	Other diseases of pharynx	10	J30-J39	1
J39.3	Upper respiratory tract hypersensitivity reaction, site unspecified	10	J30-J39	1
J39.8	Other specified diseases of upper respiratory tract	10	J30-J39	1
J39.9	Disease of upper respiratory tract, unspecified	10	J30-J39	1
J40	Bronchitis, not specified as acute or chronic	10	J40-J47	1
J41	Simple and mucopurulent chronic bronchitis	10	J40-J47	0
J41.0	Simple chronic bronchitis	10	J40-J47	1
J41.1	Mucopurulent chronic bronchitis	10	J40-J47	1
J41.8	Mixed simple and mucopurulent chronic bronchitis	10	J40-J47	1
J42	Unspecified chronic bronchitis	10	J40-J47	1
J43	Emphysema	10	J40-J47	0
J43.0	MacLeod syndrome	10	J40-J47	1
J43.1	Panlobular emphysema	10	J40-J47	1
J43.2	Centrilobular emphysema	10	J40-J47	1
J43.8	Other emphysema	10	J40-J47	1
J43.9	Emphysema, unspecified	10	J40-J47	1
J44	Other chronic obstructive pulmonary disease	10	J40-J47	0
J44.0	Chronic obstructive pulmonary disease with acute lower respiratory infection	10	J40-J47	1
J44.1	Chronic obstructive pulmonary disease with acute exacerbation, unspecified	10	J40-J47	1
J44.8	Other specified chronic obstructive pulmonary disease	10	J40-J47	1
J44.9	Chronic obstructive pulmonary disease, unspecified	10	J40-J47	1
J45	Asthma	10	J40-J47	0
J45.0	Predominantly allergic asthma	10	J40-J47	1
J45.1	Nonallergic asthma	10	J40-J47	1
J45.8	Mixed asthma	10	J40-J47	1
J45.9	Asthma, unspecified	10	J40-J47	1
J46	Status asthmaticus	10	J40-J47	1
J47	Bronchiectasis	10	J40-J47	1
J60	Coalworker pneumoconiosis	10	J60-J70	1
J61	Pneumoconiosis due to asbestos and other mineral fibres	10	J60-J70	1
J62	Pneumoconiosis due to dust containing silica	10	J60-J70	0
J62.0	Pneumoconiosis due to talc dust	10	J60-J70	1
J62.8	Pneumoconiosis due to other dust containing silica	10	J60-J70	1
J63	Pneumoconiosis due to other inorganic dusts	10	J60-J70	0
J63.0	Aluminosis (of lung)	10	J60-J70	1
J63.1	Bauxite fibrosis (of lung)	10	J60-J70	1
J63.2	Berylliosis	10	J60-J70	1
J63.3	Graphite fibrosis (of lung)	10	J60-J70	1
J63.4	Siderosis	10	J60-J70	1
J63.5	Stannosis	10	J60-J70	1
J63.8	Pneumoconiosis due to other specified inorganic dusts	10	J60-J70	1
J64	Unspecified pneumoconiosis	10	J60-J70	1
J65	Pneumoconiosis associated with tuberculosis	10	J60-J70	1
J66	Airway disease due to specific organic dust	10	J60-J70	0
J66.0	Byssinosis	10	J60-J70	1
J66.1	Flax-dresser disease	10	J60-J70	1
J66.2	Cannabinosis	10	J60-J70	1
J66.8	Airway disease due to other specific organic dusts	10	J60-J70	1
J67	Hypersensitivity pneumonitis due to organic dust	10	J60-J70	0
J67.0	Farmer lung	10	J60-J70	1
J67.1	Bagassosis	10	J60-J70	1
J67.2	Bird fancier lung	10	J60-J70	1
J67.3	Suberosis	10	J60-J70	1
J67.4	Maltworker lung	10	J60-J70	1
J67.5	Mushroom-worker lung	10	J60-J70	1
J67.6	Maple-bark-stripper lung	10	J60-J70	1
J67.7	Air-conditioner and humidifier lung	10	J60-J70	1
J67.8	Hypersensitivity pneumonitis due to other organic dusts	10	J60-J70	1
J67.9	Hypersensitivity pneumonitis due to unspecified organic dust	10	J60-J70	1
J68	Respiratory conditions due to inhalation of chemicals, gases, fumes and vapours	10	J60-J70	0
J68.0	Bronchitis and pneumonitis due to chemicals, gases, fumes and vapours	10	J60-J70	1
J68.1	Pulmonary oedema due to chemicals, gases, fumes and vapours	10	J60-J70	1
J68.2	Upper respiratory inflammation due to chemicals, gases, fumes and vapours, not elsewhere classified	10	J60-J70	1
J68.3	Other acute and subacute respiratory conditions due to chemicals, gases, fumes and vapours	10	J60-J70	1
J68.4	Chronic respiratory conditions due to chemicals, gases, fumes and vapours	10	J60-J70	1
J68.8	Other respiratory conditions due to chemicals, gases, fumes and vapours	10	J60-J70	1
J68.9	Unspecified respiratory condition due to chemicals, gases, fumes and vapours	10	J60-J70	1
J69	Pneumonitis due to solids and liquids	10	J60-J70	0
J69.0	Pneumonitis due to food and vomit	10	J60-J70	1
J69.1	Pneumonitis due to oils and essences	10	J60-J70	1
J69.8	Pneumonitis due to other solids and liquids	10	J60-J70	1
J70	Respiratory conditions due to other external agents	10	J60-J70	0
J70.0	Acute pulmonary manifestations due to radiation	10	J60-J70	1
J70.1	Chronic and other pulmonary manifestations due to radiation	10	J60-J70	1
J70.2	Acute drug-induced interstitial lung disorders	10	J60-J70	1
J70.3	Chronic drug-induced interstitial lung disorders	10	J60-J70	1
J70.4	Drug-induced interstitial lung disorders, unspecified	10	J60-J70	1
J70.8	Respiratory conditions due to other specified external agents	10	J60-J70	1
J70.9	Respiratory conditions due to unspecified external agent	10	J60-J70	1
J80	Adult respiratory distress syndrome	10	J80-J84	1
J81	Pulmonary oedema	10	J80-J84	1
J82	Pulmonary eosinophilia, not elsewhere classified	10	J80-J84	1
J84	Other interstitial pulmonary diseases	10	J80-J84	0
J84.0	Alveolar and parietoalveolar conditions	10	J80-J84	1
J84.1	Other interstitial pulmonary diseases with fibrosis	10	J80-J84	1
J84.8	Other specified interstitial pulmonary diseases	10	J80-J84	1
J84.9	Interstitial pulmonary disease, unspecified	10	J80-J84	1
J85	Abscess of lung and mediastinum	10	J85-J86	0
J85.0	Gangrene and necrosis of lung	10	J85-J86	1
J85.1	Abscess of lung with pneumonia	10	J85-J86	1
J85.2	Abscess of lung without pneumonia	10	J85-J86	1
J85.3	Abscess of mediastinum	10	J85-J86	1
J86	Pyothorax	10	J85-J86	0
J86.0	Pyothorax with fistula	10	J85-J86	1
J86.9	Pyothorax without fistula	10	J85-J86	1
J90	Pleural effusion, not elsewhere classified	10	J90-J94	1
J91	Pleural effusion in conditions classified elsewhere	10	J90-J94	1
J92	Pleural plaque	10	J90-J94	0
J92.0	Pleural plaque with presence of asbestos	10	J90-J94	1
J92.9	Pleural plaque without asbestos	10	J90-J94	1
J93	Pneumothorax	10	J90-J94	0
J93.0	Spontaneous tension pneumothorax	10	J90-J94	1
J93.1	Other spontaneous pneumothorax	10	J90-J94	1
J93.8	Other pneumothorax	10	J90-J94	1
J93.9	Pneumothorax, unspecified	10	J90-J94	1
J94	Other pleural conditions	10	J90-J94	0
J94.0	Chylous effusion	10	J90-J94	1
J94.1	Fibrothorax	10	J90-J94	1
J94.2	Haemothorax	10	J90-J94	1
J94.8	Other specified pleural conditions	10	J90-J94	1
J94.9	Pleural condition, unspecified	10	J90-J94	1
J95	Postprocedural respiratory disorders, not elsewhere classified	10	J95-J99	0
J95.0	Tracheostomy malfunction	10	J95-J99	1
J95.1	Acute pulmonary insufficiency following thoracic surgery	10	J95-J99	1
J95.2	Acute pulmonary insufficiency following nonthoracic surgery	10	J95-J99	1
J95.3	Chronic pulmonary insufficiency following surgery	10	J95-J99	1
J95.4	Mendelson syndrome	10	J95-J99	1
J95.5	Postprocedural subglottic stenosis	10	J95-J99	1
J95.8	Other postprocedural respiratory disorders	10	J95-J99	1
J95.9	Postprocedural respiratory disorder, unspecified	10	J95-J99	1
J96	Respiratory failure, not elsewhere classified	10	J95-J99	0
J96.0	Acute respiratory failure	10	J95-J99	1
J96.1	Chronic respiratory failure	10	J95-J99	1
J96.9	Respiratory failure, unspecified	10	J95-J99	1
J98	Other respiratory disorders	10	J95-J99	0
J98.0	Diseases of bronchus, not elsewhere classified	10	J95-J99	1
J98.1	Pulmonary collapse	10	J95-J99	1
J98.2	Interstitial emphysema	10	J95-J99	1
J98.3	Compensatory emphysema	10	J95-J99	1
J98.4	Other disorders of lung	10	J95-J99	1
J98.5	Diseases of mediastinum, not elsewhere classified	10	J95-J99	1
J98.6	Disorders of diaphragm	10	J95-J99	1
J98.7	Respiratory infections, not elsewhere classified	10	J95-J99	1
J98.8	Other specified respiratory disorders	10	J95-J99	1
J98.9	Respiratory disorder, unspecified	10	J95-J99	1
J99	Respiratory disorders in diseases classified elsewhere	10	J95-J99	0
J99.0	Rheumatoid lung disease	10	J95-J99	1
J99.1	Respiratory disorders in other diffuse connective tissue disorders	10	J95-J99	1
J99.8	Respiratory disorders in other diseases classified elsewhere	10	J95-J99	1
K00	Disorders of tooth development and eruption	11	K00-K14	0
K00.0	Anodontia	11	K00-K14	1
K00.1	Supernumerary teeth	11	K00-K14	1
K00.2	Abnormalities of size and form of teeth	11	K00-K14	1
K00.3	Mottled teeth	11	K00-K14	1
K00.4	Disturbances in tooth formation	11	K00-K14	1
K00.5	Hereditary disturbances in tooth structure, not elsewhere classified	11	K00-K14	1
K00.6	Disturbances in tooth eruption	11	K00-K14	1
K00.7	Teething syndrome	11	K00-K14	1
K00.8	Other disorders of tooth development	11	K00-K14	1
K00.9	Disorder of tooth development, unspecified	11	K00-K14	1
K01	Embedded and impacted teeth	11	K00-K14	0
K01.0	Embedded teeth	11	K00-K14	1
K01.1	Impacted teeth	11	K00-K14	1
K02	Dental caries	11	K00-K14	0
K02.0	Caries limited to enamel	11	K00-K14	1
K02.1	Caries of dentine	11	K00-K14	1
K02.2	Caries of cementum	11	K00-K14	1
K02.3	Arrested dental caries	11	K00-K14	1
K02.4	Odontoclasia	11	K00-K14	1
K02.5	Caries with pulp exposure	11	K00-K14	1
K02.8	Other dental caries	11	K00-K14	1
K02.9	Dental caries, unspecified	11	K00-K14	1
K03	Other diseases of hard tissues of teeth	11	K00-K14	0
K03.0	Excessive attrition of teeth	11	K00-K14	1
K03.1	Abrasion of teeth	11	K00-K14	1
K03.2	Erosion of teeth	11	K00-K14	1
K03.3	Pathological resorption of teeth	11	K00-K14	1
K03.4	Hypercementosis	11	K00-K14	1
K03.5	Ankylosis of teeth	11	K00-K14	1
K03.6	Deposits [accretions] on teeth	11	K00-K14	1
K03.7	Posteruptive colour changes of dental hard tissues	11	K00-K14	1
K03.8	Other specified diseases of hard tissues of teeth	11	K00-K14	1
K03.9	Disease of hard tissues of teeth, unspecified	11	K00-K14	1
K04	Diseases of pulp and periapical tissues	11	K00-K14	0
K04.0	Pulpitis	11	K00-K14	1
K04.1	Necrosis of pulp	11	K00-K14	1
K04.2	Pulp degeneration	11	K00-K14	1
K04.3	Abnormal hard tissue formation in pulp	11	K00-K14	1
K04.4	Acute apical periodontitis of pulpal origin	11	K00-K14	1
K04.5	Chronic apical periodontitis	11	K00-K14	1
K04.6	Periapical abscess with sinus	11	K00-K14	1
K04.7	Periapical abscess without sinus	11	K00-K14	1
K04.8	Radicular cyst	11	K00-K14	1
K04.9	Other and unspecified diseases of pulp and periapical tissues	11	K00-K14	1
K05	Gingivitis and periodontal diseases	11	K00-K14	0
K05.0	Acute gingivitis	11	K00-K14	1
K05.1	Chronic gingivitis	11	K00-K14	1
K05.2	Acute periodontitis	11	K00-K14	1
K05.3	Chronic periodontitis	11	K00-K14	1
K05.4	Periodontosis	11	K00-K14	1
K05.5	Other periodontal diseases	11	K00-K14	1
K05.6	Periodontal disease, unspecified	11	K00-K14	1
K06	Other disorders of gingiva and edentulous alveolar ridge	11	K00-K14	0
K06.0	Gingival recession	11	K00-K14	1
K06.1	Gingival enlargement	11	K00-K14	1
K06.2	Gingival and edentulous alveolar ridge lesions associated with trauma	11	K00-K14	1
K06.8	Other specified disorders of gingiva and edentulous alveolar ridge	11	K00-K14	1
K06.9	Disorder of gingiva and edentulous alveolar ridge, unspecified	11	K00-K14	1
K07	Dentofacial anomalies [including malocclusion]	11	K00-K14	0
K07.0	Major anomalies of jaw size	11	K00-K14	1
K07.1	Anomalies of jaw-cranial base relationship	11	K00-K14	1
K07.2	Anomalies of dental arch relationship	11	K00-K14	1
K07.3	Anomalies of tooth position	11	K00-K14	1
K07.4	Malocclusion, unspecified	11	K00-K14	1
K07.5	Dentofacial functional abnormalities	11	K00-K14	1
K07.6	Temporomandibular joint disorders	11	K00-K14	1
K07.8	Other dentofacial anomalies	11	K00-K14	1
K07.9	Dentofacial anomaly, unspecified	11	K00-K14	1
K08	Other disorders of teeth and supporting structures	11	K00-K14	0
K08.0	Exfoliation of teeth due to systemic causes	11	K00-K14	1
K08.1	Loss of teeth due to accident, extraction or local periodontal disease	11	K00-K14	1
K08.2	Atrophy of edentulous alveolar ridge	11	K00-K14	1
K08.3	Retained dental root	11	K00-K14	1
K08.8	Other specified disorders of teeth and supporting structures	11	K00-K14	1
K08.9	Disorder of teeth and supporting structures, unspecified	11	K00-K14	1
K09	Cysts of oral region, not elsewhere classified	11	K00-K14	0
K09.0	Developmental odontogenic cysts	11	K00-K14	1
K09.1	Developmental (nonodontogenic) cysts of oral region	11	K00-K14	1
K09.2	Other cysts of jaw	11	K00-K14	1
K09.8	Other cysts of oral region, not elsewhere classified	11	K00-K14	1
K09.9	Cyst of oral region, unspecified	11	K00-K14	1
K10	Other diseases of jaws	11	K00-K14	0
K10.0	Developmental disorders of jaws	11	K00-K14	1
K10.1	Giant cell granuloma, central	11	K00-K14	1
K10.2	Inflammatory conditions of jaws	11	K00-K14	1
K10.3	Alveolitis of jaws	11	K00-K14	1
K10.8	Other specified diseases of jaws	11	K00-K14	1
K10.9	Disease of jaws, unspecified	11	K00-K14	1
K11	Diseases of salivary glands	11	K00-K14	0
K11.0	Atrophy of salivary gland	11	K00-K14	1
K11.1	Hypertrophy of salivary gland	11	K00-K14	1
K11.2	Sialoadenitis	11	K00-K14	1
K11.3	Abscess of salivary gland	11	K00-K14	1
K11.4	Fistula of salivary gland	11	K00-K14	1
K11.5	Sialolithiasis	11	K00-K14	1
K11.6	Mucocele of salivary gland	11	K00-K14	1
K11.7	Disturbances of salivary secretion	11	K00-K14	1
K11.8	Other diseases of salivary glands	11	K00-K14	1
K11.9	Disease of salivary gland, unspecified	11	K00-K14	1
K12	Stomatitis and related lesions	11	K00-K14	0
K12.0	Recurrent oral aphthae	11	K00-K14	1
K12.1	Other forms of stomatitis	11	K00-K14	1
K12.2	Cellulitis and abscess of mouth	11	K00-K14	1
K12.3	Oral mucositis (ulcerative)	11	K00-K14	1
K13	Other diseases of lip and oral mucosa	11	K00-K14	0
K13.0	Diseases of lips	11	K00-K14	1
K13.1	Cheek and lip biting	11	K00-K14	1
K13.2	Leukoplakia and other disturbances of oral epithelium, including tongue	11	K00-K14	1
K13.3	Hairy leukoplakia	11	K00-K14	1
K13.4	Granuloma and granuloma-like lesions of oral mucosa	11	K00-K14	1
K13.5	Oral submucous fibrosis	11	K00-K14	1
K13.6	Irritative hyperplasia of oral mucosa	11	K00-K14	1
K13.7	Other and unspecified lesions of oral mucosa	11	K00-K14	1
K14	Diseases of tongue	11	K00-K14	0
K14.0	Glossitis	11	K00-K14	1
K14.1	Geographic tongue	11	K00-K14	1
K14.2	Median rhomboid glossitis	11	K00-K14	1
K14.3	Hypertrophy of tongue papillae	11	K00-K14	1
K14.4	Atrophy of tongue papillae	11	K00-K14	1
K14.5	Plicated tongue	11	K00-K14	1
K14.6	Glossodynia	11	K00-K14	1
K14.8	Other diseases of tongue	11	K00-K14	1
K14.9	Disease of tongue, unspecified	11	K00-K14	1
K20	Oesophagitis	11	K20-K31	1
K21	Gastro-oesophageal reflux disease	11	K20-K31	0
K21.0	Gastro-oesophageal reflux disease with oesophagitis	11	K20-K31	1
K21.9	Gastro-oesophageal reflux disease without oesophagitis	11	K20-K31	1
K22	Other diseases of oesophagus	11	K20-K31	0
K22.0	Achalasia of cardia	11	K20-K31	1
K22.1	Ulcer of oesophagus	11	K20-K31	1
K22.2	Oesophageal obstruction	11	K20-K31	1
K22.3	Perforation of oesophagus	11	K20-K31	1
K22.4	Dyskinesia of oesophagus	11	K20-K31	1
K22.5	Diverticulum of oesophagus, acquired	11	K20-K31	1
K22.6	Gastro-oesophageal laceration-haemorrhage syndrome	11	K20-K31	1
K22.7	Barrett oesophagus	11	K20-K31	1
K22.8	Other specified diseases of oesophagus	11	K20-K31	1
K22.9	Disease of oesophagus, unspecified	11	K20-K31	1
K23	Disorders of oesophagus in diseases classified elsewhere	11	K20-K31	0
K23.0	Tuberculous oesophagitis	11	K20-K31	1
K23.1	Megaoesophagus in Chagas disease	11	K20-K31	1
K23.8	Disorders of oesophagus in other diseases classified elsewhere	11	K20-K31	1
K25	Gastric ulcer	11	K20-K31	0
K25.0	Gastric ulcer: Acute with haemorrhage	11	K20-K31	1
K25.1	Gastric ulcer: Acute with perforation	11	K20-K31	1
K25.2	Gastric ulcer: Acute with both haemorrhage and perforation	11	K20-K31	1
K25.3	Gastric ulcer: Acute without haemorrhage or perforation	11	K20-K31	1
K25.4	Gastric ulcer: Chronic or unspecified with haemorrhage	11	K20-K31	1
K25.5	Gastric ulcer: Chronic or unspecified with perforation	11	K20-K31	1
K25.6	Gastric ulcer: Chronic or unspecified with both haemorrhage and perforation	11	K20-K31	1
K25.7	Gastric ulcer: Chronic without haemorrhage or perforation	11	K20-K31	1
K25.9	Gastric ulcer: Unspecified as acute or chronic, without haemorrhage or perforation	11	K20-K31	1
K26	Duodenal ulcer	11	K20-K31	0
K26.0	Duodenal ulcer: Acute with haemorrhage	11	K20-K31	1
K26.1	Duodenal ulcer: Acute with perforation	11	K20-K31	1
K26.2	Duodenal ulcer: Acute with both haemorrhage and perforation	11	K20-K31	1
K26.3	Duodenal ulcer: Acute without haemorrhage or perforation	11	K20-K31	1
K26.4	Duodenal ulcer: Chronic or unspecified with haemorrhage	11	K20-K31	1
K26.5	Duodenal ulcer: Chronic or unspecified with perforation	11	K20-K31	1
K26.6	Duodenal ulcer: Chronic or unspecified with both haemorrhage and perforation	11	K20-K31	1
K26.7	Duodenal ulcer: Chronic without haemorrhage or perforation	11	K20-K31	1
K26.9	Duodenal ulcer: Unspecified as acute or chronic, without haemorrhage or perforation	11	K20-K31	1
K27	Peptic ulcer, site unspecified	11	K20-K31	0
K27.0	Peptic ulcer, site unspecified: Acute with haemorrhage	11	K20-K31	1
K27.1	Peptic ulcer, site unspecified: Acute with perforation	11	K20-K31	1
K27.2	Peptic ulcer, site unspecified: Acute with both haemorrhage and perforation	11	K20-K31	1
K27.3	Peptic ulcer, site unspecified: Acute without haemorrhage or perforation	11	K20-K31	1
K27.4	Peptic ulcer, site unspecified: Chronic or unspecified with haemorrhage	11	K20-K31	1
K27.5	Peptic ulcer, site unspecified: Chronic or unspecified with perforation	11	K20-K31	1
K27.6	Peptic ulcer, site unspecified: Chronic or unspecified with both haemorrhage and perforation	11	K20-K31	1
K27.7	Peptic ulcer, site unspecified: Chronic without haemorrhage or perforation	11	K20-K31	1
K27.9	Peptic ulcer, site unspecified: Unspecified as acute or chronic, without haemorrhage or perforation	11	K20-K31	1
K28	Gastrojejunal ulcer	11	K20-K31	0
K28.0	Gastrojejunal ulcer: Acute with haemorrhage	11	K20-K31	1
K28.1	Gastrojejunal ulcer: Acute with perforation	11	K20-K31	1
K28.2	Gastrojejunal ulcer: Acute with both haemorrhage and perforation	11	K20-K31	1
K28.3	Gastrojejunal ulcer: Acute without haemorrhage or perforation	11	K20-K31	1
K28.4	Gastrojejunal ulcer: Chronic or unspecified with haemorrhage	11	K20-K31	1
K28.5	Gastrojejunal ulcer: Chronic or unspecified with perforation	11	K20-K31	1
K28.6	Gastrojejunal ulcer: Chronic or unspecified with both haemorrhage and perforation	11	K20-K31	1
K28.7	Gastrojejunal ulcer: Chronic without haemorrhage or perforation	11	K20-K31	1
K28.9	Gastrojejunal ulcer: Unspecified as acute or chronic, without haemorrhage or perforation	11	K20-K31	1
K29	Gastritis and duodenitis	11	K20-K31	0
K29.0	Acute haemorrhagic gastritis	11	K20-K31	1
K29.1	Other acute gastritis	11	K20-K31	1
K29.2	Alcoholic gastritis	11	K20-K31	1
K29.3	Chronic superficial gastritis	11	K20-K31	1
K29.4	Chronic atrophic gastritis	11	K20-K31	1
K29.5	Chronic gastritis, unspecified	11	K20-K31	1
K29.6	Other gastritis	11	K20-K31	1
K29.7	Gastritis, unspecified	11	K20-K31	1
K29.8	Duodenitis	11	K20-K31	1
K29.9	Gastroduodenitis, unspecified	11	K20-K31	1
K30	Functional dyspepsia	11	K20-K31	1
K31	Other diseases of stomach and duodenum	11	K20-K31	0
K31.0	Acute dilatation of stomach	11	K20-K31	1
K31.1	Adult hypertrophic pyloric stenosis	11	K20-K31	1
K31.2	Hourglass stricture and stenosis of stomach	11	K20-K31	1
K31.3	Pylorospasm, not elsewhere classified	11	K20-K31	1
K31.4	Gastric diverticulum	11	K20-K31	1
K31.5	Obstruction of duodenum	11	K20-K31	1
K31.6	Fistula of stomach and duodenum	11	K20-K31	1
K31.7	Polyp of stomach and duodenum	11	K20-K31	1
K31.8	Other specified diseases of stomach and duodenum	11	K20-K31	1
K31.9	Disease of stomach and duodenum, unspecified	11	K20-K31	1
K35	Acute appendicitis	11	K35-K38	0
K35.2	Acute appendicitis with generalized peritonitis	11	K35-K38	1
K35.3	Acute appendicitis with localized peritonitis	11	K35-K38	1
K35.8	Acute appendicitis, other and unspecified	11	K35-K38	1
K36	Other appendicitis	11	K35-K38	1
K37	Unspecified appendicitis	11	K35-K38	1
K38	Other diseases of appendix	11	K35-K38	0
K38.0	Hyperplasia of appendix	11	K35-K38	1
K38.1	Appendicular concretions	11	K35-K38	1
K38.2	Diverticulum of appendix	11	K35-K38	1
K38.3	Fistula of appendix	11	K35-K38	1
K38.8	Other specified diseases of appendix	11	K35-K38	1
K38.9	Disease of appendix, unspecified	11	K35-K38	1
K40	Inguinal hernia	11	K40-K46	0
K40.0	Bilateral inguinal hernia, with obstruction, without gangrene	11	K40-K46	1
K40.1	Bilateral inguinal hernia, with gangrene	11	K40-K46	1
K40.2	Bilateral inguinal hernia, without obstruction or gangrene	11	K40-K46	1
K40.3	Unilateral or unspecified inguinal hernia, with obstruction, without gangrene	11	K40-K46	1
K40.4	Unilateral or unspecified inguinal hernia, with gangrene	11	K40-K46	1
K40.9	Unilateral or unspecified inguinal hernia, without obstruction or gangrene	11	K40-K46	1
K41	Femoral hernia	11	K40-K46	0
K41.0	Bilateral femoral hernia, with obstruction, without gangrene	11	K40-K46	1
K41.1	Bilateral femoral hernia, with gangrene	11	K40-K46	1
K41.2	Bilateral femoral hernia, without obstruction or gangrene	11	K40-K46	1
K41.3	Unilateral or unspecified femoral hernia, with obstruction, without gangrene	11	K40-K46	1
K41.4	Unilateral or unspecified femoral hernia, with gangrene	11	K40-K46	1
K41.9	Unilateral or unspecified femoral hernia, without obstruction or gangrene	11	K40-K46	1
K42	Umbilical hernia	11	K40-K46	0
K42.0	Umbilical hernia with obstruction, without gangrene	11	K40-K46	1
K42.1	Umbilical hernia with gangrene	11	K40-K46	1
K42.9	Umbilical hernia without obstruction or gangrene	11	K40-K46	1
K43	Ventral hernia	11	K40-K46	0
K43.0	Incisional hernia with obstruction, without gangrene	11	K40-K46	1
K43.1	Incisional hernia with gangrene	11	K40-K46	1
K43.2	Incisional hernia without obstruction or gangrene	11	K40-K46	1
K43.3	Parastomal hernia with obstruction, without gangrene	11	K40-K46	1
K43.4	Parastomal hernia with gangrene	11	K40-K46	1
K43.5	Parastomal hernia without obstruction or gangrene	11	K40-K46	1
K43.6	Other and unspecified ventral hernia with obstruction without gangrene	11	K40-K46	1
K43.7	Other and unspecified ventral hernia with gangrene	11	K40-K46	1
K43.9	Other and unspecified ventral hernia without obstruction or gangrene	11	K40-K46	1
K44	Diaphragmatic hernia	11	K40-K46	0
K44.0	Diaphragmatic hernia with obstruction, without gangrene	11	K40-K46	1
K44.1	Diaphragmatic hernia with gangrene	11	K40-K46	1
K44.9	Diaphragmatic hernia without obstruction or gangrene	11	K40-K46	1
K45	Other abdominal hernia	11	K40-K46	0
K45.0	Other specified abdominal hernia with obstruction, without gangrene	11	K40-K46	1
K45.1	Other specified abdominal hernia with gangrene	11	K40-K46	1
K45.8	Other specified abdominal hernia without obstruction or gangrene	11	K40-K46	1
K46	Unspecified abdominal hernia	11	K40-K46	0
K46.0	Unspecified abdominal hernia with obstruction, without gangrene	11	K40-K46	1
K46.1	Unspecified abdominal hernia with gangrene	11	K40-K46	1
K46.9	Unspecified abdominal hernia without obstruction or gangrene	11	K40-K46	1
K50	Crohn disease [regional enteritis]	11	K50-K52	0
K50.0	Crohn disease of small intestine	11	K50-K52	1
K50.1	Crohn disease of large intestine	11	K50-K52	1
K50.8	Other Crohn disease	11	K50-K52	1
K50.9	Crohn disease, unspecified	11	K50-K52	1
K51	Ulcerative colitis	11	K50-K52	0
K51.0	Ulcerative (chronic) pancolitis	11	K50-K52	1
K51.2	Ulcerative (chronic) proctitis	11	K50-K52	1
K51.3	Ulcerative (chronic) rectosigmoiditis	11	K50-K52	1
K51.4	Inflammatory polyps	11	K50-K52	1
K51.5	Left sided colitis	11	K50-K52	1
K51.8	Other ulcerative colitis	11	K50-K52	1
K51.9	Ulcerative colitis, unspecified	11	K50-K52	1
K52	Other noninfective gastroenteritis and colitis	11	K50-K52	0
K52.0	Gastroenteritis and colitis due to radiation	11	K50-K52	1
K52.1	Toxic gastroenteritis and colitis	11	K50-K52	1
K52.2	Allergic and dietetic gastroenteritis and colitis	11	K50-K52	1
K52.3	Indeterminate colitis	11	K50-K52	1
K52.8	Other specified noninfective gastroenteritis and colitis	11	K50-K52	1
K52.9	Noninfective gastroenteritis and colitis, unspecified	11	K50-K52	1
K55	Vascular disorders of intestine	11	K55-K64	0
K55.0	Acute vascular disorders of intestine	11	K55-K64	1
K55.1	Chronic vascular disorders of intestine	11	K55-K64	1
K55.2	Angiodysplasia of colon	11	K55-K64	1
K55.3	Angiodysplasia of small intestine	11	K55-K64	1
K55.8	Other vascular disorders of intestine	11	K55-K64	1
K55.9	Vascular disorder of intestine, unspecified	11	K55-K64	1
K56	Paralytic ileus and intestinal obstruction without hernia	11	K55-K64	0
K56.0	Paralytic ileus	11	K55-K64	1
K56.1	Intussusception	11	K55-K64	1
K56.2	Volvulus	11	K55-K64	1
K56.3	Gallstone ileus	11	K55-K64	1
K56.4	Other impaction of intestine	11	K55-K64	1
K56.5	Intestinal adhesions [bands] with obstruction	11	K55-K64	1
K56.6	Other and unspecified intestinal obstruction	11	K55-K64	1
K56.7	Ileus, unspecified	11	K55-K64	1
K57	Diverticular disease of intestine	11	K55-K64	0
K57.0	Diverticular disease of small intestine with perforation and abscess	11	K55-K64	1
K57.1	Diverticular disease of small intestine without perforation or abscess	11	K55-K64	1
K57.2	Diverticular disease of large intestine with perforation and abscess	11	K55-K64	1
K57.3	Diverticular disease of large intestine without perforation or abscess	11	K55-K64	1
K57.4	Diverticular disease of both small and large intestine with perforation and abscess	11	K55-K64	1
K57.5	Diverticular disease of both small and large intestine without perforation or abscess	11	K55-K64	1
K57.8	Diverticular disease of intestine, part unspecified, with perforation and abscess	11	K55-K64	1
K57.9	Diverticular disease of intestine, part unspecified, without perforation or abscess	11	K55-K64	1
K58	Irritable bowel syndrome	11	K55-K64	0
K58.1	Irritable bowel syndrome with predominant diarrhoea [IBS-D]	11	K55-K64	1
K58.2	Irritable bowel syndrome with predominant constipation [IBS-C]	11	K55-K64	1
K58.3	Irritable bowel syndrome with mixed bowel habits [IBS-M]	11	K55-K64	1
K58.8	Other and unspecified irritable bowel syndrome	11	K55-K64	1
K59	Other functional intestinal disorders	11	K55-K64	0
K59.0	Constipation	11	K55-K64	1
K59.1	Functional diarrhoea	11	K55-K64	1
K59.2	Neurogenic bowel, not elsewhere classified	11	K55-K64	1
K59.3	Megacolon, not elsewhere classified	11	K55-K64	1
K59.4	Anal spasm	11	K55-K64	1
K59.8	Other specified functional intestinal disorders	11	K55-K64	1
K59.9	Functional intestinal disorder, unspecified	11	K55-K64	1
K60	Fissure and fistula of anal and rectal regions	11	K55-K64	0
K60.0	Acute anal fissure	11	K55-K64	1
K60.1	Chronic anal fissure	11	K55-K64	1
K60.2	Anal fissure, unspecified	11	K55-K64	1
K60.3	Anal fistula	11	K55-K64	1
K60.4	Rectal fistula	11	K55-K64	1
K60.5	Anorectal fistula	11	K55-K64	1
K61	Abscess of anal and rectal regions	11	K55-K64	0
K61.0	Anal abscess	11	K55-K64	1
K61.1	Rectal abscess	11	K55-K64	1
K61.2	Anorectal abscess	11	K55-K64	1
K61.3	Ischiorectal abscess	11	K55-K64	1
K61.4	Intrasphincteric abscess	11	K55-K64	1
K62	Other diseases of anus and rectum	11	K55-K64	0
K62.0	Anal polyp	11	K55-K64	1
K62.1	Rectal polyp	11	K55-K64	1
K62.2	Anal prolapse	11	K55-K64	1
K62.3	Rectal prolapse	11	K55-K64	1
K62.4	Stenosis of anus and rectum	11	K55-K64	1
K62.5	Haemorrhage of anus and rectum	11	K55-K64	1
K62.6	Ulcer of anus and rectum	11	K55-K64	1
K62.7	Radiation proctitis	11	K55-K64	1
K62.8	Other specified diseases of anus and rectum	11	K55-K64	1
K62.9	Disease of anus and rectum, unspecified	11	K55-K64	1
K63	Other diseases of intestine	11	K55-K64	0
K63.0	Abscess of intestine	11	K55-K64	1
K63.1	Perforation of intestine (nontraumatic)	11	K55-K64	1
K63.2	Fistula of intestine	11	K55-K64	1
K63.3	Ulcer of intestine	11	K55-K64	1
K63.4	Enteroptosis	11	K55-K64	1
K63.5	Polyp of colon	11	K55-K64	1
K63.8	Other specified diseases of intestine	11	K55-K64	1
K63.9	Disease of intestine, unspecified	11	K55-K64	1
K64	Haemorrhoids and perianal venous thrombosis	11	K55-K64	0
K64.0	First degree haemorrhoids	11	K55-K64	1
K64.1	Second degree haemorrhoids	11	K55-K64	1
K64.2	Third degree haemorrhoids	11	K55-K64	1
K64.3	Fourth degree haemorrhoids	11	K55-K64	1
K64.4	Residual haemorrhoidal skin tags	11	K55-K64	1
K64.5	Perianal venous thrombosis	11	K55-K64	1
K64.8	Other specified haemorrhoids	11	K55-K64	1
K64.9	Haemorrhoids, unspecified	11	K55-K64	1
K65	Peritonitis	11	K65-K67	0
K65.0	Acute peritonitis	11	K65-K67	1
K65.8	Other peritonitis	11	K65-K67	1
K65.9	Peritonitis, unspecified	11	K65-K67	1
K66	Other disorders of peritoneum	11	K65-K67	0
K66.0	Peritoneal adhesions	11	K65-K67	1
K66.1	Haemoperitoneum	11	K65-K67	1
K66.2	Retroperitoneal fibrosis	11	K65-K67	1
K66.8	Other specified disorders of peritoneum	11	K65-K67	1
K66.9	Disorder of peritoneum, unspecified	11	K65-K67	1
K67	Disorders of peritoneum in infectious diseases classified elsewhere	11	K65-K67	0
K67.0	Chlamydial peritonitis	11	K65-K67	1
K67.1	Gonococcal peritonitis	11	K65-K67	1
K67.2	Syphilitic peritonitis	11	K65-K67	1
K67.3	Tuberculous peritonitis	11	K65-K67	1
K67.8	Other disorders of peritoneum in infectious diseases classified elsewhere	11	K65-K67	1
K70	Alcoholic liver disease	11	K70-K77	0
K70.0	Alcoholic fatty liver	11	K70-K77	1
K70.1	Alcoholic hepatitis	11	K70-K77	1
K70.2	Alcoholic fibrosis and sclerosis of liver	11	K70-K77	1
K70.3	Alcoholic cirrhosis of liver	11	K70-K77	1
K70.4	Alcoholic hepatic failure	11	K70-K77	1
K70.9	Alcoholic liver disease, unspecified	11	K70-K77	1
K71	Toxic liver disease	11	K70-K77	0
K71.0	Toxic liver disease with cholestasis	11	K70-K77	1
K71.1	Toxic liver disease with hepatic necrosis	11	K70-K77	1
K71.2	Toxic liver disease with acute hepatitis	11	K70-K77	1
K71.3	Toxic liver disease with chronic persistent hepatitis	11	K70-K77	1
K71.4	Toxic liver disease with chronic lobular hepatitis	11	K70-K77	1
K71.5	Toxic liver disease with chronic active hepatitis	11	K70-K77	1
K71.6	Toxic liver disease with hepatitis, not elsewhere classified	11	K70-K77	1
K71.7	Toxic liver disease with fibrosis and cirrhosis of liver	11	K70-K77	1
K71.8	Toxic liver disease with other disorders of liver	11	K70-K77	1
K71.9	Toxic liver disease, unspecified	11	K70-K77	1
K72	Hepatic failure, not elsewhere classified	11	K70-K77	0
K72.0	Acute and subacute hepatic failure	11	K70-K77	1
K72.1	Chronic hepatic failure	11	K70-K77	1
K72.9	Hepatic failure, unspecified	11	K70-K77	1
K73	Chronic hepatitis, not elsewhere classified	11	K70-K77	0
K73.0	Chronic persistent hepatitis, not elsewhere classified	11	K70-K77	1
K73.1	Chronic lobular hepatitis, not elsewhere classified	11	K70-K77	1
K73.2	Chronic active hepatitis, not elsewhere classified	11	K70-K77	1
K73.8	Other chronic hepatitis, not elsewhere classified	11	K70-K77	1
K73.9	Chronic hepatitis, unspecified	11	K70-K77	1
K74	Fibrosis and cirrhosis of liver	11	K70-K77	0
K74.0	Hepatic fibrosis	11	K70-K77	1
K74.1	Hepatic sclerosis	11	K70-K77	1
K74.2	Hepatic fibrosis with hepatic sclerosis	11	K70-K77	1
K74.3	Primary biliary cirrhosis	11	K70-K77	1
K74.4	Secondary biliary cirrhosis	11	K70-K77	1
K74.5	Biliary cirrhosis, unspecified	11	K70-K77	1
K74.6	Other and unspecified cirrhosis of liver	11	K70-K77	1
K75	Other inflammatory liver diseases	11	K70-K77	0
K75.0	Abscess of liver	11	K70-K77	1
K75.1	Phlebitis of portal vein	11	K70-K77	1
K75.2	Nonspecific reactive hepatitis	11	K70-K77	1
K75.3	Granulomatous hepatitis, not elsewhere classified	11	K70-K77	1
K75.4	Autoimmune hepatitis	11	K70-K77	1
K75.8	Other specified inflammatory liver diseases	11	K70-K77	1
K75.9	Inflammatory liver disease, unspecified	11	K70-K77	1
K76	Other diseases of liver	11	K70-K77	0
K76.0	Fatty (change of) liver, not elsewhere classified	11	K70-K77	1
K76.1	Chronic passive congestion of liver	11	K70-K77	1
K76.2	Central haemorrhagic necrosis of liver	11	K70-K77	1
K76.3	Infarction of liver	11	K70-K77	1
K76.4	Peliosis hepatis	11	K70-K77	1
K76.5	Hepatic veno-occlusive disease	11	K70-K77	1
K76.6	Portal hypertension	11	K70-K77	1
K76.7	Hepatorenal syndrome	11	K70-K77	1
K76.8	Other specified diseases of liver	11	K70-K77	1
K76.9	Liver disease, unspecified	11	K70-K77	1
K77	Liver disorders in diseases classified elsewhere	11	K70-K77	0
K77.0	Liver disorders in infectious and parasitic diseases classified elsewhere	11	K70-K77	1
K77.8	Liver disorders in other diseases classified elsewhere	11	K70-K77	1
K80	Cholelithiasis	11	K80-K87	0
K80.0	Calculus of gallbladder with acute cholecystitis	11	K80-K87	1
K80.1	Calculus of gallbladder with other cholecystitis	11	K80-K87	1
K80.2	Calculus of gallbladder without cholecystitis	11	K80-K87	1
K80.3	Calculus of bile duct with cholangitis	11	K80-K87	1
K80.4	Calculus of bile duct with cholecystitis	11	K80-K87	1
K80.5	Calculus of bile duct without cholangitis or cholecystitis	11	K80-K87	1
K80.8	Other cholelithiasis	11	K80-K87	1
K81	Cholecystitis	11	K80-K87	0
K81.0	Acute cholecystitis	11	K80-K87	1
K81.1	Chronic cholecystitis	11	K80-K87	1
K81.8	Other cholecystitis	11	K80-K87	1
K81.9	Cholecystitis, unspecified	11	K80-K87	1
K82	Other diseases of gallbladder	11	K80-K87	0
K82.0	Obstruction of gallbladder	11	K80-K87	1
K82.1	Hydrops of gallbladder	11	K80-K87	1
K82.2	Perforation of gallbladder	11	K80-K87	1
K82.3	Fistula of gallbladder	11	K80-K87	1
K82.4	Cholesterolosis of gallbladder	11	K80-K87	1
K82.8	Other specified diseases of gallbladder	11	K80-K87	1
K82.9	Disease of gallbladder, unspecified	11	K80-K87	1
K83	Other diseases of biliary tract	11	K80-K87	0
K83.0	Cholangitis	11	K80-K87	1
K83.1	Obstruction of bile duct	11	K80-K87	1
K83.2	Perforation of bile duct	11	K80-K87	1
K83.3	Fistula of bile duct	11	K80-K87	1
K83.4	Spasm of sphincter of Oddi	11	K80-K87	1
K83.5	Biliary cyst	11	K80-K87	1
K83.8	Other specified diseases of biliary tract	11	K80-K87	1
K83.9	Disease of biliary tract, unspecified	11	K80-K87	1
K85	Acute pancreatitis	11	K80-K87	0
K85.0	Idiopathic acute pancreatitis	11	K80-K87	1
K85.1	Biliary acute pancreatitis	11	K80-K87	1
K85.2	Alcohol-induced acute pancreatitis	11	K80-K87	1
K85.3	Drug-induced acute pancreatitis	11	K80-K87	1
K85.8	Other acute pancreatitis	11	K80-K87	1
K85.9	Acute pancreatitis, unspecified	11	K80-K87	1
K86	Other diseases of pancreas	11	K80-K87	0
K86.0	Alcohol-induced chronic pancreatitis	11	K80-K87	1
K86.1	Other chronic pancreatitis	11	K80-K87	1
K86.2	Cyst of pancreas	11	K80-K87	1
K86.3	Pseudocyst of pancreas	11	K80-K87	1
K86.8	Other specified diseases of pancreas	11	K80-K87	1
K86.9	Disease of pancreas, unspecified	11	K80-K87	1
K87	Disorders of gallbladder, biliary tract and pancreas in diseases classified elsewhere	11	K80-K87	0
K87.0	Disorders of gallbladder and biliary tract in diseases classified elsewhere	11	K80-K87	1
K87.1	Disorders of pancreas in diseases classified elsewhere	11	K80-K87	1
K90	Intestinal malabsorption	11	K90-K93	0
K90.0	Coeliac disease	11	K90-K93	1
K90.1	Tropical sprue	11	K90-K93	1
K90.2	Blind loop syndrome, not elsewhere classified	11	K90-K93	1
K90.3	Pancreatic steatorrhoea	11	K90-K93	1
K90.4	Malabsorption due to intolerance, not elsewhere classified	11	K90-K93	1
K90.8	Other intestinal malabsorption	11	K90-K93	1
K90.9	Intestinal malabsorption, unspecified	11	K90-K93	1
K91	Postprocedural disorders of digestive system, not elsewhere classified	11	K90-K93	0
K91.0	Vomiting following gastrointestinal surgery	11	K90-K93	1
K91.1	Postgastric surgery syndromes	11	K90-K93	1
K91.2	Postsurgical malabsorption, not elsewhere classified	11	K90-K93	1
K91.3	Postoperative intestinal obstruction	11	K90-K93	1
K91.4	Colostomy and enterostomy malfunction	11	K90-K93	1
K91.5	Postcholecystectomy syndrome	11	K90-K93	1
K91.8	Other postprocedural disorders of digestive system, not elsewhere classified	11	K90-K93	1
K91.9	Postprocedural disorder of digestive system, unspecified	11	K90-K93	1
K92	Other diseases of digestive system	11	K90-K93	0
K92.0	Haematemesis	11	K90-K93	1
K92.1	Melaena	11	K90-K93	1
K92.2	Gastrointestinal haemorrhage, unspecified	11	K90-K93	1
K92.8	Other specified diseases of digestive system	11	K90-K93	1
K92.9	Disease of digestive system, unspecified	11	K90-K93	1
K93	Disorders of other digestive organs in diseases classified elsewhere	11	K90-K93	0
K93.0	Tuberculous disorders of intestines, peritoneum and mesenteric glands	11	K90-K93	1
K93.1	Megacolon in Chagas disease	11	K90-K93	1
K93.8	Disorders of other specified digestive organs in diseases classified elsewhere	11	K90-K93	1
L00	Staphylococcal scalded skin syndrome	12	L00-L08	1
L01	Impetigo	12	L00-L08	0
L01.0	Impetigo [any organism] [any site]	12	L00-L08	1
L01.1	Impetiginization of other dermatoses	12	L00-L08	1
L02	Cutaneous abscess, furuncle and carbuncle	12	L00-L08	0
L02.0	Cutaneous abscess, furuncle and carbuncle of face	12	L00-L08	1
L02.1	Cutaneous abscess, furuncle and carbuncle of neck	12	L00-L08	1
L02.2	Cutaneous abscess, furuncle and carbuncle of trunk	12	L00-L08	1
L02.3	Cutaneous abscess, furuncle and carbuncle of buttock	12	L00-L08	1
L02.4	Cutaneous abscess, furuncle and carbuncle of limb	12	L00-L08	1
L02.8	Cutaneous abscess, furuncle and carbuncle of other sites	12	L00-L08	1
L02.9	Cutaneous abscess, furuncle and carbuncle, unspecified	12	L00-L08	1
L03	Cellulitis	12	L00-L08	0
L03.0	Cellulitis of finger and toe	12	L00-L08	1
L03.1	Cellulitis of other parts of limb	12	L00-L08	1
L03.2	Cellulitis of face	12	L00-L08	1
L03.3	Cellulitis of trunk	12	L00-L08	1
L03.8	Cellulitis of other sites	12	L00-L08	1
L03.9	Cellulitis, unspecified	12	L00-L08	1
L04	Acute lymphadenitis	12	L00-L08	0
L04.0	Acute lymphadenitis of face, head and neck	12	L00-L08	1
L04.1	Acute lymphadenitis of trunk	12	L00-L08	1
L04.2	Acute lymphadenitis of upper limb	12	L00-L08	1
L04.3	Acute lymphadenitis of lower limb	12	L00-L08	1
L04.8	Acute lymphadenitis of other sites	12	L00-L08	1
L04.9	Acute lymphadenitis, unspecified	12	L00-L08	1
L05	Pilonidal cyst	12	L00-L08	0
L05.0	Pilonidal cyst with abscess	12	L00-L08	1
L05.9	Pilonidal cyst without abscess	12	L00-L08	1
L08	Other local infections of skin and subcutaneous tissue	12	L00-L08	0
L08.0	Pyoderma	12	L00-L08	1
L08.1	Erythrasma	12	L00-L08	1
L08.8	Other specified local infections of skin and subcutaneous tissue	12	L00-L08	1
L08.9	Local infection of skin and subcutaneous tissue, unspecified	12	L00-L08	1
L10	Pemphigus	12	L10-L14	0
L10.0	Pemphigus vulgaris	12	L10-L14	1
L10.1	Pemphigus vegetans	12	L10-L14	1
L10.2	Pemphigus foliaceus	12	L10-L14	1
L10.3	Brazilian pemphigus [fogo selvagem]	12	L10-L14	1
L10.4	Pemphigus erythematosus	12	L10-L14	1
L10.5	Drug-induced pemphigus	12	L10-L14	1
L10.8	Other pemphigus	12	L10-L14	1
L10.9	Pemphigus, unspecified	12	L10-L14	1
L11	Other acantholytic disorders	12	L10-L14	0
L11.0	Acquired keratosis follicularis	12	L10-L14	1
L11.1	Transient acantholytic dermatosis [Grover]	12	L10-L14	1
L11.8	Other specified acantholytic disorders	12	L10-L14	1
L11.9	Acantholytic disorder, unspecified	12	L10-L14	1
L12	Pemphigoid	12	L10-L14	0
L12.0	Bullous pemphigoid	12	L10-L14	1
L12.1	Cicatricial pemphigoid	12	L10-L14	1
L12.2	Chronic bullous disease of childhood	12	L10-L14	1
L12.3	Acquired epidermolysis bullosa	12	L10-L14	1
L12.8	Other pemphigoid	12	L10-L14	1
L12.9	Pemphigoid, unspecified	12	L10-L14	1
L13	Other bullous disorders	12	L10-L14	0
L13.0	Dermatitis herpetiformis	12	L10-L14	1
L13.1	Subcorneal pustular dermatitis	12	L10-L14	1
L13.8	Other specified bullous disorders	12	L10-L14	1
L13.9	Bullous disorder, unspecified	12	L10-L14	1
L14	Bullous disorders in diseases classified elsewhere	12	L10-L14	1
L20	Atopic dermatitis	12	L20-L30	0
L20.0	Besnier prurigo	12	L20-L30	1
L20.8	Other atopic dermatitis	12	L20-L30	1
L20.9	Atopic dermatitis, unspecified	12	L20-L30	1
L21	Seborrhoeic dermatitis	12	L20-L30	0
L21.0	Seborrhoea capitis	12	L20-L30	1
L21.1	Seborrhoeic infantile dermatitis	12	L20-L30	1
L21.8	Other seborrhoeic dermatitis	12	L20-L30	1
L21.9	Seborrhoeic dermatitis, unspecified	12	L20-L30	1
L22	Diaper [napkin] dermatitis	12	L20-L30	1
L23	Allergic contact dermatitis	12	L20-L30	0
L23.0	Allergic contact dermatitis due to metals	12	L20-L30	1
L23.1	Allergic contact dermatitis due to adhesives	12	L20-L30	1
L23.2	Allergic contact dermatitis due to cosmetics	12	L20-L30	1
L23.3	Allergic contact dermatitis due to drugs in contact with skin	12	L20-L30	1
L23.4	Allergic contact dermatitis due to dyes	12	L20-L30	1
L23.5	Allergic contact dermatitis due to other chemical products	12	L20-L30	1
L23.6	Allergic contact dermatitis due to food in contact with skin	12	L20-L30	1
L23.7	Allergic contact dermatitis due to plants, except food	12	L20-L30	1
L23.8	Allergic contact dermatitis due to other agents	12	L20-L30	1
L23.9	Allergic contact dermatitis, unspecified cause	12	L20-L30	1
L24	Irritant contact dermatitis	12	L20-L30	0
L24.0	Irritant contact dermatitis due to detergents	12	L20-L30	1
L24.1	Irritant contact dermatitis due to oils and greases	12	L20-L30	1
L24.2	Irritant contact dermatitis due to solvents	12	L20-L30	1
L24.3	Irritant contact dermatitis due to cosmetics	12	L20-L30	1
L24.4	Irritant contact dermatitis due to drugs in contact with skin	12	L20-L30	1
L24.5	Irritant contact dermatitis due to other chemical products	12	L20-L30	1
L24.6	Irritant contact dermatitis due to food in contact with skin	12	L20-L30	1
L24.7	Irritant contact dermatitis due to plants, except food	12	L20-L30	1
L24.8	Irritant contact dermatitis due to other agents	12	L20-L30	1
L24.9	Irritant contact dermatitis, unspecified cause	12	L20-L30	1
L25	Unspecified contact dermatitis	12	L20-L30	0
L25.0	Unspecified contact dermatitis due to cosmetics	12	L20-L30	1
L25.1	Unspecified contact dermatitis due to drugs in contact with skin	12	L20-L30	1
L25.2	Unspecified contact dermatitis due to dyes	12	L20-L30	1
L25.3	Unspecified contact dermatitis due to other chemical products	12	L20-L30	1
L25.4	Unspecified contact dermatitis due to food in contact with skin	12	L20-L30	1
L25.5	Unspecified contact dermatitis due to plants, except food	12	L20-L30	1
L25.8	Unspecified contact dermatitis due to other agents	12	L20-L30	1
L25.9	Unspecified contact dermatitis, unspecified cause	12	L20-L30	1
L26	Exfoliative dermatitis	12	L20-L30	1
L27	Dermatitis due to substances taken internally	12	L20-L30	0
L27.0	Generalized skin eruption due to drugs and medicaments	12	L20-L30	1
L27.1	Localized skin eruption due to drugs and medicaments	12	L20-L30	1
L27.2	Dermatitis due to ingested food	12	L20-L30	1
L27.8	Dermatitis due to other substances taken internally	12	L20-L30	1
L27.9	Dermatitis due to unspecified substance taken internally	12	L20-L30	1
L28	Lichen simplex chronicus and prurigo	12	L20-L30	0
L28.0	Lichen simplex chronicus	12	L20-L30	1
L28.1	Prurigo nodularis	12	L20-L30	1
L28.2	Other prurigo	12	L20-L30	1
L29	Pruritus	12	L20-L30	0
L29.0	Pruritus ani	12	L20-L30	1
L29.1	Pruritus scroti	12	L20-L30	1
L29.2	Pruritus vulvae	12	L20-L30	1
L29.3	Anogenital pruritus, unspecified	12	L20-L30	1
L29.8	Other pruritus	12	L20-L30	1
L29.9	Pruritus, unspecified	12	L20-L30	1
L30	Other dermatitis	12	L20-L30	0
L30.0	Nummular dermatitis	12	L20-L30	1
L30.1	Dyshidrosis [pompholyx]	12	L20-L30	1
L30.2	Cutaneous autosensitization	12	L20-L30	1
L30.3	Infective dermatitis	12	L20-L30	1
L30.4	Erythema intertrigo	12	L20-L30	1
L30.5	Pityriasis alba	12	L20-L30	1
L30.8	Other specified dermatitis	12	L20-L30	1
L30.9	Dermatitis, unspecified	12	L20-L30	1
L40	Psoriasis	12	L40-L45	0
L40.0	Psoriasis vulgaris	12	L40-L45	1
L40.1	Generalized pustular psoriasis	12	L40-L45	1
L40.2	Acrodermatitis continua	12	L40-L45	1
L40.3	Pustulosis palmaris et plantaris	12	L40-L45	1
L40.4	Guttate psoriasis	12	L40-L45	1
L40.5	Arthropathic psoriasis	12	L40-L45	1
L40.8	Other psoriasis	12	L40-L45	1
L40.9	Psoriasis, unspecified	12	L40-L45	1
L41	Parapsoriasis	12	L40-L45	0
L41.0	Pityriasis lichenoides et varioliformis acuta	12	L40-L45	1
L41.1	Pityriasis lichenoides chronica	12	L40-L45	1
L41.3	Small plaque parapsoriasis	12	L40-L45	1
L41.4	Large plaque parapsoriasis	12	L40-L45	1
L41.5	Retiform parapsoriasis	12	L40-L45	1
L41.8	Other parapsoriasis	12	L40-L45	1
L41.9	Parapsoriasis, unspecified	12	L40-L45	1
L42	Pityriasis rosea	12	L40-L45	1
L43	Lichen planus	12	L40-L45	0
L43.0	Hypertrophic lichen planus	12	L40-L45	1
L43.1	Bullous lichen planus	12	L40-L45	1
L43.2	Lichenoid drug reaction	12	L40-L45	1
L43.3	Subacute (active) lichen planus	12	L40-L45	1
L43.8	Other lichen planus	12	L40-L45	1
L43.9	Lichen planus, unspecified	12	L40-L45	1
L44	Other papulosquamous disorders	12	L40-L45	0
L44.0	Pityriasis rubra pilaris	12	L40-L45	1
L44.1	Lichen nitidus	12	L40-L45	1
L44.2	Lichen striatus	12	L40-L45	1
L44.3	Lichen ruber moniliformis	12	L40-L45	1
L44.4	Infantile papular acrodermatitis [Giannotti-Crosti]	12	L40-L45	1
L44.8	Other specified papulosquamous disorders	12	L40-L45	1
L44.9	Papulosquamous disorder, unspecified	12	L40-L45	1
L45	Papulosquamous disorders in diseases classified elsewhere	12	L40-L45	1
L50	Urticaria	12	L50-L54	0
L50.0	Allergic urticaria	12	L50-L54	1
L50.1	Idiopathic urticaria	12	L50-L54	1
L50.2	Urticaria due to cold and heat	12	L50-L54	1
L50.3	Dermatographic urticaria	12	L50-L54	1
L50.4	Vibratory urticaria	12	L50-L54	1
L50.5	Cholinergic urticaria	12	L50-L54	1
L50.6	Contact urticaria	12	L50-L54	1
L50.8	Other urticaria	12	L50-L54	1
L50.9	Urticaria, unspecified	12	L50-L54	1
L51	Erythema multiforme	12	L50-L54	0
L51.0	Nonbullous erythema multiforme	12	L50-L54	1
L51.1	Bullous erythema multiforme	12	L50-L54	1
L51.2	Toxic epidermal necrolysis [Lyell]	12	L50-L54	1
L51.8	Other erythema multiforme	12	L50-L54	1
L51.9	Erythema multiforme, unspecified	12	L50-L54	1
L52	Erythema nodosum	12	L50-L54	1
L53	Other erythematous conditions	12	L50-L54	0
L53.0	Toxic erythema	12	L50-L54	1
L53.1	Erythema annulare centrifugum	12	L50-L54	1
L53.2	Erythema marginatum	12	L50-L54	1
L53.3	Other chronic figurate erythema	12	L50-L54	1
L53.8	Other specified erythematous conditions	12	L50-L54	1
L53.9	Erythematous condition, unspecified	12	L50-L54	1
L54	Erythema in diseases classified elsewhere	12	L50-L54	0
L54.0	Erythema marginatum in acute rheumatic fever	12	L50-L54	1
L54.8	Erythema in other diseases classified elsewhere	12	L50-L54	1
L55	Sunburn	12	L55-L59	0
L55.0	Sunburn of first degree	12	L55-L59	1
L55.1	Sunburn of second degree	12	L55-L59	1
L55.2	Sunburn of third degree	12	L55-L59	1
L55.8	Other sunburn	12	L55-L59	1
L55.9	Sunburn, unspecified	12	L55-L59	1
L56	Other acute skin changes due to ultraviolet radiation	12	L55-L59	0
L56.0	Drug phototoxic response	12	L55-L59	1
L56.1	Drug photoallergic response	12	L55-L59	1
L56.2	Photocontact dermatitis [berloque dermatitis]	12	L55-L59	1
L56.3	Solar urticaria	12	L55-L59	1
L56.4	Polymorphous light eruption	12	L55-L59	1
L56.8	Other specified acute skin changes due to ultraviolet radiation	12	L55-L59	1
L56.9	Acute skin change due to ultraviolet radiation, unspecified	12	L55-L59	1
L57	Skin changes due to chronic exposure to nonionizing radiation	12	L55-L59	0
L57.0	Actinic keratosis	12	L55-L59	1
L57.1	Actinic reticuloid	12	L55-L59	1
L57.2	Cutis rhomboidalis nuchae	12	L55-L59	1
L57.3	Poikiloderma of Civatte	12	L55-L59	1
L57.4	Cutis laxa senilis	12	L55-L59	1
L57.5	Actinic granuloma	12	L55-L59	1
L57.8	Other skin changes due to chronic exposure to nonionizing radiation	12	L55-L59	1
L57.9	Skin changes due to chronic exposure to nonionizing radiation, unspecified	12	L55-L59	1
L58	Radiodermatitis	12	L55-L59	0
L58.0	Acute radiodermatitis	12	L55-L59	1
L58.1	Chronic radiodermatitis	12	L55-L59	1
L58.9	Radiodermatitis, unspecified	12	L55-L59	1
L59	Other disorders of skin and subcutaneous tissue related to radiation	12	L55-L59	0
L59.0	Erythema ab igne [dermatitis ab igne]	12	L55-L59	1
L59.8	Other specified disorders of skin and subcutaneous tissue related to radiation	12	L55-L59	1
L59.9	Disorder of skin and subcutaneous tissue related to radiation, unspecified	12	L55-L59	1
L60	Nail disorders	12	L60-L75	0
L60.0	Ingrowing nail	12	L60-L75	1
L60.1	Onycholysis	12	L60-L75	1
L60.2	Onychogryphosis	12	L60-L75	1
L60.3	Nail dystrophy	12	L60-L75	1
L60.4	Beau lines	12	L60-L75	1
L60.5	Yellow nail syndrome	12	L60-L75	1
L60.8	Other nail disorders	12	L60-L75	1
L60.9	Nail disorder, unspecified	12	L60-L75	1
L62	Nail disorders in diseases classified elsewhere	12	L60-L75	0
L62.0	Clubbed nail pachydermoperiostosis	12	L60-L75	1
L62.8	Nail disorders in other diseases classified elsewhere	12	L60-L75	1
L63	Alopecia areata	12	L60-L75	0
L63.0	Alopecia (capitis) totalis	12	L60-L75	1
L63.1	Alopecia universalis	12	L60-L75	1
L63.2	Ophiasis	12	L60-L75	1
L63.8	Other alopecia areata	12	L60-L75	1
L63.9	Alopecia areata, unspecified	12	L60-L75	1
L64	Androgenic alopecia	12	L60-L75	0
L64.0	Drug-induced androgenic alopecia	12	L60-L75	1
L64.8	Other androgenic alopecia	12	L60-L75	1
L64.9	Androgenic alopecia, unspecified	12	L60-L75	1
L65	Other nonscarring hair loss	12	L60-L75	0
L65.0	Telogen effluvium	12	L60-L75	1
L65.1	Anagen effluvium	12	L60-L75	1
L65.2	Alopecia mucinosa	12	L60-L75	1
L65.8	Other specified nonscarring hair loss	12	L60-L75	1
L65.9	Nonscarring hair loss, unspecified	12	L60-L75	1
L66	Cicatricial alopecia [scarring hair loss]	12	L60-L75	0
L66.0	Pseudopelade	12	L60-L75	1
L66.1	Lichen planopilaris	12	L60-L75	1
L66.2	Folliculitis decalvans	12	L60-L75	1
L66.3	Perifolliculitis capitis abscedens	12	L60-L75	1
L66.4	Folliculitis ulerythematosa reticulata	12	L60-L75	1
L66.8	Other cicatricial alopecia	12	L60-L75	1
L66.9	Cicatricial alopecia, unspecified	12	L60-L75	1
L67	Hair colour and hair shaft abnormalities	12	L60-L75	0
L67.0	Trichorrhexis nodosa	12	L60-L75	1
L67.1	Variations in hair colour	12	L60-L75	1
L67.8	Other hair colour and hair shaft abnormalities	12	L60-L75	1
L67.9	Hair colour and hair shaft abnormality, unspecified	12	L60-L75	1
L68	Hypertrichosis	12	L60-L75	0
L68.0	Hirsutism	12	L60-L75	1
L68.1	Acquired hypertrichosis lanuginosa	12	L60-L75	1
L68.2	Localized hypertrichosis	12	L60-L75	1
L68.3	Polytrichia	12	L60-L75	1
L68.8	Other hypertrichosis	12	L60-L75	1
L68.9	Hypertrichosis, unspecified	12	L60-L75	1
L70	Acne	12	L60-L75	0
L70.0	Acne vulgaris	12	L60-L75	1
L70.1	Acne conglobata	12	L60-L75	1
L70.2	Acne varioliformis	12	L60-L75	1
L70.3	Acne tropica	12	L60-L75	1
L70.4	Infantile acne	12	L60-L75	1
L70.5	Acné excoriée	12	L60-L75	1
L70.8	Other acne	12	L60-L75	1
L70.9	Acne, unspecified	12	L60-L75	1
L71	Rosacea	12	L60-L75	0
L71.0	Perioral dermatitis	12	L60-L75	1
L71.1	Rhinophyma	12	L60-L75	1
L71.8	Other rosacea	12	L60-L75	1
L71.9	Rosacea, unspecified	12	L60-L75	1
L72	Follicular cysts of skin and subcutaneous tissue	12	L60-L75	0
L72.0	Epidermal cyst	12	L60-L75	1
L72.1	Trichilemmal cyst	12	L60-L75	1
L72.2	Steatocystoma multiplex	12	L60-L75	1
L72.8	Other follicular cysts of skin and subcutaneous tissue	12	L60-L75	1
L72.9	Follicular cyst of skin and subcutaneous tissue, unspecified	12	L60-L75	1
L73	Other follicular disorders	12	L60-L75	0
L73.0	Acne keloid	12	L60-L75	1
L73.1	Pseudofolliculitis barbae	12	L60-L75	1
L73.2	Hidradenitis suppurativa	12	L60-L75	1
L73.8	Other specified follicular disorders	12	L60-L75	1
L73.9	Follicular disorder, unspecified	12	L60-L75	1
L74	Eccrine sweat disorders	12	L60-L75	0
L74.0	Miliaria rubra	12	L60-L75	1
L74.1	Miliaria crystallina	12	L60-L75	1
L74.2	Miliaria profunda	12	L60-L75	1
L74.3	Miliaria, unspecified	12	L60-L75	1
L74.4	Anhidrosis	12	L60-L75	1
L74.8	Other eccrine sweat disorders	12	L60-L75	1
L74.9	Eccrine sweat disorder, unspecified	12	L60-L75	1
L75	Apocrine sweat disorders	12	L60-L75	0
L75.0	Bromhidrosis	12	L60-L75	1
L75.1	Chromhidrosis	12	L60-L75	1
L75.2	Apocrine miliaria	12	L60-L75	1
L75.8	Other apocrine sweat disorders	12	L60-L75	1
L75.9	Apocrine sweat disorder, unspecified	12	L60-L75	1
L80	Vitiligo	12	L80-L99	1
L81	Other disorders of pigmentation	12	L80-L99	0
L81.0	Postinflammatory hyperpigmentation	12	L80-L99	1
L81.1	Chloasma	12	L80-L99	1
L81.2	Freckles	12	L80-L99	1
L81.3	Café au lait spots	12	L80-L99	1
L81.4	Other melanin hyperpigmentation	12	L80-L99	1
L81.5	Leukoderma, not elsewhere classified	12	L80-L99	1
L81.6	Other disorders of diminished melanin formation	12	L80-L99	1
L81.7	Pigmented purpuric dermatosis	12	L80-L99	1
L81.8	Other specified disorders of pigmentation	12	L80-L99	1
L81.9	Disorder of pigmentation, unspecified	12	L80-L99	1
L82	Seborrhoeic keratosis	12	L80-L99	1
L83	Acanthosis nigricans	12	L80-L99	1
L84	Corns and callosities	12	L80-L99	1
L85	Other epidermal thickening	12	L80-L99	0
L85.0	Acquired ichthyosis	12	L80-L99	1
L85.1	Acquired keratosis [keratoderma] palmaris et plantaris	12	L80-L99	1
L85.2	Keratosis punctata (palmaris et plantaris)	12	L80-L99	1
L85.3	Xerosis cutis	12	L80-L99	1
L85.8	Other specified epidermal thickening	12	L80-L99	1
L85.9	Epidermal thickening, unspecified	12	L80-L99	1
L86	Keratoderma in diseases classified elsewhere	12	L80-L99	1
L87	Transepidermal elimination disorders	12	L80-L99	0
L87.0	Keratosis follicularis et parafollicularis in cutem penetrans [Kyrle]	12	L80-L99	1
L87.1	Reactive perforating collagenosis	12	L80-L99	1
L87.2	Elastosis perforans serpiginosa	12	L80-L99	1
L87.8	Other transepidermal elimination disorders	12	L80-L99	1
L87.9	Transepidermal elimination disorder, unspecified	12	L80-L99	1
L88	Pyoderma gangrenosum	12	L80-L99	1
L89	Decubitus ulcer and pressure area	12	L80-L99	0
L89.0	Stage I decubitus ulcer and pressure area	12	L80-L99	1
L89.1	Stage II decubitus ulcer	12	L80-L99	1
L89.2	Stage III decubitus ulcer	12	L80-L99	1
L89.3	Stage IV decubitus ulcer	12	L80-L99	1
L89.9	Decubitus ulcer and pressure area, unspecified	12	L80-L99	1
L90	Atrophic disorders of skin	12	L80-L99	0
L90.0	Lichen sclerosus et atrophicus	12	L80-L99	1
L90.1	Anetoderma of Schweninger-Buzzi	12	L80-L99	1
L90.2	Anetoderma of Jadassohn-Pellizzari	12	L80-L99	1
L90.3	Atrophoderma of Pasini and Pierini	12	L80-L99	1
L90.4	Acrodermatitis chronica atrophicans	12	L80-L99	1
L90.5	Scar conditions and fibrosis of skin	12	L80-L99	1
L90.6	Striae atrophicae	12	L80-L99	1
L90.8	Other atrophic disorders of skin	12	L80-L99	1
L90.9	Atrophic disorder of skin, unspecified	12	L80-L99	1
L91	Hypertrophic disorders of skin	12	L80-L99	0
L91.0	Hypertrophic scar	12	L80-L99	1
L91.8	Other hypertrophic disorders of skin	12	L80-L99	1
L91.9	Hypertrophic disorder of skin, unspecified	12	L80-L99	1
L92	Granulomatous disorders of skin and subcutaneous tissue	12	L80-L99	0
L92.0	Granuloma annulare	12	L80-L99	1
L92.1	Necrobiosis lipoidica, not elsewhere classified	12	L80-L99	1
L92.2	Granuloma faciale [eosinophilic granuloma of skin]	12	L80-L99	1
L92.3	Foreign body granuloma of skin and subcutaneous tissue	12	L80-L99	1
L92.8	Other granulomatous disorders of skin and subcutaneous tissue	12	L80-L99	1
L92.9	Granulomatous disorder of skin and subcutaneous tissue, unspecified	12	L80-L99	1
L93	Lupus erythematosus	12	L80-L99	0
L93.0	Discoid lupus erythematosus	12	L80-L99	1
L93.1	Subacute cutaneous lupus erythematosus	12	L80-L99	1
L93.2	Other local lupus erythematosus	12	L80-L99	1
L94	Other localized connective tissue disorders	12	L80-L99	0
L94.0	Localized scleroderma [morphea]	12	L80-L99	1
L94.1	Linear scleroderma	12	L80-L99	1
L94.2	Calcinosis cutis	12	L80-L99	1
L94.3	Sclerodactyly	12	L80-L99	1
L94.4	Gottron papules	12	L80-L99	1
L94.5	Poikiloderma vasculare atrophicans	12	L80-L99	1
L94.6	Ainhum	12	L80-L99	1
L94.8	Other specified localized connective tissue disorders	12	L80-L99	1
L94.9	Localized connective tissue disorder, unspecified	12	L80-L99	1
L95	Vasculitis limited to skin, not elsewhere classified	12	L80-L99	0
L95.0	Livedoid vasculitis	12	L80-L99	1
L95.1	Erythema elevatum diutinum	12	L80-L99	1
L95.8	Other vasculitis limited to skin	12	L80-L99	1
L95.9	Vasculitis limited to skin, unspecified	12	L80-L99	1
L97	Ulcer of lower limb, not elsewhere classified	12	L80-L99	1
L98	Other disorders of skin and subcutaneous tissue, not elsewhere classified	12	L80-L99	0
L98.0	Pyogenic granuloma	12	L80-L99	1
L98.1	Factitial dermatitis	12	L80-L99	1
L98.2	Febrile neutrophilic dermatosis [Sweet]	12	L80-L99	1
L98.3	Eosinophilic cellulitis [Wells]	12	L80-L99	1
L98.4	Chronic ulcer of skin, not elsewhere classified	12	L80-L99	1
L98.5	Mucinosis of skin	12	L80-L99	1
L98.6	Other infiltrative disorders of skin and subcutaneous tissue	12	L80-L99	1
L98.7	Excessive and redundant skin and subcutaneous tissue	12	L80-L99	1
L98.8	Other specified disorders of skin and subcutaneous tissue	12	L80-L99	1
L98.9	Disorder of skin and subcutaneous tissue, unspecified	12	L80-L99	1
L99	Other disorders of skin and subcutaneous tissue in diseases classified elsewhere	12	L80-L99	0
L99.0	Amyloidosis of skin	12	L80-L99	1
L99.8	Other specified disorders of skin and subcutaneous tissue in diseases classified elsewhere	12	L80-L99	1
M00	Pyogenic arthritis	13	M00-M03	0
M00.0	Staphylococcal arthritis and polyarthritis	13	M00-M03	1
M00.1	Pneumococcal arthritis and polyarthritis	13	M00-M03	1
M00.2	Other streptococcal arthritis and polyarthritis	13	M00-M03	1
M00.8	Arthritis and polyarthritis due to other specified bacterial agents	13	M00-M03	1
M00.9	Pyogenic arthritis, unspecified	13	M00-M03	1
M01	Direct infections of joint in infectious and parasitic diseases classified elsewhere	13	M00-M03	0
M01.0	Meningococcal arthritis	13	M00-M03	1
M01.1	Tuberculous arthritis	13	M00-M03	1
M01.2	Arthritis in Lyme disease	13	M00-M03	1
M01.3	Arthritis in other bacterial diseases classified elsewhere	13	M00-M03	1
M01.4	Rubella arthritis	13	M00-M03	1
M01.5	Arthritis in other viral diseases classified elsewhere	13	M00-M03	1
M01.6	Arthritis in mycoses	13	M00-M03	1
M01.8	Arthritis in other infectious and parasitic diseases classified elsewhere	13	M00-M03	1
M02	Reactive arthropathies	13	M00-M03	0
M02.0	Arthropathy following intestinal bypass	13	M00-M03	1
M02.1	Postdysenteric arthropathy	13	M00-M03	1
M02.2	Postimmunization arthropathy	13	M00-M03	1
M02.3	Reiter disease	13	M00-M03	1
M02.8	Other reactive arthropathies	13	M00-M03	1
M02.9	Reactive arthropathy, unspecified	13	M00-M03	1
M03	Postinfective and reactive arthropathies in diseases classified elsewhere	13	M00-M03	0
M03.0	Postmeningococcal arthritis	13	M00-M03	1
M03.1	Postinfective arthropathy in syphilis	13	M00-M03	1
M03.2	Other postinfectious arthropathies in diseases classified elsewhere	13	M00-M03	1
M03.6	Reactive arthropathy in other diseases classified elsewhere	13	M00-M03	1
M05	Seropositive rheumatoid arthritis	13	M05-M14	0
M05.0	Felty syndrome	13	M05-M14	1
M05.1	Rheumatoid lung disease	13	M05-M14	1
M05.2	Rheumatoid vasculitis	13	M05-M14	1
M05.3	Rheumatoid arthritis with involvement of other organs and systems	13	M05-M14	1
M05.8	Other seropositive rheumatoid arthritis	13	M05-M14	1
M05.9	Seropositive rheumatoid arthritis, unspecified	13	M05-M14	1
M06	Other rheumatoid arthritis	13	M05-M14	0
M06.0	Seronegative rheumatoid arthritis	13	M05-M14	1
M06.1	Adult-onset Still disease	13	M05-M14	1
M06.2	Rheumatoid bursitis	13	M05-M14	1
M06.3	Rheumatoid nodule	13	M05-M14	1
M06.4	Inflammatory polyarthropathy	13	M05-M14	1
M06.8	Other specified rheumatoid arthritis	13	M05-M14	1
M06.9	Rheumatoid arthritis, unspecified	13	M05-M14	1
M07	Psoriatic and enteropathic arthropathies	13	M05-M14	0
M07.0	Distal interphalangeal psoriatic arthropathy	13	M05-M14	1
M07.1	Arthritis mutilans	13	M05-M14	1
M07.2	Psoriatic spondylitis	13	M05-M14	1
M07.3	Other psoriatic arthropathies	13	M05-M14	1
M07.4	Arthropathy in Crohn disease [regional enteritis]	13	M05-M14	1
M07.5	Arthropathy in ulcerative colitis	13	M05-M14	1
M07.6	Other enteropathic arthropathies	13	M05-M14	1
M08	Juvenile arthritis	13	M05-M14	0
M08.0	Juvenile rheumatoid arthritis	13	M05-M14	1
M08.1	Juvenile ankylosing spondylitis	13	M05-M14	1
M08.2	Juvenile arthritis with systemic onset	13	M05-M14	1
M08.3	Juvenile polyarthritis (seronegative)	13	M05-M14	1
M08.4	Pauciarticular juvenile arthritis	13	M05-M14	1
M08.8	Other juvenile arthritis	13	M05-M14	1
M08.9	Juvenile arthritis, unspecified	13	M05-M14	1
M09	Juvenile arthritis in diseases classified elsewhere	13	M05-M14	0
M09.0	Juvenile arthritis in psoriasis	13	M05-M14	1
M09.1	Juvenile arthritis in Crohn disease [regional enteritis]	13	M05-M14	1
M09.2	Juvenile arthritis in ulcerative colitis	13	M05-M14	1
M09.8	Juvenile arthritis in other diseases classified elsewhere	13	M05-M14	1
M10	Gout	13	M05-M14	0
M10.0	Idiopathic gout	13	M05-M14	1
M10.1	Lead-induced gout	13	M05-M14	1
M10.2	Drug-induced gout	13	M05-M14	1
M10.3	Gout due to impairment of renal function	13	M05-M14	1
M10.4	Other secondary gout	13	M05-M14	1
M10.9	Gout, unspecified	13	M05-M14	1
M11	Other crystal arthropathies	13	M05-M14	0
M11.0	Hydroxyapatite deposition disease	13	M05-M14	1
M11.1	Familial chondrocalcinosis	13	M05-M14	1
M11.2	Other chondrocalcinosis	13	M05-M14	1
M11.8	Other specified crystal arthropathies	13	M05-M14	1
M11.9	Crystal arthropathy, unspecified	13	M05-M14	1
M12	Other specific arthropathies	13	M05-M14	0
M12.0	Chronic postrheumatic arthropathy [Jaccoud]	13	M05-M14	1
M12.1	Kaschin-Beck disease	13	M05-M14	1
M12.2	Villonodular synovitis (pigmented)	13	M05-M14	1
M12.3	Palindromic rheumatism	13	M05-M14	1
M12.4	Intermittent hydrarthrosis	13	M05-M14	1
M12.5	Traumatic arthropathy	13	M05-M14	1
M12.8	Other specific arthropathies, not elsewhere classified	13	M05-M14	1
M13	Other arthritis	13	M05-M14	0
M13.0	Polyarthritis, unspecified	13	M05-M14	1
M13.1	Monoarthritis, not elsewhere classified	13	M05-M14	1
M13.8	Other specified arthritis	13	M05-M14	1
M13.9	Arthritis, unspecified	13	M05-M14	1
M14	Arthropathies in other diseases classified elsewhere	13	M05-M14	0
M14.0	Gouty arthropathy due to enzyme defects and other inherited disorders	13	M05-M14	1
M14.1	Crystal arthropathy in other metabolic disorders	13	M05-M14	1
M14.2	Diabetic arthropathy	13	M05-M14	1
M14.3	Lipoid dermatoarthritis	13	M05-M14	1
M14.4	Arthropathy in amyloidosis	13	M05-M14	1
M14.5	Arthropathies in other endocrine, nutritional and metabolic disorders	13	M05-M14	1
M14.6	Neuropathic arthropathy	13	M05-M14	1
M14.8	Arthropathies in other specified diseases classified elsewhere	13	M05-M14	1
M15	Polyarthrosis	13	M15-M19	0
M15.0	Primary generalized (osteo)arthrosis	13	M15-M19	1
M15.1	Heberden nodes (with arthropathy)	13	M15-M19	1
M15.2	Bouchard nodes (with arthropathy)	13	M15-M19	1
M15.3	Secondary multiple arthrosis	13	M15-M19	1
M15.4	Erosive (osteo)arthrosis	13	M15-M19	1
M15.8	Other polyarthrosis	13	M15-M19	1
M15.9	Polyarthrosis, unspecified	13	M15-M19	1
M16	Coxarthrosis [arthrosis of hip]	13	M15-M19	0
M16.0	Primary coxarthrosis, bilateral	13	M15-M19	1
M16.1	Other primary coxarthrosis	13	M15-M19	1
M16.2	Coxarthrosis resulting from dysplasia, bilateral	13	M15-M19	1
M16.3	Other dysplastic coxarthrosis	13	M15-M19	1
M16.4	Post-traumatic coxarthrosis, bilateral	13	M15-M19	1
M16.5	Other post-traumatic coxarthrosis	13	M15-M19	1
M16.6	Other secondary coxarthrosis, bilateral	13	M15-M19	1
M16.7	Other secondary coxarthrosis	13	M15-M19	1
M16.9	Coxarthrosis, unspecified	13	M15-M19	1
M17	Gonarthrosis [arthrosis of knee]	13	M15-M19	0
M17.0	Primary gonarthrosis, bilateral	13	M15-M19	1
M17.1	Other primary gonarthrosis	13	M15-M19	1
M17.2	Post-traumatic gonarthrosis, bilateral	13	M15-M19	1
M17.3	Other post-traumatic gonarthrosis	13	M15-M19	1
M17.4	Other secondary gonarthrosis, bilateral	13	M15-M19	1
M17.5	Other secondary gonarthrosis	13	M15-M19	1
M17.9	Gonarthrosis, unspecified	13	M15-M19	1
M18	Arthrosis of first carpometacarpal joint	13	M15-M19	0
M18.0	Primary arthrosis of first carpometacarpal joints, bilateral	13	M15-M19	1
M18.1	Other primary arthrosis of first carpometacarpal joint	13	M15-M19	1
M18.2	Post-traumatic arthrosis of first carpometacarpal joints, bilateral	13	M15-M19	1
M18.3	Other post-traumatic arthrosis of first carpometacarpal joint	13	M15-M19	1
M18.4	Other secondary arthrosis of first carpometacarpal joints, bilateral	13	M15-M19	1
M18.5	Other secondary arthrosis of first carpometacarpal joint	13	M15-M19	1
M18.9	Arthrosis of first carpometacarpal joint, unspecified	13	M15-M19	1
M19	Other arthrosis	13	M15-M19	0
M19.0	Primary arthrosis of other joints	13	M15-M19	1
M19.1	Post-traumatic arthrosis of other joints	13	M15-M19	1
M19.2	Other secondary arthrosis	13	M15-M19	1
M19.8	Other specified arthrosis	13	M15-M19	1
M19.9	Arthrosis, unspecified	13	M15-M19	1
M20	Acquired deformities of fingers and toes	13	M20-M25	0
M20.0	Deformity of finger(s)	13	M20-M25	1
M20.1	Hallux valgus (acquired)	13	M20-M25	1
M20.2	Hallux rigidus	13	M20-M25	1
M20.3	Other deformity of hallux (acquired)	13	M20-M25	1
M20.4	Other hammer toe(s) (acquired)	13	M20-M25	1
M20.5	Other deformities of toe(s) (acquired)	13	M20-M25	1
M20.6	Acquired deformity of toe(s), unspecified	13	M20-M25	1
M21	Other acquired deformities of limbs	13	M20-M25	0
M21.0	Valgus deformity, not elsewhere classified	13	M20-M25	1
M21.1	Varus deformity, not elsewhere classified	13	M20-M25	1
M21.2	Flexion deformity	13	M20-M25	1
M21.3	Wrist or foot drop (acquired)	13	M20-M25	1
M21.4	Flat foot [pes planus] (acquired)	13	M20-M25	1
M21.5	Acquired clawhand, clubhand, clawfoot and clubfoot	13	M20-M25	1
M21.6	Other acquired deformities of ankle and foot	13	M20-M25	1
M21.7	Unequal limb length (acquired)	13	M20-M25	1
M21.8	Other specified acquired deformities of limbs	13	M20-M25	1
M21.9	Acquired deformity of limb, unspecified	13	M20-M25	1
M22	Disorders of patella	13	M20-M25	0
M22.0	Recurrent dislocation of patella	13	M20-M25	1
M22.1	Recurrent subluxation of patella	13	M20-M25	1
M22.2	Patellofemoral disorders	13	M20-M25	1
M22.3	Other derangements of patella	13	M20-M25	1
M22.4	Chondromalacia patellae	13	M20-M25	1
M22.8	Other disorders of patella	13	M20-M25	1
M22.9	Disorder of patella, unspecified	13	M20-M25	1
M23	Internal derangement of knee	13	M20-M25	0
M23.0	Cystic meniscus	13	M20-M25	1
M23.1	Discoid meniscus (congenital)	13	M20-M25	1
M23.2	Derangement of meniscus due to old tear or injury	13	M20-M25	1
M23.3	Other meniscus derangements	13	M20-M25	1
M23.4	Loose body in knee	13	M20-M25	1
M23.5	Chronic instability of knee	13	M20-M25	1
M23.6	Other spontaneous disruption of ligament(s) of knee	13	M20-M25	1
M23.8	Other internal derangements of knee	13	M20-M25	1
M23.9	Internal derangement of knee, unspecified	13	M20-M25	1
M24	Other specific joint derangements	13	M20-M25	0
M24.0	Loose body in joint	13	M20-M25	1
M24.1	Other articular cartilage disorders	13	M20-M25	1
M24.2	Disorder of ligament	13	M20-M25	1
M24.3	Pathological dislocation and subluxation of joint, not elsewhere classified	13	M20-M25	1
M24.4	Recurrent dislocation and subluxation of joint	13	M20-M25	1
M24.5	Contracture of joint	13	M20-M25	1
M24.6	Ankylosis of joint	13	M20-M25	1
M24.7	Protrusio acetabuli	13	M20-M25	1
M24.8	Other specific joint derangements, not elsewhere classified	13	M20-M25	1
M24.9	Joint derangement, unspecified	13	M20-M25	1
M25	Other joint disorders, not elsewhere classified	13	M20-M25	0
M25.0	Haemarthrosis	13	M20-M25	1
M25.1	Fistula of joint	13	M20-M25	1
M25.2	Flail joint	13	M20-M25	1
M25.3	Other instability of joint	13	M20-M25	1
M25.4	Effusion of joint	13	M20-M25	1
M25.5	Pain in joint	13	M20-M25	1
M25.6	Stiffness of joint, not elsewhere classified	13	M20-M25	1
M25.7	Osteophyte	13	M20-M25	1
M25.8	Other specified joint disorders	13	M20-M25	1
M25.9	Joint disorder, unspecified	13	M20-M25	1
M30	Polyarteritis nodosa and related conditions	13	M30-M36	0
M30.0	Polyarteritis nodosa	13	M30-M36	1
M30.1	Polyarteritis with lung involvement [Churg-Strauss]	13	M30-M36	1
M30.2	Juvenile polyarteritis	13	M30-M36	1
M30.3	Mucocutaneous lymph node syndrome [Kawasaki]	13	M30-M36	1
M30.8	Other conditions related to polyarteritis nodosa	13	M30-M36	1
M31	Other necrotizing vasculopathies	13	M30-M36	0
M31.0	Hypersensitivity angiitis	13	M30-M36	1
M31.1	Thrombotic microangiopathy	13	M30-M36	1
M31.3	Wegener granulomatosis	13	M30-M36	1
M31.4	Aortic arch syndrome [Takayasu]	13	M30-M36	1
M31.5	Giant cell arteritis with polymyalgia rheumatica	13	M30-M36	1
M31.6	Other giant cell arteritis	13	M30-M36	1
M31.7	Microscopic polyangiitis	13	M30-M36	1
M31.8	Other specified necrotizing vasculopathies	13	M30-M36	1
M31.9	Necrotizing vasculopathy, unspecified	13	M30-M36	1
M32	Systemic lupus erythematosus	13	M30-M36	0
M32.0	Drug-induced systemic lupus erythematosus	13	M30-M36	1
M32.1	Systemic lupus erythematosus with organ or system involvement	13	M30-M36	1
M32.8	Other forms of systemic lupus erythematosus	13	M30-M36	1
M32.9	Systemic lupus erythematosus, unspecified	13	M30-M36	1
M33	Dermatopolymyositis	13	M30-M36	0
M33.0	Juvenile dermatomyositis	13	M30-M36	1
M33.1	Other dermatomyositis	13	M30-M36	1
M33.2	Polymyositis	13	M30-M36	1
M33.9	Dermatopolymyositis, unspecified	13	M30-M36	1
M34	Systemic sclerosis	13	M30-M36	0
M34.0	Progressive systemic sclerosis	13	M30-M36	1
M34.1	CR(E)ST syndrome	13	M30-M36	1
M34.2	Systemic sclerosis induced by drugs and chemicals	13	M30-M36	1
M34.8	Other forms of systemic sclerosis	13	M30-M36	1
M34.9	Systemic sclerosis, unspecified	13	M30-M36	1
M35	Other systemic involvement of connective tissue	13	M30-M36	0
M35.0	Sicca syndrome [Sjögren]	13	M30-M36	1
M35.1	Other overlap syndromes	13	M30-M36	1
M35.2	Behçet disease	13	M30-M36	1
M35.3	Polymyalgia rheumatica	13	M30-M36	1
M35.4	Diffuse (eosinophilic) fasciitis	13	M30-M36	1
M35.5	Multifocal fibrosclerosis	13	M30-M36	1
M35.6	Relapsing panniculitis [Weber-Christian]	13	M30-M36	1
M35.7	Hypermobility syndrome	13	M30-M36	1
M35.8	Other specified systemic involvement of connective tissue	13	M30-M36	1
M35.9	Systemic involvement of connective tissue, unspecified	13	M30-M36	1
M36	Systemic disorders of connective tissue in diseases classified elsewhere	13	M30-M36	0
M36.0	Dermato(poly)myositis in neoplastic disease	13	M30-M36	1
M36.1	Arthropathy in neoplastic disease	13	M30-M36	1
M36.2	Haemophilic arthropathy	13	M30-M36	1
M36.3	Arthropathy in other blood disorders	13	M30-M36	1
M36.4	Arthropathy in hypersensitivity reactions classified elsewhere	13	M30-M36	1
M36.8	Systemic disorders of connective tissue in other diseases classified elsewhere	13	M30-M36	1
M40	Kyphosis and lordosis	13	M40-M43	0
M40.0	Postural kyphosis	13	M40-M43	1
M40.1	Other secondary kyphosis	13	M40-M43	1
M40.2	Other and unspecified kyphosis	13	M40-M43	1
M40.3	Flatback syndrome	13	M40-M43	1
M40.4	Other lordosis	13	M40-M43	1
M40.5	Lordosis, unspecified	13	M40-M43	1
M41	Scoliosis	13	M40-M43	0
M41.0	Infantile idiopathic scoliosis	13	M40-M43	1
M41.1	Juvenile idiopathic scoliosis	13	M40-M43	1
M41.2	Other idiopathic scoliosis	13	M40-M43	1
M41.3	Thoracogenic scoliosis	13	M40-M43	1
M41.4	Neuromuscular scoliosis	13	M40-M43	1
M41.5	Other secondary scoliosis	13	M40-M43	1
M41.8	Other forms of scoliosis	13	M40-M43	1
M41.9	Scoliosis, unspecified	13	M40-M43	1
M42	Spinal osteochondrosis	13	M40-M43	0
M42.0	Juvenile osteochondrosis of spine	13	M40-M43	1
M42.1	Adult osteochondrosis of spine	13	M40-M43	1
M42.9	Spinal osteochondrosis, unspecified	13	M40-M43	1
M43	Other deforming dorsopathies	13	M40-M43	0
M43.0	Spondylolysis	13	M40-M43	1
M43.1	Spondylolisthesis	13	M40-M43	1
M43.2	Other fusion of spine	13	M40-M43	1
M43.3	Recurrent atlantoaxial subluxation with myelopathy	13	M40-M43	1
M43.4	Other recurrent atlantoaxial subluxation	13	M40-M43	1
M43.5	Other recurrent vertebral subluxation	13	M40-M43	1
M43.6	Torticollis	13	M40-M43	1
M43.8	Other specified deforming dorsopathies	13	M40-M43	1
M43.9	Deforming dorsopathy, unspecified	13	M40-M43	1
M45	Ankylosing spondylitis	13	M45-M49	1
M46	Other inflammatory spondylopathies	13	M45-M49	0
M46.0	Spinal enthesopathy	13	M45-M49	1
M46.1	Sacroiliitis, not elsewhere classified	13	M45-M49	1
M46.2	Osteomyelitis of vertebra	13	M45-M49	1
M46.3	Infection of intervertebral disc (pyogenic)	13	M45-M49	1
M46.4	Discitis, unspecified	13	M45-M49	1
M46.5	Other infective spondylopathies	13	M45-M49	1
M46.8	Other specified inflammatory spondylopathies	13	M45-M49	1
M46.9	Inflammatory spondylopathy, unspecified	13	M45-M49	1
M47	Spondylosis	13	M45-M49	0
M47.0	Anterior spinal and vertebral artery compression syndromes	13	M45-M49	1
M47.1	Other spondylosis with myelopathy	13	M45-M49	1
M47.2	Other spondylosis with radiculopathy	13	M45-M49	1
M47.8	Other spondylosis	13	M45-M49	1
M47.9	Spondylosis, unspecified	13	M45-M49	1
M48	Other spondylopathies	13	M45-M49	0
M48.0	Spinal stenosis	13	M45-M49	1
M48.1	Ankylosing hyperostosis [Forestier]	13	M45-M49	1
M48.2	Kissing spine	13	M45-M49	1
M48.3	Traumatic spondylopathy	13	M45-M49	1
M48.4	Fatigue fracture of vertebra	13	M45-M49	1
M48.5	Collapsed vertebra, not elsewhere classified	13	M45-M49	1
M48.8	Other specified spondylopathies	13	M45-M49	1
M48.9	Spondylopathy, unspecified	13	M45-M49	1
M49	Spondylopathies in diseases classified elsewhere	13	M45-M49	0
M49.0	Tuberculosis of spine	13	M45-M49	1
M49.1	Brucella spondylitis	13	M45-M49	1
M49.2	Enterobacterial spondylitis	13	M45-M49	1
M49.3	Spondylopathy in other infectious and parasitic diseases classified elsewhere	13	M45-M49	1
M49.4	Neuropathic spondylopathy	13	M45-M49	1
M49.5	Collapsed vertebra in diseases classified elsewhere	13	M45-M49	1
M49.8	Spondylopathy in other diseases classified elsewhere	13	M45-M49	1
M50	Cervical disc disorders	13	M50-M54	0
M50.0	Cervical disc disorder with myelopathy	13	M50-M54	1
M50.1	Cervical disc disorder with radiculopathy	13	M50-M54	1
M50.2	Other cervical disc displacement	13	M50-M54	1
M50.3	Other cervical disc degeneration	13	M50-M54	1
M50.8	Other cervical disc disorders	13	M50-M54	1
M50.9	Cervical disc disorder, unspecified	13	M50-M54	1
M51	Other intervertebral disc disorders	13	M50-M54	0
M51.0	Lumbar and other intervertebral disc disorders with myelopathy	13	M50-M54	1
M51.1	Lumbar and other intervertebral disc disorders with radiculopathy	13	M50-M54	1
M51.2	Other specified intervertebral disc displacement	13	M50-M54	1
M51.3	Other specified intervertebral disc degeneration	13	M50-M54	1
M51.4	Schmorl nodes	13	M50-M54	1
M51.8	Other specified intervertebral disc disorders	13	M50-M54	1
M51.9	Intervertebral disc disorder, unspecified	13	M50-M54	1
M53	Other dorsopathies, not elsewhere classified	13	M50-M54	0
M53.0	Cervicocranial syndrome	13	M50-M54	1
M53.1	Cervicobrachial syndrome	13	M50-M54	1
M53.2	Spinal instabilities	13	M50-M54	1
M53.3	Sacrococcygeal disorders, not elsewhere classified	13	M50-M54	1
M53.8	Other specified dorsopathies	13	M50-M54	1
M53.9	Dorsopathy, unspecified	13	M50-M54	1
M54	Dorsalgia	13	M50-M54	0
M54.0	Panniculitis affecting regions of neck and back	13	M50-M54	1
M54.1	Radiculopathy	13	M50-M54	1
M54.2	Cervicalgia	13	M50-M54	1
M54.3	Sciatica	13	M50-M54	1
M54.4	Lumbago with sciatica	13	M50-M54	1
M54.5	Low back pain	13	M50-M54	1
M54.6	Pain in thoracic spine	13	M50-M54	1
M54.8	Other dorsalgia	13	M50-M54	1
M54.9	Dorsalgia, unspecified	13	M50-M54	1
M60	Myositis	13	M60-M63	0
M60.0	Infective myositis	13	M60-M63	1
M60.1	Interstitial myositis	13	M60-M63	1
M60.2	Foreign body granuloma of soft tissue, not elsewhere classified	13	M60-M63	1
M60.8	Other myositis	13	M60-M63	1
M60.9	Myositis, unspecified	13	M60-M63	1
M61	Calcification and ossification of muscle	13	M60-M63	0
M61.0	Myositis ossificans traumatica	13	M60-M63	1
M61.1	Myositis ossificans progressiva	13	M60-M63	1
M61.2	Paralytic calcification and ossification of muscle	13	M60-M63	1
M61.3	Calcification and ossification of muscles associated with burns	13	M60-M63	1
M61.4	Other calcification of muscle	13	M60-M63	1
M61.5	Other ossification of muscle	13	M60-M63	1
M61.9	Calcification and ossification of muscle, unspecified	13	M60-M63	1
M62	Other disorders of muscle	13	M60-M63	0
M62.0	Diastasis of muscle	13	M60-M63	1
M62.1	Other rupture of muscle (nontraumatic)	13	M60-M63	1
M62.2	Ischaemic infarction of muscle	13	M60-M63	1
M62.3	Immobility syndrome (paraplegic)	13	M60-M63	1
M62.4	Contracture of muscle	13	M60-M63	1
M62.5	Muscle wasting and atrophy, not elsewhere classified	13	M60-M63	1
M62.6	Muscle strain	13	M60-M63	1
M62.8	Other specified disorders of muscle	13	M60-M63	1
M62.9	Disorder of muscle, unspecified	13	M60-M63	1
M63	Disorders of muscle in diseases classified elsewhere	13	M60-M63	0
M63.0	Myositis in bacterial diseases classified elsewhere	13	M60-M63	1
M63.1	Myositis in protozoal and parasitic infections classified elsewhere	13	M60-M63	1
M63.2	Myositis in other infectious diseases classified elsewhere	13	M60-M63	1
M63.3	Myositis in sarcoidosis	13	M60-M63	1
M63.8	Other disorders of muscle in diseases classified elsewhere	13	M60-M63	1
M65	Synovitis and tenosynovitis	13	M65-M68	0
M65.0	Abscess of tendon sheath	13	M65-M68	1
M65.1	Other infective (teno)synovitis	13	M65-M68	1
M65.2	Calcific tendinitis	13	M65-M68	1
M65.3	Trigger finger	13	M65-M68	1
M65.4	Radial styloid tenosynovitis [de Quervain]	13	M65-M68	1
M65.8	Other synovitis and tenosynovitis	13	M65-M68	1
M65.9	Synovitis and tenosynovitis, unspecified	13	M65-M68	1
M66	Spontaneous rupture of synovium and tendon	13	M65-M68	0
M66.0	Rupture of popliteal cyst	13	M65-M68	1
M66.1	Rupture of synovium	13	M65-M68	1
M66.2	Spontaneous rupture of extensor tendons	13	M65-M68	1
M66.3	Spontaneous rupture of flexor tendons	13	M65-M68	1
M66.4	Spontaneous rupture of other tendons	13	M65-M68	1
M66.5	Spontaneous rupture of unspecified tendon	13	M65-M68	1
M67	Other disorders of synovium and tendon	13	M65-M68	0
M67.0	Short Achilles tendon (acquired)	13	M65-M68	1
M67.1	Other contracture of tendon (sheath)	13	M65-M68	1
M67.2	Synovial hypertrophy, not elsewhere classified	13	M65-M68	1
M67.3	Transient synovitis	13	M65-M68	1
M67.4	Ganglion	13	M65-M68	1
M67.8	Other specified disorders of synovium and tendon	13	M65-M68	1
M67.9	Disorder of synovium and tendon, unspecified	13	M65-M68	1
M68	Disorders of synovium and tendon in diseases classified elsewhere	13	M65-M68	0
M68.0	Synovitis and tenosynovitis in bacterial diseases classified elsewhere	13	M65-M68	1
M68.8	Other disorders of synovium and tendon in diseases classified elsewhere	13	M65-M68	1
M70	Soft tissue disorders related to use, overuse and pressure	13	M70-M79	0
M70.0	Chronic crepitant synovitis of hand and wrist	13	M70-M79	1
M70.1	Bursitis of hand	13	M70-M79	1
M70.2	Olecranon bursitis	13	M70-M79	1
M70.3	Other bursitis of elbow	13	M70-M79	1
M70.4	Prepatellar bursitis	13	M70-M79	1
M70.5	Other bursitis of knee	13	M70-M79	1
M70.6	Trochanteric bursitis	13	M70-M79	1
M70.7	Other bursitis of hip	13	M70-M79	1
M70.8	Other soft tissue disorders related to use, overuse and pressure	13	M70-M79	1
M70.9	Unspecified soft tissue disorder related to use, overuse and pressure	13	M70-M79	1
M71	Other bursopathies	13	M70-M79	0
M71.0	Abscess of bursa	13	M70-M79	1
M71.1	Other infective bursitis	13	M70-M79	1
M71.2	Synovial cyst of popliteal space [Baker]	13	M70-M79	1
M71.3	Other bursal cyst	13	M70-M79	1
M71.4	Calcium deposit in bursa	13	M70-M79	1
M71.5	Other bursitis, not elsewhere classified	13	M70-M79	1
M71.8	Other specified bursopathies	13	M70-M79	1
M71.9	Bursopathy, unspecified	13	M70-M79	1
M72	Fibroblastic disorders	13	M70-M79	0
M72.0	Palmar fascial fibromatosis [Dupuytren]	13	M70-M79	1
M72.1	Knuckle pads	13	M70-M79	1
M72.2	Plantar fascial fibromatosis	13	M70-M79	1
M72.4	Pseudosarcomatous fibromatosis	13	M70-M79	1
M72.6	Necrotizing fasciitis	13	M70-M79	1
M72.8	Other fibroblastic disorders	13	M70-M79	1
M72.9	Fibroblastic disorder, unspecified	13	M70-M79	1
M73	Soft tissue disorders in diseases classified elsewhere	13	M70-M79	0
M73.0	Gonococcal bursitis	13	M70-M79	1
M73.1	Syphilitic bursitis	13	M70-M79	1
M73.8	Other soft tissue disorders in diseases classified elsewhere	13	M70-M79	1
M75	Shoulder lesions	13	M70-M79	0
M75.0	Adhesive capsulitis of shoulder	13	M70-M79	1
M75.1	Rotator cuff syndrome	13	M70-M79	1
M75.2	Bicipital tendinitis	13	M70-M79	1
M75.3	Calcific tendinitis of shoulder	13	M70-M79	1
M75.4	Impingement syndrome of shoulder	13	M70-M79	1
M75.5	Bursitis of shoulder	13	M70-M79	1
M75.6	Tear of labrum of degenerative shoulder joint	13	M70-M79	1
M75.8	Other shoulder lesions	13	M70-M79	1
M75.9	Shoulder lesion, unspecified	13	M70-M79	1
M76	Enthesopathies of lower limb, excluding foot	13	M70-M79	0
M76.0	Gluteal tendinitis	13	M70-M79	1
M76.1	Psoas tendinitis	13	M70-M79	1
M76.2	Iliac crest spur	13	M70-M79	1
M76.3	Iliotibial band syndrome	13	M70-M79	1
M76.4	Tibial collateral bursitis [Pellegrini-Stieda]	13	M70-M79	1
M76.5	Patellar tendinitis	13	M70-M79	1
M76.6	Achilles tendinitis	13	M70-M79	1
M76.7	Peroneal tendinitis	13	M70-M79	1
M76.8	Other enthesopathies of lower limb, excluding foot	13	M70-M79	1
M76.9	Enthesopathy of lower limb, unspecified	13	M70-M79	1
M77	Other enthesopathies	13	M70-M79	0
M77.0	Medial epicondylitis	13	M70-M79	1
M77.1	Lateral epicondylitis	13	M70-M79	1
M77.2	Periarthritis of wrist	13	M70-M79	1
M77.3	Calcaneal spur	13	M70-M79	1
M77.4	Metatarsalgia	13	M70-M79	1
M77.5	Other enthesopathy of foot	13	M70-M79	1
M77.8	Other enthesopathies, not elsewhere classified	13	M70-M79	1
M77.9	Enthesopathy, unspecified	13	M70-M79	1
M79	Other soft tissue disorders, not elsewhere classified	13	M70-M79	0
M79.0	Rheumatism, unspecified	13	M70-M79	1
M79.1	Myalgia	13	M70-M79	1
M79.2	Neuralgia and neuritis, unspecified	13	M70-M79	1
M79.3	Panniculitis, unspecified	13	M70-M79	1
M79.4	Hypertrophy of (infrapatellar) fat pad	13	M70-M79	1
M79.5	Residual foreign body in soft tissue	13	M70-M79	1
M79.6	Pain in limb	13	M70-M79	1
M79.7	Fibromyalgia	13	M70-M79	1
M79.8	Other specified soft tissue disorders	13	M70-M79	1
M79.9	Soft tissue disorder, unspecified	13	M70-M79	1
M80	Osteoporosis with pathological fracture	13	M80-M85	0
M80.0	Postmenopausal osteoporosis with pathological fracture	13	M80-M85	1
M80.1	Postoophorectomy osteoporosis with pathological fracture	13	M80-M85	1
M80.2	Osteoporosis of disuse with pathological fracture	13	M80-M85	1
M80.3	Postsurgical malabsorption osteoporosis with pathological fracture	13	M80-M85	1
M80.4	Drug-induced osteoporosis with pathological fracture	13	M80-M85	1
M80.5	Idiopathic osteoporosis with pathological fracture	13	M80-M85	1
M80.8	Other osteoporosis with pathological fracture	13	M80-M85	1
M80.9	Unspecified osteoporosis with pathological fracture	13	M80-M85	1
M81	Osteoporosis without pathological fracture	13	M80-M85	0
M81.0	Postmenopausal osteoporosis	13	M80-M85	1
M81.1	Postoophorectomy osteoporosis	13	M80-M85	1
M81.2	Osteoporosis of disuse	13	M80-M85	1
M81.3	Postsurgical malabsorption osteoporosis	13	M80-M85	1
M81.4	Drug-induced osteoporosis	13	M80-M85	1
M81.5	Idiopathic osteoporosis	13	M80-M85	1
M81.6	Localized osteoporosis [Lequesne]	13	M80-M85	1
M81.8	Other osteoporosis	13	M80-M85	1
M81.9	Osteoporosis, unspecified	13	M80-M85	1
M82	Osteoporosis in diseases classified elsewhere	13	M80-M85	0
M82.0	Osteoporosis in multiple myelomatosis	13	M80-M85	1
M82.1	Osteoporosis in endocrine disorders	13	M80-M85	1
M82.8	Osteoporosis in other diseases classified elsewhere	13	M80-M85	1
M83	Adult osteomalacia	13	M80-M85	0
M83.0	Puerperal osteomalacia	13	M80-M85	1
M83.1	Senile osteomalacia	13	M80-M85	1
M83.2	Adult osteomalacia due to malabsorption	13	M80-M85	1
M83.3	Adult osteomalacia due to malnutrition	13	M80-M85	1
M83.4	Aluminium bone disease	13	M80-M85	1
M83.5	Other drug-induced osteomalacia in adults	13	M80-M85	1
M83.8	Other adult osteomalacia	13	M80-M85	1
M83.9	Adult osteomalacia, unspecified	13	M80-M85	1
M84	Disorders of continuity of bone	13	M80-M85	0
M84.0	Malunion of fracture	13	M80-M85	1
M84.1	Nonunion of fracture [pseudarthrosis]	13	M80-M85	1
M84.2	Delayed union of fracture	13	M80-M85	1
M84.3	Stress fracture, not elsewhere classified	13	M80-M85	1
M84.4	Pathological fracture, not elsewhere classified	13	M80-M85	1
M84.8	Other disorders of continuity of bone	13	M80-M85	1
M84.9	Disorder of continuity of bone, unspecified	13	M80-M85	1
M85	Other disorders of bone density and structure	13	M80-M85	0
M85.0	Fibrous dysplasia (monostotic)	13	M80-M85	1
M85.1	Skeletal fluorosis	13	M80-M85	1
M85.2	Hyperostosis of skull	13	M80-M85	1
M85.3	Osteitis condensans	13	M80-M85	1
M85.4	Solitary bone cyst	13	M80-M85	1
M85.5	Aneurysmal bone cyst	13	M80-M85	1
M85.6	Other cyst of bone	13	M80-M85	1
M85.8	Other specified disorders of bone density and structure	13	M80-M85	1
M85.9	Disorder of bone density and structure, unspecified	13	M80-M85	1
M86	Osteomyelitis	13	M86-M90	0
M86.0	Acute haematogenous osteomyelitis	13	M86-M90	1
M86.1	Other acute osteomyelitis	13	M86-M90	1
M86.2	Subacute osteomyelitis	13	M86-M90	1
M86.3	Chronic multifocal osteomyelitis	13	M86-M90	1
M86.4	Chronic osteomyelitis with draining sinus	13	M86-M90	1
M86.5	Other chronic haematogenous osteomyelitis	13	M86-M90	1
M86.6	Other chronic osteomyelitis	13	M86-M90	1
M86.8	Other osteomyelitis	13	M86-M90	1
M86.9	Osteomyelitis, unspecified	13	M86-M90	1
M87	Osteonecrosis	13	M86-M90	0
M87.0	Idiopathic aseptic necrosis of bone	13	M86-M90	1
M87.1	Osteonecrosis due to drugs	13	M86-M90	1
M87.2	Osteonecrosis due to previous trauma	13	M86-M90	1
M87.3	Other secondary osteonecrosis	13	M86-M90	1
M87.8	Other osteonecrosis	13	M86-M90	1
M87.9	Osteonecrosis, unspecified	13	M86-M90	1
M88	Paget disease of bone [osteitis deformans]	13	M86-M90	0
M88.0	Paget disease of skull	13	M86-M90	1
M88.8	Paget disease of other bones	13	M86-M90	1
M88.9	Paget disease of bone, unspecified	13	M86-M90	1
M89	Other disorders of bone	13	M86-M90	0
M89.0	Algoneurodystrophy	13	M86-M90	1
M89.1	Epiphyseal arrest	13	M86-M90	1
M89.2	Other disorders of bone development and growth	13	M86-M90	1
M89.3	Hypertrophy of bone	13	M86-M90	1
M89.4	Other hypertrophic osteoarthropathy	13	M86-M90	1
M89.5	Osteolysis	13	M86-M90	1
M89.6	Osteopathy after poliomyelitis	13	M86-M90	1
M89.8	Other specified disorders of bone	13	M86-M90	1
M89.9	Disorder of bone, unspecified	13	M86-M90	1
M90	Osteopathies in diseases classified elsewhere	13	M86-M90	0
M90.0	Tuberculosis of bone	13	M86-M90	1
M90.1	Periostitis in other infectious diseases classified elsewhere	13	M86-M90	1
M90.2	Osteopathy in other infectious diseases classified elsewhere	13	M86-M90	1
M90.3	Osteonecrosis in caisson disease	13	M86-M90	1
M90.4	Osteonecrosis due to haemoglobinopathy	13	M86-M90	1
M90.5	Osteonecrosis in other diseases classified elsewhere	13	M86-M90	1
M90.6	Osteitis deformans in neoplastic disease	13	M86-M90	1
M90.7	Fracture of bone in neoplastic disease	13	M86-M90	1
M90.8	Osteopathy in other diseases classified elsewhere	13	M86-M90	1
M91	Juvenile osteochondrosis of hip and pelvis	13	M91-M94	0
M91.0	Juvenile osteochondrosis of pelvis	13	M91-M94	1
M91.1	Juvenile osteochondrosis of head of femur [Legg-Calvé-Perthes]	13	M91-M94	1
M91.2	Coxa plana	13	M91-M94	1
M91.3	Pseudocoxalgia	13	M91-M94	1
M91.8	Other juvenile osteochondrosis of hip and pelvis	13	M91-M94	1
M91.9	Juvenile osteochondrosis of hip and pelvis, unspecified	13	M91-M94	1
M92	Other juvenile osteochondrosis	13	M91-M94	0
M92.0	Juvenile osteochondrosis of humerus	13	M91-M94	1
M92.1	Juvenile osteochondrosis of radius and ulna	13	M91-M94	1
M92.2	Juvenile osteochondrosis of hand	13	M91-M94	1
M92.3	Other juvenile osteochondrosis of upper limb	13	M91-M94	1
M92.4	Juvenile osteochondrosis of patella	13	M91-M94	1
M92.5	Juvenile osteochondrosis of tibia and fibula	13	M91-M94	1
M92.6	Juvenile osteochondrosis of tarsus	13	M91-M94	1
M92.7	Juvenile osteochondrosis of metatarsus	13	M91-M94	1
M92.8	Other specified juvenile osteochondrosis	13	M91-M94	1
M92.9	Juvenile osteochondrosis, unspecified	13	M91-M94	1
M93	Other osteochondropathies	13	M91-M94	0
M93.0	Slipped upper femoral epiphysis (nontraumatic)	13	M91-M94	1
M93.1	Kienböck disease of adults	13	M91-M94	1
M93.2	Osteochondritis dissecans	13	M91-M94	1
M93.8	Other specified osteochondropathies	13	M91-M94	1
M93.9	Osteochondropathy, unspecified	13	M91-M94	1
M94	Other disorders of cartilage	13	M91-M94	0
M94.0	Chondrocostal junction syndrome [Tietze]	13	M91-M94	1
M94.1	Relapsing polychondritis	13	M91-M94	1
M94.2	Chondromalacia	13	M91-M94	1
M94.3	Chondrolysis	13	M91-M94	1
M94.8	Other specified disorders of cartilage	13	M91-M94	1
M94.9	Disorder of cartilage, unspecified	13	M91-M94	1
M95	Other acquired deformities of musculoskeletal system and connective tissue	13	M95-M99	0
M95.0	Acquired deformity of nose	13	M95-M99	1
M95.1	Cauliflower ear	13	M95-M99	1
M95.2	Other acquired deformity of head	13	M95-M99	1
M95.3	Acquired deformity of neck	13	M95-M99	1
M95.4	Acquired deformity of chest and rib	13	M95-M99	1
M95.5	Acquired deformity of pelvis	13	M95-M99	1
M95.8	Other specified acquired deformities of musculoskeletal system	13	M95-M99	1
M95.9	Acquired deformity of musculoskeletal system, unspecified	13	M95-M99	1
M96	Postprocedural musculoskeletal disorders, not elsewhere classified	13	M95-M99	0
M96.0	Pseudarthrosis after fusion or arthrodesis	13	M95-M99	1
M96.1	Postlaminectomy syndrome, not elsewhere classified	13	M95-M99	1
M96.2	Postradiation kyphosis	13	M95-M99	1
M96.3	Postlaminectomy kyphosis	13	M95-M99	1
M96.4	Postsurgical lordosis	13	M95-M99	1
M96.5	Postradiation scoliosis	13	M95-M99	1
M96.6	Fracture of bone following insertion of orthopaedic implant, joint prosthesis, or bone plate	13	M95-M99	1
M96.8	Other postprocedural musculoskeletal disorders	13	M95-M99	1
M96.9	Postprocedural musculoskeletal disorder, unspecified	13	M95-M99	1
M99	Biomechanical lesions, not elsewhere classified	13	M95-M99	0
M99.0	Segmental and somatic dysfunction	13	M95-M99	1
M99.1	Subluxation complex (vertebral)	13	M95-M99	1
M99.2	Subluxation stenosis of neural canal	13	M95-M99	1
M99.3	Osseous stenosis of neural canal	13	M95-M99	1
M99.4	Connective tissue stenosis of neural canal	13	M95-M99	1
M99.5	Intervertebral disc stenosis of neural canal	13	M95-M99	1
M99.6	Osseous and subluxation stenosis of intervertebral foramina	13	M95-M99	1
M99.7	Connective tissue and disc stenosis of intervertebral foramina	13	M95-M99	1
M99.8	Other biomechanical lesions	13	M95-M99	1
M99.9	Biomechanical lesion, unspecified	13	M95-M99	1
N00	Acute nephritic syndrome	14	N00-N08	0
N00.0	Acute nephritic syndrome: Minor glomerular abnormality	14	N00-N08	1
N00.1	Acute nephritic syndrome: Focal and segmental glomerular lesions	14	N00-N08	1
N00.2	Acute nephritic syndrome: Diffuse membranous glomerulonephritis	14	N00-N08	1
N00.3	Acute nephritic syndrome: Diffuse mesangial proliferative glomerulonephritis	14	N00-N08	1
N00.4	Acute nephritic syndrome: Diffuse endocapillary proliferative glomerulonephritis	14	N00-N08	1
N00.5	Acute nephritic syndrome: Diffuse mesangiocapillary glomerulonephritis	14	N00-N08	1
N00.6	Acute nephritic syndrome: Dense deposit disease	14	N00-N08	1
N00.7	Acute nephritic syndrome: Diffuse crescentic glomerulonephritis	14	N00-N08	1
N00.8	Acute nephritic syndrome: Other	14	N00-N08	1
N00.9	Acute nephritic syndrome: Unspecified	14	N00-N08	1
N01	Rapidly progressive nephritic syndrome	14	N00-N08	0
N01.0	Rapidly progressive nephritic syndrome: Minor glomerular abnormality	14	N00-N08	1
N01.1	Rapidly progressive nephritic syndrome: Focal and segmental glomerular lesions	14	N00-N08	1
N01.2	Rapidly progressive nephritic syndrome: Diffuse membranous glomerulonephritis	14	N00-N08	1
N01.3	Rapidly progressive nephritic syndrome: Diffuse mesangial proliferative glomerulonephritis	14	N00-N08	1
N01.4	Rapidly progressive nephritic syndrome: Diffuse endocapillary proliferative glomerulonephritis	14	N00-N08	1
N01.5	Rapidly progressive nephritic syndrome: Diffuse mesangiocapillary glomerulonephritis	14	N00-N08	1
N01.6	Rapidly progressive nephritic syndrome: Dense deposit disease	14	N00-N08	1
N01.7	Rapidly progressive nephritic syndrome: Diffuse crescentic glomerulonephritis	14	N00-N08	1
N01.8	Rapidly progressive nephritic syndrome: Other	14	N00-N08	1
N01.9	Rapidly progressive nephritic syndrome: Unspecified	14	N00-N08	1
N02	Recurrent and persistent haematuria	14	N00-N08	0
N02.0	Recurrent and persistent haematuria: Minor glomerular abnormality	14	N00-N08	1
N02.1	Recurrent and persistent haematuria: Focal and segmental glomerular lesions	14	N00-N08	1
N02.2	Recurrent and persistent haematuria: Diffuse membranous glomerulonephritis	14	N00-N08	1
N02.3	Recurrent and persistent haematuria: Diffuse mesangial proliferative glomerulonephritis	14	N00-N08	1
N02.4	Recurrent and persistent haematuria: Diffuse endocapillary proliferative glomerulonephritis	14	N00-N08	1
N02.5	Recurrent and persistent haematuria: Diffuse mesangiocapillary glomerulonephritis	14	N00-N08	1
N02.6	Recurrent and persistent haematuria: Dense deposit disease	14	N00-N08	1
N02.7	Recurrent and persistent haematuria: Diffuse crescentic glomerulonephritis	14	N00-N08	1
N02.8	Recurrent and persistent haematuria: Other	14	N00-N08	1
N02.9	Recurrent and persistent haematuria: Unspecified	14	N00-N08	1
N03	Chronic nephritic syndrome	14	N00-N08	0
N03.0	Chronic nephritic syndrome: Minor glomerular abnormality	14	N00-N08	1
N03.1	Chronic nephritic syndrome: Focal and segmental glomerular lesions	14	N00-N08	1
N03.2	Chronic nephritic syndrome: Diffuse membranous glomerulonephritis	14	N00-N08	1
N03.3	Chronic nephritic syndrome: Diffuse mesangial proliferative glomerulonephritis	14	N00-N08	1
N03.4	Chronic nephritic syndrome: Diffuse endocapillary proliferative glomerulonephritis	14	N00-N08	1
N03.5	Chronic nephritic syndrome: Diffuse mesangiocapillary glomerulonephritis	14	N00-N08	1
N03.6	Chronic nephritic syndrome: Dense deposit disease	14	N00-N08	1
N03.7	Chronic nephritic syndrome: Diffuse crescentic glomerulonephritis	14	N00-N08	1
N03.8	Chronic nephritic syndrome: Other	14	N00-N08	1
N03.9	Chronic nephritic syndrome: Unspecified	14	N00-N08	1
N04	Nephrotic syndrome	14	N00-N08	0
N04.0	Nephrotic syndrome: Minor glomerular abnormality	14	N00-N08	1
N04.1	Nephrotic syndrome: Focal and segmental glomerular lesions	14	N00-N08	1
N04.2	Nephrotic syndrome: Diffuse membranous glomerulonephritis	14	N00-N08	1
N04.3	Nephrotic syndrome: Diffuse mesangial proliferative glomerulonephritis	14	N00-N08	1
N04.4	Nephrotic syndrome: Diffuse endocapillary proliferative glomerulonephritis	14	N00-N08	1
N04.5	Nephrotic syndrome: Diffuse mesangiocapillary glomerulonephritis	14	N00-N08	1
N04.6	Nephrotic syndrome: Dense deposit disease	14	N00-N08	1
N04.7	Nephrotic syndrome: Diffuse crescentic glomerulonephritis	14	N00-N08	1
N04.8	Nephrotic syndrome: Other	14	N00-N08	1
N04.9	Nephrotic syndrome: Unspecified	14	N00-N08	1
N05	Unspecified nephritic syndrome	14	N00-N08	0
N05.0	Unspecified nephritic syndrome: Minor glomerular abnormality	14	N00-N08	1
N05.1	Unspecified nephritic syndrome: Focal and segmental glomerular lesions	14	N00-N08	1
N05.2	Unspecified nephritic syndrome: Diffuse membranous glomerulonephritis	14	N00-N08	1
N05.3	Unspecified nephritic syndrome: Diffuse mesangial proliferative glomerulonephritis	14	N00-N08	1
N05.4	Unspecified nephritic syndrome: Diffuse endocapillary proliferative glomerulonephritis	14	N00-N08	1
N05.5	Unspecified nephritic syndrome: Diffuse mesangiocapillary glomerulonephritis	14	N00-N08	1
N05.6	Unspecified nephritic syndrome: Dense deposit disease	14	N00-N08	1
N05.7	Unspecified nephritic syndrome: Diffuse crescentic glomerulonephritis	14	N00-N08	1
N05.8	Unspecified nephritic syndrome: Other	14	N00-N08	1
N05.9	Unspecified nephritic syndrome: Unspecified	14	N00-N08	1
N06	Isolated proteinuria with specified morphological lesion	14	N00-N08	0
N06.0	Isolated proteinuria with specified morphological lesion: Minor glomerular abnormality	14	N00-N08	1
N06.1	Isolated proteinuria with specified morphological lesion: Focal and segmental glomerular lesions	14	N00-N08	1
N06.2	Isolated proteinuria with specified morphological lesion: Diffuse membranous glomerulonephritis	14	N00-N08	1
N06.3	Isolated proteinuria with specified morphological lesion: Diffuse mesangial proliferative glomerulonephritis	14	N00-N08	1
N06.4	Isolated proteinuria with specified morphological lesion: Diffuse endocapillary proliferative glomerulonephritis	14	N00-N08	1
N06.5	Isolated proteinuria with specified morphological lesion: Diffuse mesangiocapillary glomerulonephritis	14	N00-N08	1
N06.6	Isolated proteinuria with specified morphological lesion: Dense deposit disease	14	N00-N08	1
N06.7	Isolated proteinuria with specified morphological lesion: Diffuse crescentic glomerulonephritis	14	N00-N08	1
N06.8	Isolated proteinuria with specified morphological lesion: Other	14	N00-N08	1
N06.9	Isolated proteinuria with specified morphological lesion: Unspecified	14	N00-N08	1
N07	Hereditary nephropathy, not elsewhere classified	14	N00-N08	0
N07.0	Hereditary nephropathy, not elsewhere classified: Minor glomerular abnormality	14	N00-N08	1
N07.1	Hereditary nephropathy, not elsewhere classified: Focal and segmental glomerular lesions	14	N00-N08	1
N07.2	Hereditary nephropathy, not elsewhere classified: Diffuse membranous glomerulonephritis	14	N00-N08	1
N07.3	Hereditary nephropathy, not elsewhere classified: Diffuse mesangial proliferative glomerulonephritis	14	N00-N08	1
N07.4	Hereditary nephropathy, not elsewhere classified: Diffuse endocapillary proliferative glomerulonephritis	14	N00-N08	1
N07.5	Hereditary nephropathy, not elsewhere classified: Diffuse mesangiocapillary glomerulonephritis	14	N00-N08	1
N07.6	Hereditary nephropathy, not elsewhere classified: Dense deposit disease	14	N00-N08	1
N07.7	Hereditary nephropathy, not elsewhere classified: Diffuse crescentic glomerulonephritis	14	N00-N08	1
N07.8	Hereditary nephropathy, not elsewhere classified: Other	14	N00-N08	1
N07.9	Hereditary nephropathy, not elsewhere classified: Unspecified	14	N00-N08	1
N08	Glomerular disorders in diseases classified elsewhere	14	N00-N08	0
N08.0	Glomerular disorders in infectious and parasitic diseases classified elsewhere	14	N00-N08	1
N08.1	Glomerular disorders in neoplastic diseases	14	N00-N08	1
N08.2	Glomerular disorders in blood diseases and disorders involving the immune mechanism	14	N00-N08	1
N08.3	Glomerular disorders in diabetes mellitus	14	N00-N08	1
N08.4	Glomerular disorders in other endocrine, nutritional and metabolic diseases	14	N00-N08	1
N08.5	Glomerular disorders in systemic connective tissue disorders	14	N00-N08	1
N08.8	Glomerular disorders in other diseases classified elsewhere	14	N00-N08	1
N10	Acute tubulo-interstitial nephritis	14	N10-N16	1
N11	Chronic tubulo-interstitial nephritis	14	N10-N16	0
N11.0	Nonobstructive reflux-associated chronic pyelonephritis	14	N10-N16	1
N11.1	Chronic obstructive pyelonephritis	14	N10-N16	1
N11.8	Other chronic tubulo-interstitial nephritis	14	N10-N16	1
N11.9	Chronic tubulo-interstitial nephritis, unspecified	14	N10-N16	1
N12	Tubulo-interstitial nephritis, not specified as acute or chronic	14	N10-N16	1
N13	Obstructive and reflux uropathy	14	N10-N16	0
N13.0	Hydronephrosis with ureteropelvic junction obstruction	14	N10-N16	1
N13.1	Hydronephrosis with ureteral stricture, not elsewhere classified	14	N10-N16	1
N13.2	Hydronephrosis with renal and ureteral calculous obstruction	14	N10-N16	1
N13.3	Other and unspecified hydronephrosis	14	N10-N16	1
N13.4	Hydroureter	14	N10-N16	1
N13.5	Kinking and stricture of ureter without hydronephrosis	14	N10-N16	1
N13.6	Pyonephrosis	14	N10-N16	1
N13.7	Vesicoureteral-reflux-associated uropathy	14	N10-N16	1
N13.8	Other obstructive and reflux uropathy	14	N10-N16	1
N13.9	Obstructive and reflux uropathy, unspecified	14	N10-N16	1
N14	Drug- and heavy-metal-induced tubulo-interstitial and tubular conditions	14	N10-N16	0
N14.0	Analgesic nephropathy	14	N10-N16	1
N14.1	Nephropathy induced by other drugs, medicaments and biological substances	14	N10-N16	1
N14.2	Nephropathy induced by unspecified drug, medicament or biological substance	14	N10-N16	1
N14.3	Nephropathy induced by heavy metals	14	N10-N16	1
N14.4	Toxic nephropathy, not elsewhere classified	14	N10-N16	1
N15	Other renal tubulo-interstitial diseases	14	N10-N16	0
N15.0	Balkan nephropathy	14	N10-N16	1
N15.1	Renal and perinephric abscess	14	N10-N16	1
N15.8	Other specified renal tubulo-interstitial diseases	14	N10-N16	1
N15.9	Renal tubulo-interstitial disease, unspecified	14	N10-N16	1
N16	Renal tubulo-interstitial disorders in diseases classified elsewhere	14	N10-N16	0
N16.0	Renal tubulo-interstitial disorders in infectious and parasitic diseases classified elsewhere	14	N10-N16	1
N16.1	Renal tubulo-interstitial disorders in neoplastic diseases	14	N10-N16	1
N16.2	Renal tubulo-interstitial disorders in blood diseases and disorders involving the immune mechanism	14	N10-N16	1
N16.3	Renal tubulo-interstitial disorders in metabolic diseases	14	N10-N16	1
N16.4	Renal tubulo-interstitial disorders in systemic connective tissue disorders	14	N10-N16	1
N16.5	Renal tubulo-interstitial disorders in transplant rejection	14	N10-N16	1
N16.8	Renal tubulo-interstitial disorders in other diseases classified elsewhere	14	N10-N16	1
N17	Acute renal failure	14	N17-N19	0
N17.0	Acute renal failure with tubular necrosis	14	N17-N19	1
N17.1	Acute renal failure with acute cortical necrosis	14	N17-N19	1
N17.2	Acute renal failure with medullary necrosis	14	N17-N19	1
N17.8	Other acute renal failure	14	N17-N19	1
N17.9	Acute renal failure, unspecified	14	N17-N19	1
N18	Chronic kidney disease	14	N17-N19	0
N18.1	Chronic kidney disease, stage 1	14	N17-N19	1
N18.2	Chronic kidney disease, stage 2	14	N17-N19	1
N18.3	Chronic kidney disease, stage 3	14	N17-N19	1
N18.4	Chronic kidney disease, stage 4	14	N17-N19	1
N18.5	Chronic kidney disease, stage 5	14	N17-N19	1
N18.9	Chronic kidney disease, unspecified	14	N17-N19	1
N19	Unspecified kidney failure	14	N17-N19	1
N20	Calculus of kidney and ureter	14	N20-N23	0
N20.0	Calculus of kidney	14	N20-N23	1
N20.1	Calculus of ureter	14	N20-N23	1
N20.2	Calculus of kidney with calculus of ureter	14	N20-N23	1
N20.9	Urinary calculus, unspecified	14	N20-N23	1
N21	Calculus of lower urinary tract	14	N20-N23	0
N21.0	Calculus in bladder	14	N20-N23	1
N21.1	Calculus in urethra	14	N20-N23	1
N21.8	Other lower urinary tract calculus	14	N20-N23	1
N21.9	Calculus of lower urinary tract, unspecified	14	N20-N23	1
N22	Calculus of urinary tract in diseases classified elsewhere	14	N20-N23	0
N22.0	Urinary calculus in schistosomiasis [bilharziasis]	14	N20-N23	1
N22.8	Calculus of urinary tract in other diseases classified elsewhere	14	N20-N23	1
N23	Unspecified renal colic	14	N20-N23	1
N25	Disorders resulting from impaired renal tubular function	14	N25-N29	0
N25.0	Renal osteodystrophy	14	N25-N29	1
N25.1	Nephrogenic diabetes insipidus	14	N25-N29	1
N25.8	Other disorders resulting from impaired renal tubular function	14	N25-N29	1
N25.9	Disorder resulting from impaired renal tubular function, unspecified	14	N25-N29	1
N26	Unspecified contracted kidney	14	N25-N29	1
N27	Small kidney of unknown cause	14	N25-N29	0
N27.0	Small kidney, unilateral	14	N25-N29	1
N27.1	Small kidney, bilateral	14	N25-N29	1
N27.9	Small kidney, unspecified	14	N25-N29	1
N28	Other disorders of kidney and ureter, not elsewhere classified	14	N25-N29	0
N28.0	Ischaemia and infarction of kidney	14	N25-N29	1
N28.1	Cyst of kidney	14	N25-N29	1
N28.8	Other specified disorders of kidney and ureter	14	N25-N29	1
N28.9	Disorder of kidney and ureter, unspecified	14	N25-N29	1
N29	Other disorders of kidney and ureter in diseases classified elsewhere	14	N25-N29	0
N29.0	Late syphilis of kidney	14	N25-N29	1
N29.1	Other disorders of kidney and ureter in infectious and parasitic diseases classified elsewhere	14	N25-N29	1
N29.8	Other disorders of kidney and ureter in other diseases classified elsewhere	14	N25-N29	1
N30	Cystitis	14	N30-N39	0
N30.0	Acute cystitis	14	N30-N39	1
N30.1	Interstitial cystitis (chronic)	14	N30-N39	1
N30.2	Other chronic cystitis	14	N30-N39	1
N30.3	Trigonitis	14	N30-N39	1
N30.4	Irradiation cystitis	14	N30-N39	1
N30.8	Other cystitis	14	N30-N39	1
N30.9	Cystitis, unspecified	14	N30-N39	1
N31	Neuromuscular dysfunction of bladder, not elsewhere classified	14	N30-N39	0
N31.0	Uninhibited neuropathic bladder, not elsewhere classified	14	N30-N39	1
N31.1	Reflex neuropathic bladder, not elsewhere classified	14	N30-N39	1
N31.2	Flaccid neuropathic bladder, not elsewhere classified	14	N30-N39	1
N31.8	Other neuromuscular dysfunction of bladder	14	N30-N39	1
N31.9	Neuromuscular dysfunction of bladder, unspecified	14	N30-N39	1
N32	Other disorders of bladder	14	N30-N39	0
N32.0	Bladder-neck obstruction	14	N30-N39	1
N32.1	Vesicointestinal fistula	14	N30-N39	1
N32.2	Vesical fistula, not elsewhere classified	14	N30-N39	1
N32.3	Diverticulum of bladder	14	N30-N39	1
N32.4	Rupture of bladder, nontraumatic	14	N30-N39	1
N32.8	Other specified disorders of bladder	14	N30-N39	1
N32.9	Bladder disorder, unspecified	14	N30-N39	1
N33	Bladder disorders in diseases classified elsewhere	14	N30-N39	0
N33.0	Tuberculous cystitis	14	N30-N39	1
N33.8	Bladder disorders in other diseases classified elsewhere	14	N30-N39	1
N34	Urethritis and urethral syndrome	14	N30-N39	0
N34.0	Urethral abscess	14	N30-N39	1
N34.1	Nonspecific urethritis	14	N30-N39	1
N34.2	Other urethritis	14	N30-N39	1
N34.3	Urethral syndrome, unspecified	14	N30-N39	1
N35	Urethral stricture	14	N30-N39	0
N35.0	Post-traumatic urethral stricture	14	N30-N39	1
N35.1	Postinfective urethral stricture, not elsewhere classified	14	N30-N39	1
N35.8	Other urethral stricture	14	N30-N39	1
N35.9	Urethral stricture, unspecified	14	N30-N39	1
N36	Other disorders of urethra	14	N30-N39	0
N36.0	Urethral fistula	14	N30-N39	1
N36.1	Urethral diverticulum	14	N30-N39	1
N36.2	Urethral caruncle	14	N30-N39	1
N36.3	Prolapsed urethral mucosa	14	N30-N39	1
N36.8	Other specified disorders of urethra	14	N30-N39	1
N36.9	Urethral disorder, unspecified	14	N30-N39	1
N37	Urethral disorders in diseases classified elsewhere	14	N30-N39	0
N37.0	Urethritis in diseases classified elsewhere	14	N30-N39	1
N37.8	Other urethral disorders in diseases classified elsewhere	14	N30-N39	1
N39	Other disorders of urinary system	14	N30-N39	0
N39.0	Urinary tract infection, site not specified	14	N30-N39	1
N39.1	Persistent proteinuria, unspecified	14	N30-N39	1
N39.2	Orthostatic proteinuria, unspecified	14	N30-N39	1
N39.3	Stress incontinence	14	N30-N39	1
N39.4	Other specified urinary incontinence	14	N30-N39	1
N39.8	Other specified disorders of urinary system	14	N30-N39	1
N39.9	Disorder of urinary system, unspecified	14	N30-N39	1
N40	Hyperplasia of prostate	14	N40-N51	1
N41	Inflammatory diseases of prostate	14	N40-N51	0
N41.0	Acute prostatitis	14	N40-N51	1
N41.1	Chronic prostatitis	14	N40-N51	1
N41.2	Abscess of prostate	14	N40-N51	1
N41.3	Prostatocystitis	14	N40-N51	1
N41.8	Other inflammatory diseases of prostate	14	N40-N51	1
N41.9	Inflammatory disease of prostate, unspecified	14	N40-N51	1
N42	Other disorders of prostate	14	N40-N51	0
N42.0	Calculus of prostate	14	N40-N51	1
N42.1	Congestion and haemorrhage of prostate	14	N40-N51	1
N42.2	Atrophy of prostate	14	N40-N51	1
N42.3	Dysplasia of prostate	14	N40-N51	1
N42.8	Other specified disorders of prostate	14	N40-N51	1
N42.9	Disorder of prostate, unspecified	14	N40-N51	1
N43	Hydrocele and spermatocele	14	N40-N51	0
N43.0	Encysted hydrocele	14	N40-N51	1
N43.1	Infected hydrocele	14	N40-N51	1
N43.2	Other hydrocele	14	N40-N51	1
N43.3	Hydrocele, unspecified	14	N40-N51	1
N43.4	Spermatocele	14	N40-N51	1
N44	Torsion of testis	14	N40-N51	1
N45	Orchitis and epididymitis	14	N40-N51	0
N45.0	Orchitis, epididymitis and epididymo-orchitis with abscess	14	N40-N51	1
N45.9	Orchitis, epididymitis and epididymo-orchitis without abscess	14	N40-N51	1
N46	Male infertility	14	N40-N51	1
N47	Redundant prepuce, phimosis and paraphimosis	14	N40-N51	1
N48	Other disorders of penis	14	N40-N51	0
N48.0	Leukoplakia of penis	14	N40-N51	1
N48.1	Balanoposthitis	14	N40-N51	1
N48.2	Other inflammatory disorders of penis	14	N40-N51	1
N48.3	Priapism	14	N40-N51	1
N48.4	Impotence of organic origin	14	N40-N51	1
N48.5	Ulcer of penis	14	N40-N51	1
N48.6	Induratio penis plastica	14	N40-N51	1
N48.8	Other specified disorders of penis	14	N40-N51	1
N48.9	Disorder of penis, unspecified	14	N40-N51	1
N49	Inflammatory disorders of male genital organs, not elsewhere classified	14	N40-N51	0
N49.0	Inflammatory disorders of seminal vesicle	14	N40-N51	1
N49.1	Inflammatory disorders of spermatic cord, tunica vaginalis and vas deferens	14	N40-N51	1
N49.2	Inflammatory disorders of scrotum	14	N40-N51	1
N49.8	Inflammatory disorders of other specified male genital organs	14	N40-N51	1
N49.9	Inflammatory disorder of unspecified male genital organ	14	N40-N51	1
N50	Other disorders of male genital organs	14	N40-N51	0
N50.0	Atrophy of testis	14	N40-N51	1
N50.1	Vascular disorders of male genital organs	14	N40-N51	1
N50.8	Other specified disorders of male genital organs	14	N40-N51	1
N50.9	Disorder of male genital organs, unspecified	14	N40-N51	1
N51	Disorders of male genital organs in diseases classified elsewhere	14	N40-N51	0
N51.0	Disorders of prostate in diseases classified elsewhere	14	N40-N51	1
N51.1	Disorders of testis and epididymis in diseases classified elsewhere	14	N40-N51	1
N51.2	Balanitis in diseases classified elsewhere	14	N40-N51	1
N51.8	Other disorders of male genital organs in diseases classified elsewhere	14	N40-N51	1
N60	Benign mammary dysplasia	14	N60-N64	0
N60.0	Solitary cyst of breast	14	N60-N64	1
N60.1	Diffuse cystic mastopathy	14	N60-N64	1
N60.2	Fibroadenosis of breast	14	N60-N64	1
N60.3	Fibrosclerosis of breast	14	N60-N64	1
N60.4	Mammary duct ectasia	14	N60-N64	1
N60.8	Other benign mammary dysplasias	14	N60-N64	1
N60.9	Benign mammary dysplasia, unspecified	14	N60-N64	1
N61	Inflammatory disorders of breast	14	N60-N64	1
N62	Hypertrophy of breast	14	N60-N64	1
N63	Unspecified lump in breast	14	N60-N64	1
N64	Other disorders of breast	14	N60-N64	0
N64.0	Fissure and fistula of nipple	14	N60-N64	1
N64.1	Fat necrosis of breast	14	N60-N64	1
N64.2	Atrophy of breast	14	N60-N64	1
N64.3	Galactorrhoea not associated with childbirth	14	N60-N64	1
N64.4	Mastodynia	14	N60-N64	1
N64.5	Other signs and symptoms in breast	14	N60-N64	1
N64.8	Other specified disorders of breast	14	N60-N64	1
N64.9	Disorder of breast, unspecified	14	N60-N64	1
N70	Salpingitis and oophoritis	14	N70-N77	0
N70.0	Acute salpingitis and oophoritis	14	N70-N77	1
N70.1	Chronic salpingitis and oophoritis	14	N70-N77	1
N70.9	Salpingitis and oophoritis, unspecified	14	N70-N77	1
N71	Inflammatory disease of uterus, except cervix	14	N70-N77	0
N71.0	Acute inflammatory disease of uterus	14	N70-N77	1
N71.1	Chronic inflammatory disease of uterus	14	N70-N77	1
N71.9	Inflammatory disease of uterus, unspecified	14	N70-N77	1
N72	Inflammatory disease of cervix uteri	14	N70-N77	1
N73	Other female pelvic inflammatory diseases	14	N70-N77	0
N73.0	Acute parametritis and pelvic cellulitis	14	N70-N77	1
N73.1	Chronic parametritis and pelvic cellulitis	14	N70-N77	1
N73.2	Unspecified parametritis and pelvic cellulitis	14	N70-N77	1
N73.3	Female acute pelvic peritonitis	14	N70-N77	1
N73.4	Female chronic pelvic peritonitis	14	N70-N77	1
N73.5	Female pelvic peritonitis, unspecified	14	N70-N77	1
N73.6	Female pelvic peritoneal adhesions	14	N70-N77	1
N73.8	Other specified female pelvic inflammatory diseases	14	N70-N77	1
N73.9	Female pelvic inflammatory disease, unspecified	14	N70-N77	1
N74	Female pelvic inflammatory disorders in diseases classified elsewhere	14	N70-N77	0
N74.0	Tuberculous infection of cervix uteri	14	N70-N77	1
N74.1	Female tuberculous pelvic inflammatory disease	14	N70-N77	1
N74.2	Female syphilitic pelvic inflammatory disease	14	N70-N77	1
N74.3	Female gonococcal pelvic inflammatory disease	14	N70-N77	1
N74.4	Female chlamydial pelvic inflammatory disease	14	N70-N77	1
N74.8	Female pelvic inflammatory disorders in other diseases classified elsewhere	14	N70-N77	1
N75	Diseases of Bartholin gland	14	N70-N77	0
N75.0	Cyst of Bartholin gland	14	N70-N77	1
N75.1	Abscess of Bartholin gland	14	N70-N77	1
N75.8	Other diseases of Bartholin gland	14	N70-N77	1
N75.9	Disease of Bartholin gland, unspecified	14	N70-N77	1
N76	Other inflammation of vagina and vulva	14	N70-N77	0
N76.0	Acute vaginitis	14	N70-N77	1
N76.1	Subacute and chronic vaginitis	14	N70-N77	1
N76.2	Acute vulvitis	14	N70-N77	1
N76.3	Subacute and chronic vulvitis	14	N70-N77	1
N76.4	Abscess of vulva	14	N70-N77	1
N76.5	Ulceration of vagina	14	N70-N77	1
N76.6	Ulceration of vulva	14	N70-N77	1
N76.8	Other specified inflammation of vagina and vulva	14	N70-N77	1
N77	Vulvovaginal ulceration and inflammation in diseases classified elsewhere	14	N70-N77	0
N77.0	Ulceration of vulva in infectious and parasitic diseases classified elsewhere	14	N70-N77	1
N77.1	Vaginitis, vulvitis and vulvovaginitis in infectious and parasitic diseases classified elsewhere	14	N70-N77	1
N77.8	Vulvovaginal ulceration and inflammation in other diseases classified elsewhere	14	N70-N77	1
N80	Endometriosis	14	N80-N98	0
N80.0	Endometriosis of uterus	14	N80-N98	1
N80.1	Endometriosis of ovary	14	N80-N98	1
N80.2	Endometriosis of fallopian tube	14	N80-N98	1
N80.3	Endometriosis of pelvic peritoneum	14	N80-N98	1
N80.4	Endometriosis of rectovaginal septum and vagina	14	N80-N98	1
N80.5	Endometriosis of intestine	14	N80-N98	1
N80.6	Endometriosis in cutaneous scar	14	N80-N98	1
N80.8	Other endometriosis	14	N80-N98	1
N80.9	Endometriosis, unspecified	14	N80-N98	1
N81	Female genital prolapse	14	N80-N98	0
N81.0	Female urethrocele	14	N80-N98	1
N81.1	Cystocele	14	N80-N98	1
N81.2	Incomplete uterovaginal prolapse	14	N80-N98	1
N81.3	Complete uterovaginal prolapse	14	N80-N98	1
N81.4	Uterovaginal prolapse, unspecified	14	N80-N98	1
N81.5	Vaginal enterocele	14	N80-N98	1
N81.6	Rectocele	14	N80-N98	1
N81.8	Other female genital prolapse	14	N80-N98	1
N81.9	Female genital prolapse, unspecified	14	N80-N98	1
N82	Fistulae involving female genital tract	14	N80-N98	0
N82.0	Vesicovaginal fistula	14	N80-N98	1
N82.1	Other female urinary-genital tract fistulae	14	N80-N98	1
N82.2	Fistula of vagina to small intestine	14	N80-N98	1
N82.3	Fistula of vagina to large intestine	14	N80-N98	1
N82.4	Other female intestinal-genital tract fistulae	14	N80-N98	1
N82.5	Female genital tract-skin fistulae	14	N80-N98	1
N82.8	Other female genital tract fistulae	14	N80-N98	1
N82.9	Female genital tract fistula, unspecified	14	N80-N98	1
N83	Noninflammatory disorders of ovary, fallopian tube and broad ligament	14	N80-N98	0
N83.0	Follicular cyst of ovary	14	N80-N98	1
N83.1	Corpus luteum cyst	14	N80-N98	1
N83.2	Other and unspecified ovarian cysts	14	N80-N98	1
N83.3	Acquired atrophy of ovary and fallopian tube	14	N80-N98	1
N83.4	Prolapse and hernia of ovary and fallopian tube	14	N80-N98	1
N83.5	Torsion of ovary, ovarian pedicle and fallopian tube	14	N80-N98	1
N83.6	Haematosalpinx	14	N80-N98	1
N83.7	Haematoma of broad ligament	14	N80-N98	1
N83.8	Other noninflammatory disorders of ovary, fallopian tube and broad ligament	14	N80-N98	1
N83.9	Noninflammatory disorder of ovary, fallopian tube and broad ligament, unspecified	14	N80-N98	1
N84	Polyp of female genital tract	14	N80-N98	0
N84.0	Polyp of corpus uteri	14	N80-N98	1
N84.1	Polyp of cervix uteri	14	N80-N98	1
N84.2	Polyp of vagina	14	N80-N98	1
N84.3	Polyp of vulva	14	N80-N98	1
N84.8	Polyp of other parts of female genital tract	14	N80-N98	1
N84.9	Polyp of female genital tract, unspecified	14	N80-N98	1
N85	Other noninflammatory disorders of uterus, except cervix	14	N80-N98	0
N85.0	Endometrial glandular hyperplasia	14	N80-N98	1
N85.1	Endometrial adenomatous hyperplasia	14	N80-N98	1
N85.2	Hypertrophy of uterus	14	N80-N98	1
N85.3	Subinvolution of uterus	14	N80-N98	1
N85.4	Malposition of uterus	14	N80-N98	1
N85.5	Inversion of uterus	14	N80-N98	1
N85.6	Intrauterine synechiae	14	N80-N98	1
N85.7	Haematometra	14	N80-N98	1
N85.8	Other specified noninflammatory disorders of uterus	14	N80-N98	1
N85.9	Noninflammatory disorder of uterus, unspecified	14	N80-N98	1
N86	Erosion and ectropion of cervix uteri	14	N80-N98	1
N87	Dysplasia of cervix uteri	14	N80-N98	0
N87.0	Mild cervical dysplasia	14	N80-N98	1
N87.1	Moderate cervical dysplasia	14	N80-N98	1
N87.2	Severe cervical dysplasia, not elsewhere classified	14	N80-N98	1
N87.9	Dysplasia of cervix uteri, unspecified	14	N80-N98	1
N88	Other noninflammatory disorders of cervix uteri	14	N80-N98	0
N88.0	Leukoplakia of cervix uteri	14	N80-N98	1
N88.1	Old laceration of cervix uteri	14	N80-N98	1
N88.2	Stricture and stenosis of cervix uteri	14	N80-N98	1
N88.3	Incompetence of cervix uteri	14	N80-N98	1
N88.4	Hypertrophic elongation of cervix uteri	14	N80-N98	1
N88.8	Other specified noninflammatory disorders of cervix uteri	14	N80-N98	1
N88.9	Noninflammatory disorder of cervix uteri, unspecified	14	N80-N98	1
N89	Other noninflammatory disorders of vagina	14	N80-N98	0
N89.0	Mild vaginal dysplasia	14	N80-N98	1
N89.1	Moderate vaginal dysplasia	14	N80-N98	1
N89.2	Severe vaginal dysplasia, not elsewhere classified	14	N80-N98	1
N89.3	Dysplasia of vagina, unspecified	14	N80-N98	1
N89.4	Leukoplakia of vagina	14	N80-N98	1
N89.5	Stricture and atresia of vagina	14	N80-N98	1
N89.6	Tight hymenal ring	14	N80-N98	1
N89.7	Haematocolpos	14	N80-N98	1
N89.8	Other specified noninflammatory disorders of vagina	14	N80-N98	1
N89.9	Noninflammatory disorder of vagina, unspecified	14	N80-N98	1
N90	Other noninflammatory disorders of vulva and perineum	14	N80-N98	0
N90.0	Mild vulvar dysplasia	14	N80-N98	1
N90.1	Moderate vulvar dysplasia	14	N80-N98	1
N90.2	Severe vulvar dysplasia, not elsewhere classified	14	N80-N98	1
N90.3	Dysplasia of vulva, unspecified	14	N80-N98	1
N90.4	Leukoplakia of vulva	14	N80-N98	1
N90.5	Atrophy of vulva	14	N80-N98	1
N90.6	Hypertrophy of vulva	14	N80-N98	1
N90.7	Vulvar cyst	14	N80-N98	1
N90.8	Other specified noninflammatory disorders of vulva and perineum	14	N80-N98	1
N90.9	Noninflammatory disorder of vulva and perineum, unspecified	14	N80-N98	1
N91	Absent, scanty and rare menstruation	14	N80-N98	0
N91.0	Primary amenorrhoea	14	N80-N98	1
N91.1	Secondary amenorrhoea	14	N80-N98	1
N91.2	Amenorrhoea, unspecified	14	N80-N98	1
N91.3	Primary oligomenorrhoea	14	N80-N98	1
N91.4	Secondary oligomenorrhoea	14	N80-N98	1
N91.5	Oligomenorrhoea, unspecified	14	N80-N98	1
N92	Excessive, frequent and irregular menstruation	14	N80-N98	0
N92.0	Excessive and frequent menstruation with regular cycle	14	N80-N98	1
N92.1	Excessive and frequent menstruation with irregular cycle	14	N80-N98	1
N92.2	Excessive menstruation at puberty	14	N80-N98	1
N92.3	Ovulation bleeding	14	N80-N98	1
N92.4	Excessive bleeding in the premenopausal period	14	N80-N98	1
N92.5	Other specified irregular menstruation	14	N80-N98	1
N92.6	Irregular menstruation, unspecified	14	N80-N98	1
N93	Other abnormal uterine and vaginal bleeding	14	N80-N98	0
N93.0	Postcoital and contact bleeding	14	N80-N98	1
N93.8	Other specified abnormal uterine and vaginal bleeding	14	N80-N98	1
N93.9	Abnormal uterine and vaginal bleeding, unspecified	14	N80-N98	1
N94	Pain and other conditions associated with female genital organs and menstrual cycle	14	N80-N98	0
N94.0	Mittelschmerz	14	N80-N98	1
N94.1	Dyspareunia	14	N80-N98	1
N94.2	Vaginismus	14	N80-N98	1
N94.3	Premenstrual tension syndrome	14	N80-N98	1
N94.4	Primary dysmenorrhoea	14	N80-N98	1
N94.5	Secondary dysmenorrhoea	14	N80-N98	1
N94.6	Dysmenorrhoea, unspecified	14	N80-N98	1
N94.8	Other specified conditions associated with female genital organs and menstrual cycle	14	N80-N98	1
N94.9	Unspecified condition associated with female genital organs and menstrual cycle	14	N80-N98	1
N95	Menopausal and other perimenopausal disorders	14	N80-N98	0
N95.0	Postmenopausal bleeding	14	N80-N98	1
N95.1	Menopausal and female climacteric states	14	N80-N98	1
N95.2	Postmenopausal atrophic vaginitis	14	N80-N98	1
N95.3	States associated with artificial menopause	14	N80-N98	1
N95.8	Other specified menopausal and perimenopausal disorders	14	N80-N98	1
N95.9	Menopausal and perimenopausal disorder, unspecified	14	N80-N98	1
N96	Habitual aborter	14	N80-N98	1
N97	Female infertility	14	N80-N98	0
N97.0	Female infertility associated with anovulation	14	N80-N98	1
N97.1	Female infertility of tubal origin	14	N80-N98	1
N97.2	Female infertility of uterine origin	14	N80-N98	1
N97.3	Female infertility of cervical origin	14	N80-N98	1
N97.4	Female infertility associated with male factors	14	N80-N98	1
N97.8	Female infertility of other origin	14	N80-N98	1
N97.9	Female infertility, unspecified	14	N80-N98	1
N98	Complications associated with artificial fertilization	14	N80-N98	0
N98.0	Infection associated with artificial insemination	14	N80-N98	1
N98.1	Hyperstimulation of ovaries	14	N80-N98	1
N98.2	Complications of attempted introduction of fertilized ovum following in vitro fertilization	14	N80-N98	1
N98.3	Complications of attempted introduction of embryo in embryo transfer	14	N80-N98	1
N98.8	Other complications associated with artificial fertilization	14	N80-N98	1
N98.9	Complication associated with artificial fertilization, unspecified	14	N80-N98	1
N99	Postprocedural disorders of genitourinary system, not elsewhere classified	14	N99-N99	0
N99.0	Postprocedural renal failure	14	N99-N99	1
N99.1	Postprocedural urethral stricture	14	N99-N99	1
N99.2	Postoperative adhesions of vagina	14	N99-N99	1
N99.3	Prolapse of vaginal vault after hysterectomy	14	N99-N99	1
N99.4	Postprocedural pelvic peritoneal adhesions	14	N99-N99	1
N99.5	Malfunction of external stoma of urinary tract	14	N99-N99	1
N99.8	Other postprocedural disorders of genitourinary system	14	N99-N99	1
N99.9	Postprocedural disorder of genitourinary system, unspecified	14	N99-N99	1
O00	Ectopic pregnancy	15	O00-O08	0
O00.0	Abdominal pregnancy	15	O00-O08	1
O00.1	Tubal pregnancy	15	O00-O08	1
O00.2	Ovarian pregnancy	15	O00-O08	1
O00.8	Other ectopic pregnancy	15	O00-O08	1
O00.9	Ectopic pregnancy, unspecified	15	O00-O08	1
O01	Hydatidiform mole	15	O00-O08	0
O01.0	Classical hydatidiform mole	15	O00-O08	1
O01.1	Incomplete and partial hydatidiform mole	15	O00-O08	1
O01.9	Hydatidiform mole, unspecified	15	O00-O08	1
O02	Other abnormal products of conception	15	O00-O08	0
O02.0	Blighted ovum and nonhydatidiform mole	15	O00-O08	1
O02.1	Missed abortion	15	O00-O08	1
O02.8	Other specified abnormal products of conception	15	O00-O08	1
O02.9	Abnormal product of conception, unspecified	15	O00-O08	1
O03	Spontaneous abortion	15	O00-O08	0
O03.0	Spontaneous abortion: Incomplete, complicated by genital tract and pelvic infection	15	O00-O08	1
O03.1	Spontaneous abortion: Incomplete, complicated by delayed or excessive haemorrhage	15	O00-O08	1
O03.2	Spontaneous abortion: Incomplete, complicated by embolism	15	O00-O08	1
O03.3	Spontaneous abortion: Incomplete, with other and unspecified complications	15	O00-O08	1
O03.4	Spontaneous abortion: Incomplete, without complication	15	O00-O08	1
O03.5	Spontaneous abortion: Complete or unspecified, complicated by genital tract and pelvic infection	15	O00-O08	1
O03.6	Spontaneous abortion: Complete or unspecified, complicated by delayed or excessive haemorrhage	15	O00-O08	1
O03.7	Spontaneous abortion: Complete or unspecified, complicated by embolism	15	O00-O08	1
O03.8	Spontaneous abortion: Complete or unspecified, with other and unspecified complications	15	O00-O08	1
O03.9	Spontaneous abortion: Complete or unspecified, without complication	15	O00-O08	1
O04	Medical abortion	15	O00-O08	0
O04.0	Medical abortion: Incomplete, complicated by genital tract and pelvic infection	15	O00-O08	1
O04.1	Medical abortion: Incomplete, complicated by delayed or excessive haemorrhage	15	O00-O08	1
O04.2	Medical abortion: Incomplete, complicated by embolism	15	O00-O08	1
O04.3	Medical abortion: Incomplete, with other and unspecified complications	15	O00-O08	1
O04.4	Medical abortion: Incomplete, without complication	15	O00-O08	1
O04.5	Medical abortion: Complete or unspecified, complicated by genital tract and pelvic infection	15	O00-O08	1
O04.6	Medical abortion: Complete or unspecified, complicated by delayed or excessive haemorrhage	15	O00-O08	1
O04.7	Medical abortion: Complete or unspecified, complicated by embolism	15	O00-O08	1
O04.8	Medical abortion: Complete or unspecified, with other and unspecified complications	15	O00-O08	1
O04.9	Medical abortion: Complete or unspecified, without complication	15	O00-O08	1
O05	Other abortion	15	O00-O08	0
O05.0	Other abortion: Incomplete, complicated by genital tract and pelvic infection	15	O00-O08	1
O05.1	Other abortion: Incomplete, complicated by delayed or excessive haemorrhage	15	O00-O08	1
O05.2	Other abortion: Incomplete, complicated by embolism	15	O00-O08	1
O05.3	Other abortion: Incomplete, with other and unspecified complications	15	O00-O08	1
O05.4	Other abortion: Incomplete, without complication	15	O00-O08	1
O05.5	Other abortion: Complete or unspecified, complicated by genital tract and pelvic infection	15	O00-O08	1
O05.6	Other abortion: Complete or unspecified, complicated by delayed or excessive haemorrhage	15	O00-O08	1
O05.7	Other abortion: Complete or unspecified, complicated by embolism	15	O00-O08	1
O05.8	Other abortion: Complete or unspecified, with other and unspecified complications	15	O00-O08	1
O05.9	Other abortion: Complete or unspecified, without complication	15	O00-O08	1
O06	Unspecified abortion	15	O00-O08	0
O06.0	Unspecified abortion: Incomplete, complicated by genital tract and pelvic infection	15	O00-O08	1
O06.1	Unspecified abortion: Incomplete, complicated by delayed or excessive haemorrhage	15	O00-O08	1
O06.2	Unspecified abortion: Incomplete, complicated by embolism	15	O00-O08	1
O06.3	Unspecified abortion: Incomplete, with other and unspecified complications	15	O00-O08	1
O06.4	Unspecified abortion: Incomplete, without complication	15	O00-O08	1
O06.5	Unspecified abortion: Complete or unspecified, complicated by genital tract and pelvic infection	15	O00-O08	1
O06.6	Unspecified abortion: Complete or unspecified, complicated by delayed or excessive haemorrhage	15	O00-O08	1
O06.7	Unspecified abortion: Complete or unspecified, complicated by embolism	15	O00-O08	1
O06.8	Unspecified abortion: Complete or unspecified, with other and unspecified complications	15	O00-O08	1
O06.9	Unspecified abortion: Complete or unspecified, without complication	15	O00-O08	1
O07	Failed attempted abortion	15	O00-O08	0
O07.0	Failed medical abortion, complicated by genital tract and pelvic infection	15	O00-O08	1
O07.1	Failed medical abortion, complicated by delayed or excessive haemorrhage	15	O00-O08	1
O07.2	Failed medical abortion, complicated by embolism	15	O00-O08	1
O07.3	Failed medical abortion, with other and unspecified complications	15	O00-O08	1
O07.4	Failed medical abortion, without complication	15	O00-O08	1
O07.5	Other and unspecified failed attempted abortion, complicated by genital tract and pelvic infection	15	O00-O08	1
O07.6	Other and unspecified failed attempted abortion, complicated by delayed or excessive haemorrhage	15	O00-O08	1
O07.7	Other and unspecified failed attempted abortion, complicated by embolism	15	O00-O08	1
O07.8	Other and unspecified failed attempted abortion, with other and unspecified complications	15	O00-O08	1
O07.9	Other and unspecified failed attempted abortion, without complication	15	O00-O08	1
O08	Complications following abortion and ectopic and molar pregnancy	15	O00-O08	0
O08.0	Genital tract and pelvic infection following abortion and ectopic and molar pregnancy	15	O00-O08	1
O08.1	Delayed or excessive haemorrhage following abortion and ectopic and molar pregnancy	15	O00-O08	1
O08.2	Embolism following abortion and ectopic and molar pregnancy	15	O00-O08	1
O08.3	Shock following abortion and ectopic and molar pregnancy	15	O00-O08	1
O08.4	Renal failure following abortion and ectopic and molar pregnancy	15	O00-O08	1
O08.5	Metabolic disorders following abortion and ectopic and molar pregnancy	15	O00-O08	1
O08.6	Damage to pelvic organs and tissues following abortion and ectopic and molar pregnancy	15	O00-O08	1
O08.7	Other venous complications following abortion and ectopic and molar pregnancy	15	O00-O08	1
O08.8	Other complications following abortion and ectopic and molar pregnancy	15	O00-O08	1
O08.9	Complication following abortion and ectopic and molar pregnancy, unspecified	15	O00-O08	1
O10	Pre-existing hypertension complicating pregnancy, childbirth and the puerperium	15	O10-O16	0
O10.0	Pre-existing essential hypertension complicating pregnancy, childbirth and the puerperium	15	O10-O16	1
O10.1	Pre-existing hypertensive heart disease complicating pregnancy, childbirth and the puerperium	15	O10-O16	1
O10.2	Pre-existing hypertensive renal disease complicating pregnancy, childbirth and the puerperium	15	O10-O16	1
O10.3	Pre-existing hypertensive heart and renal disease complicating pregnancy, childbirth and the puerperium	15	O10-O16	1
O10.4	Pre-existing secondary hypertension complicating pregnancy, childbirth and the puerperium	15	O10-O16	1
O10.9	Unspecified pre-existing hypertension complicating pregnancy, childbirth and the puerperium	15	O10-O16	1
O11	Pre-eclampsia superimposed on chronic hypertension	15	O10-O16	1
O12	Gestational [pregnancy-induced] oedema and proteinuria without hypertension	15	O10-O16	0
O12.0	Gestational oedema	15	O10-O16	1
O12.1	Gestational proteinuria	15	O10-O16	1
O12.2	Gestational oedema with proteinuria	15	O10-O16	1
O13	Gestational [pregnancy-induced] hypertension	15	O10-O16	1
O14	Pre-eclampsia	15	O10-O16	0
O14.0	Mild to moderate pre-eclampsia	15	O10-O16	1
O14.1	Severe pre-eclampsia	15	O10-O16	1
O14.2	HELLP syndrome	15	O10-O16	1
O14.9	Pre-eclampsia, unspecified	15	O10-O16	1
O15	Eclampsia	15	O10-O16	0
O15.0	Eclampsia in pregnancy	15	O10-O16	1
O15.1	Eclampsia in labour	15	O10-O16	1
O15.2	Eclampsia in the puerperium	15	O10-O16	1
O15.9	Eclampsia, unspecified as to time period	15	O10-O16	1
O16	Unspecified maternal hypertension	15	O10-O16	1
O20	Haemorrhage in early pregnancy	15	O20-O29	0
O20.0	Threatened abortion	15	O20-O29	1
O20.8	Other haemorrhage in early pregnancy	15	O20-O29	1
O20.9	Haemorrhage in early pregnancy, unspecified	15	O20-O29	1
O21	Excessive vomiting in pregnancy	15	O20-O29	0
O21.0	Mild hyperemesis gravidarum	15	O20-O29	1
O21.1	Hyperemesis gravidarum with metabolic disturbance	15	O20-O29	1
O21.2	Late vomiting of pregnancy	15	O20-O29	1
O21.8	Other vomiting complicating pregnancy	15	O20-O29	1
O21.9	Vomiting of pregnancy, unspecified	15	O20-O29	1
O22	Venous complications and haemorrhoids in pregnancy	15	O20-O29	0
O22.0	Varicose veins of lower extremity in pregnancy	15	O20-O29	1
O22.1	Genital varices in pregnancy	15	O20-O29	1
O22.2	Superficial thrombophlebitis in pregnancy	15	O20-O29	1
O22.3	Deep phlebothrombosis in pregnancy	15	O20-O29	1
O22.4	Haemorrhoids in pregnancy	15	O20-O29	1
O22.5	Cerebral venous thrombosis in pregnancy	15	O20-O29	1
O22.8	Other venous complications in pregnancy	15	O20-O29	1
O22.9	Venous complication in pregnancy, unspecified	15	O20-O29	1
O23	Infections of genitourinary tract in pregnancy	15	O20-O29	0
O23.0	Infections of kidney in pregnancy	15	O20-O29	1
O23.1	Infections of bladder in pregnancy	15	O20-O29	1
O23.2	Infections of urethra in pregnancy	15	O20-O29	1
O23.3	Infections of other parts of urinary tract in pregnancy	15	O20-O29	1
O23.4	Unspecified infection of urinary tract in pregnancy	15	O20-O29	1
O23.5	Infections of the genital tract in pregnancy	15	O20-O29	1
O23.9	Other and unspecified genitourinary tract infection in pregnancy	15	O20-O29	1
O24	Diabetes mellitus in pregnancy	15	O20-O29	0
O24.0	Diabetes mellitus in pregnancy: Pre-existing diabetes mellitus, insulin-dependent	15	O20-O29	1
O24.1	Diabetes mellitus in pregnancy: Pre-existing diabetes mellitus, non-insulin-dependent	15	O20-O29	1
O24.2	Diabetes mellitus in pregnancy: Pre-existing malnutrition-related diabetes mellitus	15	O20-O29	1
O24.3	Diabetes mellitus in pregnancy: Pre-existing diabetes mellitus, unspecified	15	O20-O29	1
O24.4	Diabetes mellitus arising in pregnancy	15	O20-O29	1
O24.9	Diabetes mellitus in pregnancy, unspecified	15	O20-O29	1
O25	Malnutrition in pregnancy	15	O20-O29	1
O26	Maternal care for other conditions predominantly related to pregnancy	15	O20-O29	0
O26.0	Excessive weight gain in pregnancy	15	O20-O29	1
O26.1	Low weight gain in pregnancy	15	O20-O29	1
O26.2	Pregnancy care of habitual aborter	15	O20-O29	1
O26.3	Retained intrauterine contraceptive device in pregnancy	15	O20-O29	1
O26.4	Herpes gestationis	15	O20-O29	1
O26.5	Maternal hypotension syndrome	15	O20-O29	1
O26.6	Liver disorders in pregnancy, childbirth and the puerperium	15	O20-O29	1
O26.7	Subluxation of symphysis (pubis) in pregnancy, childbirth and the puerperium	15	O20-O29	1
O26.8	Other specified pregnancy-related conditions	15	O20-O29	1
O26.9	Pregnancy-related condition, unspecified	15	O20-O29	1
O28	Abnormal findings on antenatal screening of mother	15	O20-O29	0
O28.0	Abnormal haematological finding on antenatal screening of mother	15	O20-O29	1
O28.1	Abnormal biochemical finding on antenatal screening of mother	15	O20-O29	1
O28.2	Abnormal cytological finding on antenatal screening of mother	15	O20-O29	1
O28.3	Abnormal ultrasonic finding on antenatal screening of mother	15	O20-O29	1
O28.4	Abnormal radiological finding on antenatal screening of mother	15	O20-O29	1
O28.5	Abnormal chromosomal and genetic finding on antenatal screening of mother	15	O20-O29	1
O28.8	Other abnormal findings on antenatal screening of mother	15	O20-O29	1
O28.9	Abnormal finding on antenatal screening of mother, unspecified	15	O20-O29	1
O29	Complications of anaesthesia during pregnancy	15	O20-O29	0
O29.0	Pulmonary complications of anaesthesia during pregnancy	15	O20-O29	1
O29.1	Cardiac complications of anaesthesia during pregnancy	15	O20-O29	1
O29.2	Central nervous system complications of anaesthesia during pregnancy	15	O20-O29	1
O29.3	Toxic reaction to local anaesthesia during pregnancy	15	O20-O29	1
O29.4	Spinal and epidural anaesthesia-induced headache during pregnancy	15	O20-O29	1
O29.5	Other complications of spinal and epidural anaesthesia during pregnancy	15	O20-O29	1
O29.6	Failed or difficult intubation during pregnancy	15	O20-O29	1
O29.8	Other complications of anaesthesia during pregnancy	15	O20-O29	1
O29.9	Complication of anaesthesia during pregnancy, unspecified	15	O20-O29	1
O30	Multiple gestation	15	O30-O48	0
O30.0	Twin pregnancy	15	O30-O48	1
O30.1	Triplet pregnancy	15	O30-O48	1
O30.2	Quadruplet pregnancy	15	O30-O48	1
O30.8	Other multiple gestation	15	O30-O48	1
O30.9	Multiple gestation, unspecified	15	O30-O48	1
O31	Complications specific to multiple gestation	15	O30-O48	0
O31.0	Papyraceous fetus	15	O30-O48	1
O31.1	Continuing pregnancy after abortion of one fetus or more	15	O30-O48	1
O31.2	Continuing pregnancy after intrauterine death of one fetus or more	15	O30-O48	1
O31.8	Other complications specific to multiple gestation	15	O30-O48	1
O32	Maternal care for known or suspected malpresentation of fetus	15	O30-O48	0
O32.0	Maternal care for unstable lie	15	O30-O48	1
O32.1	Maternal care for breech presentation	15	O30-O48	1
O32.2	Maternal care for transverse and oblique lie	15	O30-O48	1
O32.3	Maternal care for face, brow and chin presentation	15	O30-O48	1
O32.4	Maternal care for high head at term	15	O30-O48	1
O32.5	Maternal care for multiple gestation with malpresentation of one fetus or more	15	O30-O48	1
O32.6	Maternal care for compound presentation	15	O30-O48	1
O32.8	Maternal care for other malpresentation of fetus	15	O30-O48	1
O32.9	Maternal care for malpresentation of fetus, unspecified	15	O30-O48	1
O33	Maternal care for known or suspected disproportion	15	O30-O48	0
O33.0	Maternal care for disproportion due to deformity of maternal pelvic bones	15	O30-O48	1
O33.1	Maternal care for disproportion due to generally contracted pelvis	15	O30-O48	1
O33.2	Maternal care for disproportion due to inlet contraction of pelvis	15	O30-O48	1
O33.3	Maternal care for disproportion due to outlet contraction of pelvis	15	O30-O48	1
O33.4	Maternal care for disproportion of mixed maternal and fetal origin	15	O30-O48	1
O33.5	Maternal care for disproportion due to unusually large fetus	15	O30-O48	1
O33.6	Maternal care for disproportion due to hydrocephalic fetus	15	O30-O48	1
O33.7	Maternal care for disproportion due to other fetal deformities	15	O30-O48	1
O33.8	Maternal care for disproportion of other origin	15	O30-O48	1
O33.9	Maternal care for disproportion, unspecified	15	O30-O48	1
O34	Maternal care for known or suspected abnormality of pelvic organs	15	O30-O48	0
O34.0	Maternal care for congenital malformation of uterus	15	O30-O48	1
O34.1	Maternal care for tumour of corpus uteri	15	O30-O48	1
O34.2	Maternal care due to uterine scar from previous surgery	15	O30-O48	1
O34.3	Maternal care for cervical incompetence	15	O30-O48	1
O34.4	Maternal care for other abnormalities of cervix	15	O30-O48	1
O34.5	Maternal care for other abnormalities of gravid uterus	15	O30-O48	1
O34.6	Maternal care for abnormality of vagina	15	O30-O48	1
O34.7	Maternal care for abnormality of vulva and perineum	15	O30-O48	1
O34.8	Maternal care for other abnormalities of pelvic organs	15	O30-O48	1
O34.9	Maternal care for abnormality of pelvic organ, unspecified	15	O30-O48	1
O35	Maternal care for known or suspected fetal abnormality and damage	15	O30-O48	0
O35.0	Maternal care for (suspected) central nervous system malformation in fetus	15	O30-O48	1
O35.1	Maternal care for (suspected) chromosomal abnormality in fetus	15	O30-O48	1
O35.2	Maternal care for (suspected) hereditary disease in fetus	15	O30-O48	1
O35.3	Maternal care for (suspected) damage to fetus from viral disease in mother	15	O30-O48	1
O35.4	Maternal care for (suspected) damage to fetus from alcohol	15	O30-O48	1
O35.5	Maternal care for (suspected) damage to fetus by drugs	15	O30-O48	1
O35.6	Maternal care for (suspected) damage to fetus by radiation	15	O30-O48	1
O35.7	Maternal care for (suspected) damage to fetus by other medical procedures	15	O30-O48	1
O35.8	Maternal care for other (suspected) fetal abnormality and damage	15	O30-O48	1
O35.9	Maternal care for (suspected) fetal abnormality and damage, unspecified	15	O30-O48	1
O36	Maternal care for other known or suspected fetal problems	15	O30-O48	0
O36.0	Maternal care for rhesus isoimmunization	15	O30-O48	1
O36.1	Maternal care for other isoimmunization	15	O30-O48	1
O36.2	Maternal care for hydrops fetalis	15	O30-O48	1
O36.3	Maternal care for signs of fetal hypoxia	15	O30-O48	1
O36.4	Maternal care for intrauterine death	15	O30-O48	1
O36.5	Maternal care for poor fetal growth	15	O30-O48	1
O36.6	Maternal care for excessive fetal growth	15	O30-O48	1
O36.7	Maternal care for viable fetus in abdominal pregnancy	15	O30-O48	1
O36.8	Maternal care for other specified fetal problems	15	O30-O48	1
O36.9	Maternal care for fetal problem, unspecified	15	O30-O48	1
O40	Polyhydramnios	15	O30-O48	1
O41	Other disorders of amniotic fluid and membranes	15	O30-O48	0
O41.0	Oligohydramnios	15	O30-O48	1
O41.1	Infection of amniotic sac and membranes	15	O30-O48	1
O41.8	Other specified disorders of amniotic fluid and membranes	15	O30-O48	1
O41.9	Disorder of amniotic fluid and membranes, unspecified	15	O30-O48	1
O42	Premature rupture of membranes	15	O30-O48	0
O42.0	Premature rupture of membranes, onset of labour within 24 hours	15	O30-O48	1
O42.1	Premature rupture of membranes, onset of labour after 24 hours	15	O30-O48	1
O42.2	Premature rupture of membranes, labour delayed by therapy	15	O30-O48	1
O42.9	Premature rupture of membranes, unspecified	15	O30-O48	1
O43	Placental disorders	15	O30-O48	0
O43.0	Placental transfusion syndromes	15	O30-O48	1
O43.1	Malformation of placenta	15	O30-O48	1
O43.2	Morbidly adherent placenta	15	O30-O48	1
O43.8	Other placental disorders	15	O30-O48	1
O43.9	Placental disorder, unspecified	15	O30-O48	1
O44	Placenta praevia	15	O30-O48	0
O44.0	Placenta praevia specified as without haemorrhage	15	O30-O48	1
O44.1	Placenta praevia with haemorrhage	15	O30-O48	1
O45	Premature separation of placenta [abruptio placentae]	15	O30-O48	0
O45.0	Premature separation of placenta with coagulation defect	15	O30-O48	1
O45.8	Other premature separation of placenta	15	O30-O48	1
O45.9	Premature separation of placenta, unspecified	15	O30-O48	1
O46	Antepartum haemorrhage, not elsewhere classified	15	O30-O48	0
O46.0	Antepartum haemorrhage with coagulation defect	15	O30-O48	1
O46.8	Other antepartum haemorrhage	15	O30-O48	1
O46.9	Antepartum haemorrhage, unspecified	15	O30-O48	1
O47	False labour	15	O30-O48	0
O47.0	False labour before 37 completed weeks of gestation	15	O30-O48	1
O47.1	False labour at or after 37 completed weeks of gestation	15	O30-O48	1
O47.9	False labour, unspecified	15	O30-O48	1
O48	Prolonged pregnancy	15	O30-O48	1
O60	Preterm labour and delivery	15	O60-O75	0
O60.0	Preterm labour without delivery	15	O60-O75	1
O60.1	Preterm spontaneous labour with preterm delivery	15	O60-O75	1
O60.2	Preterm spontaneous labour with term delivery	15	O60-O75	1
O60.3	Preterm delivery without spontaneous labour	15	O60-O75	1
O61	Failed induction of labour	15	O60-O75	0
O61.0	Failed medical induction of labour	15	O60-O75	1
O61.1	Failed instrumental induction of labour	15	O60-O75	1
O61.8	Other failed induction of labour	15	O60-O75	1
O61.9	Failed induction of labour, unspecified	15	O60-O75	1
O62	Abnormalities of forces of labour	15	O60-O75	0
O62.0	Primary inadequate contractions	15	O60-O75	1
O62.1	Secondary uterine inertia	15	O60-O75	1
O62.2	Other uterine inertia	15	O60-O75	1
O62.3	Precipitate labour	15	O60-O75	1
O62.4	Hypertonic, incoordinate, and prolonged uterine contractions	15	O60-O75	1
O62.8	Other abnormalities of forces of labour	15	O60-O75	1
O62.9	Abnormality of forces of labour, unspecified	15	O60-O75	1
O63	Long labour	15	O60-O75	0
O63.0	Prolonged first stage (of labour)	15	O60-O75	1
O63.1	Prolonged second stage (of labour)	15	O60-O75	1
O63.2	Delayed delivery of second twin, triplet, etc.	15	O60-O75	1
O63.9	Long labour, unspecified	15	O60-O75	1
O64	Obstructed labour due to malposition and malpresentation of fetus	15	O60-O75	0
O64.0	Obstructed labour due to incomplete rotation of fetal head	15	O60-O75	1
O64.1	Obstructed labour due to breech presentation	15	O60-O75	1
O64.2	Obstructed labour due to face presentation	15	O60-O75	1
O64.3	Obstructed labour due to brow presentation	15	O60-O75	1
O64.4	Obstructed labour due to shoulder presentation	15	O60-O75	1
O64.5	Obstructed labour due to compound presentation	15	O60-O75	1
O64.8	Obstructed labour due to other malposition and malpresentation	15	O60-O75	1
O64.9	Obstructed labour due to malposition and malpresentation, unspecified	15	O60-O75	1
O65	Obstructed labour due to maternal pelvic abnormality	15	O60-O75	0
O65.0	Obstructed labour due to deformed pelvis	15	O60-O75	1
O65.1	Obstructed labour due to generally contracted pelvis	15	O60-O75	1
O65.2	Obstructed labour due to pelvic inlet contraction	15	O60-O75	1
O65.3	Obstructed labour due to pelvic outlet and mid-cavity contraction	15	O60-O75	1
O65.4	Obstructed labour due to fetopelvic disproportion, unspecified	15	O60-O75	1
O65.5	Obstructed labour due to abnormality of maternal pelvic organs	15	O60-O75	1
O65.8	Obstructed labour due to other maternal pelvic abnormalities	15	O60-O75	1
O65.9	Obstructed labour due to maternal pelvic abnormality, unspecified	15	O60-O75	1
O66	Other obstructed labour	15	O60-O75	0
O66.0	Obstructed labour due to shoulder dystocia	15	O60-O75	1
O66.1	Obstructed labour due to locked twins	15	O60-O75	1
O66.2	Obstructed labour due to unusually large fetus	15	O60-O75	1
O66.3	Obstructed labour due to other abnormalities of fetus	15	O60-O75	1
O66.4	Failed trial of labour, unspecified	15	O60-O75	1
O66.5	Failed application of vacuum extractor and forceps, unspecified	15	O60-O75	1
O66.8	Other specified obstructed labour	15	O60-O75	1
O66.9	Obstructed labour, unspecified	15	O60-O75	1
O67	Labour and delivery complicated by intrapartum haemorrhage, not elsewhere classified	15	O60-O75	0
O67.0	Intrapartum haemorrhage with coagulation defect	15	O60-O75	1
O67.8	Other intrapartum haemorrhage	15	O60-O75	1
O67.9	Intrapartum haemorrhage, unspecified	15	O60-O75	1
O68	Labour and delivery complicated by fetal stress [distress]	15	O60-O75	0
O68.0	Labour and delivery complicated by fetal heart rate anomaly	15	O60-O75	1
O68.1	Labour and delivery complicated by meconium in amniotic fluid	15	O60-O75	1
O68.2	Labour and delivery complicated by fetal heart rate anomaly with meconium in amniotic fluid	15	O60-O75	1
O68.3	Labour and delivery complicated by biochemical evidence of fetal stress	15	O60-O75	1
O68.8	Labour and delivery complicated by other evidence of fetal stress	15	O60-O75	1
O68.9	Labour and delivery complicated by fetal stress, unspecified	15	O60-O75	1
O69	Labour and delivery complicated by umbilical cord complications	15	O60-O75	0
O69.0	Labour and delivery complicated by prolapse of cord	15	O60-O75	1
O69.1	Labour and delivery complicated by cord around neck, with compression	15	O60-O75	1
O69.2	Labour and delivery complicated by other cord entanglement, with compression	15	O60-O75	1
O69.3	Labour and delivery complicated by short cord	15	O60-O75	1
O69.4	Labour and delivery complicated by vasa praevia	15	O60-O75	1
O69.5	Labour and delivery complicated by vascular lesion of cord	15	O60-O75	1
O69.8	Labour and delivery complicated by other cord complications	15	O60-O75	1
O69.9	Labour and delivery complicated by cord complication, unspecified	15	O60-O75	1
O70	Perineal laceration during delivery	15	O60-O75	0
O70.0	First degree perineal laceration during delivery	15	O60-O75	1
O70.1	Second degree perineal laceration during delivery	15	O60-O75	1
O70.2	Third degree perineal laceration during delivery	15	O60-O75	1
O70.3	Fourth degree perineal laceration during delivery	15	O60-O75	1
O70.9	Perineal laceration during delivery, unspecified	15	O60-O75	1
O71	Other obstetric trauma	15	O60-O75	0
O71.0	Rupture of uterus before onset of labour	15	O60-O75	1
O71.1	Rupture of uterus during labour	15	O60-O75	1
O71.2	Postpartum inversion of uterus	15	O60-O75	1
O71.3	Obstetric laceration of cervix	15	O60-O75	1
O71.4	Obstetric high vaginal laceration	15	O60-O75	1
O71.5	Other obstetric injury to pelvic organs	15	O60-O75	1
O71.6	Obstetric damage to pelvic joints and ligaments	15	O60-O75	1
O71.7	Obstetric haematoma of pelvis	15	O60-O75	1
O71.8	Other specified obstetric trauma	15	O60-O75	1
O71.9	Obstetric trauma, unspecified	15	O60-O75	1
O72	Postpartum haemorrhage	15	O60-O75	0
O72.0	Third-stage haemorrhage	15	O60-O75	1
O72.1	Other immediate postpartum haemorrhage	15	O60-O75	1
O72.2	Delayed and secondary postpartum haemorrhage	15	O60-O75	1
O72.3	Postpartum coagulation defects	15	O60-O75	1
O73	Retained placenta and membranes, without haemorrhage	15	O60-O75	0
O73.0	Retained placenta without haemorrhage	15	O60-O75	1
O73.1	Retained portions of placenta and membranes, without haemorrhage	15	O60-O75	1
O74	Complications of anaesthesia during labour and delivery	15	O60-O75	0
O74.0	Aspiration pneumonitis due to anaesthesia during labour and delivery	15	O60-O75	1
O74.1	Other pulmonary complications of anaesthesia during labour and delivery	15	O60-O75	1
O74.2	Cardiac complications of anaesthesia during labour and delivery	15	O60-O75	1
O74.3	Central nervous system complications of anaesthesia during labour and delivery	15	O60-O75	1
O74.4	Toxic reaction to local anaesthesia during labour and delivery	15	O60-O75	1
O74.5	Spinal and epidural anaesthesia-induced headache during labour and delivery	15	O60-O75	1
O74.6	Other complications of spinal and epidural anaesthesia during labour and delivery	15	O60-O75	1
O74.7	Failed or difficult intubation during labour and delivery	15	O60-O75	1
O74.8	Other complications of anaesthesia during labour and delivery	15	O60-O75	1
O74.9	Complication of anaesthesia during labour and delivery, unspecified	15	O60-O75	1
O75	Other complications of labour and delivery, not elsewhere classified	15	O60-O75	0
O75.0	Maternal distress during labour and delivery	15	O60-O75	1
O75.1	Shock during or following labour and delivery	15	O60-O75	1
O75.2	Pyrexia during labour, not elsewhere classified	15	O60-O75	1
O75.3	Other infection during labour	15	O60-O75	1
O75.4	Other complications of obstetric surgery and procedures	15	O60-O75	1
O75.5	Delayed delivery after artificial rupture of membranes	15	O60-O75	1
O75.6	Delayed delivery after spontaneous or unspecified rupture of membranes	15	O60-O75	1
O75.7	Vaginal delivery following previous caesarean section	15	O60-O75	1
O75.8	Other specified complications of labour and delivery	15	O60-O75	1
O75.9	Complication of labour and delivery, unspecified	15	O60-O75	1
O80	Single spontaneous delivery	15	O80-O84	0
O80.0	Spontaneous vertex delivery	15	O80-O84	1
O80.1	Spontaneous breech delivery	15	O80-O84	1
O80.8	Other single spontaneous delivery	15	O80-O84	1
O80.9	Single spontaneous delivery, unspecified	15	O80-O84	1
O81	Single delivery by forceps and vacuum extractor	15	O80-O84	0
O81.0	Low forceps delivery	15	O80-O84	1
O81.1	Mid-cavity forceps delivery	15	O80-O84	1
O81.2	Mid-cavity forceps with rotation	15	O80-O84	1
O81.3	Other and unspecified forceps delivery	15	O80-O84	1
O81.4	Vacuum extractor delivery	15	O80-O84	1
O81.5	Delivery by combination of forceps and vacuum extractor	15	O80-O84	1
O82	Single delivery by caesarean section	15	O80-O84	0
O82.0	Delivery by elective caesarean section	15	O80-O84	1
O82.1	Delivery by emergency caesarean section	15	O80-O84	1
O82.2	Delivery by caesarean hysterectomy	15	O80-O84	1
O82.8	Other single delivery by caesarean section	15	O80-O84	1
O82.9	Delivery by caesarean section, unspecified	15	O80-O84	1
O83	Other assisted single delivery	15	O80-O84	0
O83.0	Breech extraction	15	O80-O84	1
O83.1	Other assisted breech delivery	15	O80-O84	1
O83.2	Other manipulation-assisted delivery	15	O80-O84	1
O83.3	Delivery of viable fetus in abdominal pregnancy	15	O80-O84	1
O83.4	Destructive operation for delivery	15	O80-O84	1
O83.8	Other specified assisted single delivery	15	O80-O84	1
O83.9	Assisted single delivery, unspecified	15	O80-O84	1
O84	Multiple delivery	15	O80-O84	0
O84.0	Multiple delivery, all spontaneous	15	O80-O84	1
O84.1	Multiple delivery, all by forceps and vacuum extractor	15	O80-O84	1
O84.2	Multiple delivery, all by caesarean section	15	O80-O84	1
O84.8	Other multiple delivery	15	O80-O84	1
O84.9	Multiple delivery, unspecified	15	O80-O84	1
O85	Puerperal sepsis	15	O85-O92	1
O86	Other puerperal infections	15	O85-O92	0
O86.0	Infection of obstetric surgical wound	15	O85-O92	1
O86.1	Other infection of genital tract following delivery	15	O85-O92	1
O86.2	Urinary tract infection following delivery	15	O85-O92	1
O86.3	Other genitourinary tract infections following delivery	15	O85-O92	1
O86.4	Pyrexia of unknown origin following delivery	15	O85-O92	1
O86.8	Other specified puerperal infections	15	O85-O92	1
O87	Venous complications and haemorrhoids in the puerperium	15	O85-O92	0
O87.0	Superficial thrombophlebitis in the puerperium	15	O85-O92	1
O87.1	Deep phlebothrombosis in the puerperium	15	O85-O92	1
O87.2	Haemorrhoids in the puerperium	15	O85-O92	1
O87.3	Cerebral venous thrombosis in the puerperium	15	O85-O92	1
O87.8	Other venous complications in the puerperium	15	O85-O92	1
O87.9	Venous complication in the puerperium, unspecified	15	O85-O92	1
O88	Obstetric embolism	15	O85-O92	0
O88.0	Obstetric air embolism	15	O85-O92	1
O88.1	Amniotic fluid embolism	15	O85-O92	1
O88.2	Obstetric blood-clot embolism	15	O85-O92	1
O88.3	Obstetric pyaemic and septic embolism	15	O85-O92	1
O88.8	Other obstetric embolism	15	O85-O92	1
O89	Complications of anaesthesia during the puerperium	15	O85-O92	0
O89.0	Pulmonary complications of anaesthesia during the puerperium	15	O85-O92	1
O89.1	Cardiac complications of anaesthesia during the puerperium	15	O85-O92	1
O89.2	Central nervous system complications of anaesthesia during the puerperium	15	O85-O92	1
O89.3	Toxic reaction to local anaesthesia during the puerperium	15	O85-O92	1
O89.4	Spinal and epidural anaesthesia-induced headache during the puerperium	15	O85-O92	1
O89.5	Other complications of spinal and epidural anaesthesia during the puerperium	15	O85-O92	1
O89.6	Failed or difficult intubation during the puerperium	15	O85-O92	1
O89.8	Other complications of anaesthesia during the puerperium	15	O85-O92	1
O89.9	Complication of anaesthesia during the puerperium, unspecified	15	O85-O92	1
O90	Complications of the puerperium, not elsewhere classified	15	O85-O92	0
O90.0	Disruption of caesarean section wound	15	O85-O92	1
O90.1	Disruption of perineal obstetric wound	15	O85-O92	1
O90.2	Haematoma of obstetric wound	15	O85-O92	1
O90.3	Cardiomyopathy in the puerperium	15	O85-O92	1
O90.4	Postpartum acute renal failure	15	O85-O92	1
O90.5	Postpartum thyroiditis	15	O85-O92	1
O90.8	Other complications of the puerperium, not elsewhere classified	15	O85-O92	1
O90.9	Complication of the puerperium, unspecified	15	O85-O92	1
O91	Infections of breast associated with childbirth	15	O85-O92	0
O91.0	Infection of nipple associated with childbirth	15	O85-O92	1
O91.1	Abscess of breast associated with childbirth	15	O85-O92	1
O91.2	Nonpurulent mastitis associated with childbirth	15	O85-O92	1
O92	Other disorders of breast and lactation associated with childbirth	15	O85-O92	0
O92.0	Retracted nipple associated with childbirth	15	O85-O92	1
O92.1	Cracked nipple associated with childbirth	15	O85-O92	1
O92.2	Other and unspecified disorders of breast associated with childbirth	15	O85-O92	1
O92.3	Agalactia	15	O85-O92	1
O92.4	Hypogalactia	15	O85-O92	1
O92.5	Suppressed lactation	15	O85-O92	1
O92.6	Galactorrhoea	15	O85-O92	1
O92.7	Other and unspecified disorders of lactation	15	O85-O92	1
O94	Sequelae of complication of pregnancy, childbirth and the puerperium	15	O94-O99	1
O95	Obstetric death of unspecified cause	15	O94-O99	1
O96	Death from any obstetric cause occurring more than 42 days but less than one year after delivery	15	O94-O99	0
O96.0	Death from direct obstetric cause occurring more   than 42 days but less than one year after delivery	15	O94-O99	1
O96.1	Death from indirect obstetric cause occurring more   than 42 days but less than one year after delivery	15	O94-O99	1
O96.9	Death from unspecified obstetric cause occurring more than 42 days but less than one year after delivery	15	O94-O99	1
O97	Death from sequelae of obstetric causes	15	O94-O99	0
O97.0	Death from sequelae of direct obstetric cause	15	O94-O99	1
O97.1	Death from sequelae of indirect obstetric cause	15	O94-O99	1
O97.9	Death from sequelae of obstetric cause, unspecified	15	O94-O99	1
O98	Maternal infectious and parasitic diseases classifiable elsewhere but complicating pregnancy, childbirth and the puerperium	15	O94-O99	0
O98.0	Tuberculosis complicating pregnancy, childbirth and the puerperium	15	O94-O99	1
O98.1	Syphilis complicating pregnancy, childbirth and the puerperium	15	O94-O99	1
O98.2	Gonorrhoea complicating pregnancy, childbirth and the puerperium	15	O94-O99	1
O98.3	Other infections with a predominantly sexual mode of transmission complicating pregnancy, childbirth and the puerperium	15	O94-O99	1
O98.4	Viral hepatitis complicating pregnancy, childbirth and the puerperium	15	O94-O99	1
O98.5	Other viral diseases complicating pregnancy, childbirth and the puerperium	15	O94-O99	1
O98.6	Protozoal diseases complicating pregnancy, childbirth and the puerperium	15	O94-O99	1
O98.7	Human immunodeficiency virus [HIV] disease complicating pregnancy, childbirth and the puerperium	15	O94-O99	1
O98.8	Other maternal infectious and parasitic diseases complicating pregnancy, childbirth and the puerperium	15	O94-O99	1
O98.9	Unspecified maternal infectious or parasitic disease complicating pregnancy, childbirth and the puerperium	15	O94-O99	1
O99	Other maternal diseases classifiable elsewhere but complicating pregnancy, childbirth and the puerperium	15	O94-O99	0
O99.0	Anaemia complicating pregnancy, childbirth and the puerperium	15	O94-O99	1
O99.1	Other diseases of the blood and blood-forming organs and certain disorders involving the immune mechanism complicating pregnancy, childbirth and the puerperium	15	O94-O99	1
O99.2	Endocrine, nutritional and metabolic diseases complicating pregnancy, childbirth and the puerperium	15	O94-O99	1
O99.3	Mental disorders and diseases of the nervous system complicating pregnancy, childbirth and the puerperium	15	O94-O99	1
O99.4	Diseases of the circulatory system complicating pregnancy, childbirth and the puerperium	15	O94-O99	1
O99.5	Diseases of the respiratory system complicating pregnancy, childbirth and the puerperium	15	O94-O99	1
O99.6	Diseases of the digestive system complicating pregnancy, childbirth and the puerperium	15	O94-O99	1
O99.7	Diseases of the skin and subcutaneous tissue complicating pregnancy, childbirth and the puerperium	15	O94-O99	1
O99.8	Other specified diseases and conditions complicating pregnancy, childbirth and the puerperium	15	O94-O99	1
P00	Fetus and newborn affected by maternal conditions that may be unrelated to present pregnancy	16	P00-P04	0
P00.0	Fetus and newborn affected by maternal hypertensive disorders	16	P00-P04	1
P00.1	Fetus and newborn affected by maternal renal and urinary tract diseases	16	P00-P04	1
P00.2	Fetus and newborn affected by maternal infectious and parasitic diseases	16	P00-P04	1
P00.3	Fetus and newborn affected by other maternal circulatory and respiratory diseases	16	P00-P04	1
P00.4	Fetus and newborn affected by maternal nutritional disorders	16	P00-P04	1
P00.5	Fetus and newborn affected by maternal injury	16	P00-P04	1
P00.6	Fetus and newborn affected by surgical procedure on mother	16	P00-P04	1
P00.7	Fetus and newborn affected by other medical procedures on mother, not elsewhere classified	16	P00-P04	1
P00.8	Fetus and newborn affected by other maternal conditions	16	P00-P04	1
P00.9	Fetus and newborn affected by unspecified maternal condition	16	P00-P04	1
P01	Fetus and newborn affected by maternal complications of pregnancy	16	P00-P04	0
P01.0	Fetus and newborn affected by incompetent cervix	16	P00-P04	1
P01.1	Fetus and newborn affected by premature rupture of membranes	16	P00-P04	1
P01.2	Fetus and newborn affected by oligohydramnios	16	P00-P04	1
P01.3	Fetus and newborn affected by polyhydramnios	16	P00-P04	1
P01.4	Fetus and newborn affected by ectopic pregnancy	16	P00-P04	1
P01.5	Fetus and newborn affected by multiple pregnancy	16	P00-P04	1
P01.6	Fetus and newborn affected by maternal death	16	P00-P04	1
P01.7	Fetus and newborn affected by malpresentation before labour	16	P00-P04	1
P01.8	Fetus and newborn affected by other maternal complications of pregnancy	16	P00-P04	1
P01.9	Fetus and newborn affected by maternal complication of pregnancy, unspecified	16	P00-P04	1
P02	Fetus and newborn affected by complications of placenta, cord and membranes	16	P00-P04	0
P02.0	Fetus and newborn affected by placenta praevia	16	P00-P04	1
P02.1	Fetus and newborn affected by other forms of placental separation and haemorrhage	16	P00-P04	1
P02.2	Fetus and newborn affected by other and unspecified morphological and functional abnormalities of placenta	16	P00-P04	1
P02.3	Fetus and newborn affected by placental transfusion syndromes	16	P00-P04	1
P02.4	Fetus and newborn affected by prolapsed cord	16	P00-P04	1
P02.5	Fetus and newborn affected by other compression of umbilical cord	16	P00-P04	1
P02.6	Fetus and newborn affected by other and unspecified conditions of umbilical cord	16	P00-P04	1
P02.7	Fetus and newborn affected by chorioamnionitis	16	P00-P04	1
P02.8	Fetus and newborn affected by other abnormalities of membranes	16	P00-P04	1
P02.9	Fetus and newborn affected by abnormality of membranes, unspecified	16	P00-P04	1
P03	Fetus and newborn affected by other complications of labour and delivery	16	P00-P04	0
P03.0	Fetus and newborn affected by breech delivery and extraction	16	P00-P04	1
P03.1	Fetus and newborn affected by other malpresentation, malposition and disproportion during labour and delivery	16	P00-P04	1
P03.2	Fetus and newborn affected by forceps delivery	16	P00-P04	1
P03.3	Fetus and newborn affected by delivery by vacuum extractor [ventouse]	16	P00-P04	1
P03.4	Fetus and newborn affected by caesarean delivery	16	P00-P04	1
P03.5	Fetus and newborn affected by precipitate delivery	16	P00-P04	1
P03.6	Fetus and newborn affected by abnormal uterine contractions	16	P00-P04	1
P03.8	Fetus and newborn affected by other specified complications of labour and delivery	16	P00-P04	1
P03.9	Fetus and newborn affected by complication of labour and delivery, unspecified	16	P00-P04	1
P04	Fetus and newborn affected by noxious influences transmitted via placenta or breast milk	16	P00-P04	0
P04.0	Fetus and newborn affected by maternal anaesthesia and analgesia in pregnancy, labour and delivery	16	P00-P04	1
P04.1	Fetus and newborn affected by other maternal medication	16	P00-P04	1
P04.2	Fetus and newborn affected by maternal use of tobacco	16	P00-P04	1
P04.3	Fetus and newborn affected by maternal use of alcohol	16	P00-P04	1
P04.4	Fetus and newborn affected by maternal use of drugs of addiction	16	P00-P04	1
P04.5	Fetus and newborn affected by maternal use of nutritional chemical substances	16	P00-P04	1
P04.6	Fetus and newborn affected by maternal exposure to environmental chemical substances	16	P00-P04	1
P04.8	Fetus and newborn affected by other maternal noxious influences	16	P00-P04	1
P04.9	Fetus and newborn affected by maternal noxious influence, unspecified	16	P00-P04	1
P05	Slow fetal growth and fetal malnutrition	16	P05-P08	0
P05.0	Light for gestational age	16	P05-P08	1
P05.1	Small for gestational age	16	P05-P08	1
P05.2	Fetal malnutrition without mention of light or small for gestational age	16	P05-P08	1
P05.9	Slow fetal growth, unspecified	16	P05-P08	1
P07	Disorders related to short gestation and low birth weight, not elsewhere classified	16	P05-P08	0
P07.0	Extremely low birth weight	16	P05-P08	1
P07.1	Other low birth weight	16	P05-P08	1
P07.2	Extreme immaturity	16	P05-P08	1
P07.3	Other preterm infants	16	P05-P08	1
P08	Disorders related to long gestation and high birth weight	16	P05-P08	0
P08.0	Exceptionally large baby	16	P05-P08	1
P08.1	Other heavy for gestational age infants	16	P05-P08	1
P08.2	Post-term infant, not heavy for gestational age	16	P05-P08	1
P10	Intracranial laceration and haemorrhage due to birth injury	16	P10-P15	0
P10.0	Subdural haemorrhage due to birth injury	16	P10-P15	1
P10.1	Cerebral haemorrhage due to birth injury	16	P10-P15	1
P10.2	Intraventricular haemorrhage due to birth injury	16	P10-P15	1
P10.3	Subarachnoid haemorrhage due to birth injury	16	P10-P15	1
P10.4	Tentorial tear due to birth injury	16	P10-P15	1
P10.8	Other intracranial lacerations and haemorrhages due to birth injury	16	P10-P15	1
P10.9	Unspecified intracranial laceration and haemorrhage due to birth injury	16	P10-P15	1
P11	Other birth injuries to central nervous system	16	P10-P15	0
P11.0	Cerebral oedema due to birth injury	16	P10-P15	1
P11.1	Other specified brain damage due to birth injury	16	P10-P15	1
P11.2	Unspecified brain damage due to birth injury	16	P10-P15	1
P11.3	Birth injury to facial nerve	16	P10-P15	1
P11.4	Birth injury to other cranial nerves	16	P10-P15	1
P11.5	Birth injury to spine and spinal cord	16	P10-P15	1
P11.9	Birth injury to central nervous system, unspecified	16	P10-P15	1
P12	Birth injury to scalp	16	P10-P15	0
P12.0	Cephalhaematoma due to birth injury	16	P10-P15	1
P12.1	Chignon due to birth injury	16	P10-P15	1
P12.2	Epicranial subaponeurotic haemorrhage due to birth injury	16	P10-P15	1
P12.3	Bruising of scalp due to birth injury	16	P10-P15	1
P12.4	Monitoring injury of scalp of newborn	16	P10-P15	1
P12.8	Other birth injuries to scalp	16	P10-P15	1
P12.9	Birth injury to scalp, unspecified	16	P10-P15	1
P13	Birth injury to skeleton	16	P10-P15	0
P13.0	Fracture of skull due to birth injury	16	P10-P15	1
P13.1	Other birth injuries to skull	16	P10-P15	1
P13.2	Birth injury to femur	16	P10-P15	1
P13.3	Birth injury to other long bones	16	P10-P15	1
P13.4	Fracture of clavicle due to birth injury	16	P10-P15	1
P13.8	Birth injuries to other parts of skeleton	16	P10-P15	1
P13.9	Birth injury to skeleton, unspecified	16	P10-P15	1
P14	Birth injury to peripheral nervous system	16	P10-P15	0
P14.0	Erb paralysis due to birth injury	16	P10-P15	1
P14.1	Klumpke paralysis due to birth injury	16	P10-P15	1
P14.2	Phrenic nerve paralysis due to birth injury	16	P10-P15	1
P14.3	Other brachial plexus birth injuries	16	P10-P15	1
P14.8	Birth injuries to other parts of peripheral nervous system	16	P10-P15	1
P14.9	Birth injury to peripheral nervous system, unspecified	16	P10-P15	1
P15	Other birth injuries	16	P10-P15	0
P15.0	Birth injury to liver	16	P10-P15	1
P15.1	Birth injury to spleen	16	P10-P15	1
P15.2	Sternomastoid injury due to birth injury	16	P10-P15	1
P15.3	Birth injury to eye	16	P10-P15	1
P15.4	Birth injury to face	16	P10-P15	1
P15.5	Birth injury to external genitalia	16	P10-P15	1
P15.6	Subcutaneous fat necrosis due to birth injury	16	P10-P15	1
P15.8	Other specified birth injuries	16	P10-P15	1
P15.9	Birth injury, unspecified	16	P10-P15	1
P20	Intrauterine hypoxia	16	P20-P29	0
P20.0	Intrauterine hypoxia first noted before onset of labour	16	P20-P29	1
P20.1	Intrauterine hypoxia first noted during labour and delivery	16	P20-P29	1
P20.9	Intrauterine hypoxia, unspecified	16	P20-P29	1
P21	Birth asphyxia	16	P20-P29	0
P21.0	Severe birth asphyxia	16	P20-P29	1
P21.1	Mild and moderate birth asphyxia	16	P20-P29	1
P21.9	Birth asphyxia, unspecified	16	P20-P29	1
P22	Respiratory distress of newborn	16	P20-P29	0
P22.0	Respiratory distress syndrome of newborn	16	P20-P29	1
P22.1	Transient tachypnoea of newborn	16	P20-P29	1
P22.8	Other respiratory distress of newborn	16	P20-P29	1
P22.9	Respiratory distress of newborn, unspecified	16	P20-P29	1
P23	Congenital pneumonia	16	P20-P29	0
P23.0	Congenital pneumonia due to viral agent	16	P20-P29	1
P23.1	Congenital pneumonia due to Chlamydia	16	P20-P29	1
P23.2	Congenital pneumonia due to staphylococcus	16	P20-P29	1
P23.3	Congenital pneumonia due to streptococcus, group B	16	P20-P29	1
P23.4	Congenital pneumonia due to Escherichia coli	16	P20-P29	1
P23.5	Congenital pneumonia due to Pseudomonas	16	P20-P29	1
P23.6	Congenital pneumonia due to other bacterial agents	16	P20-P29	1
P23.8	Congenital pneumonia due to other organisms	16	P20-P29	1
P23.9	Congenital pneumonia, unspecified	16	P20-P29	1
P24	Neonatal aspiration syndromes	16	P20-P29	0
P24.0	Neonatal aspiration of meconium	16	P20-P29	1
P24.1	Neonatal aspiration of amniotic fluid and mucus	16	P20-P29	1
P24.2	Neonatal aspiration of blood	16	P20-P29	1
P24.3	Neonatal aspiration of milk and regurgitated food	16	P20-P29	1
P24.8	Other neonatal aspiration syndromes	16	P20-P29	1
P24.9	Neonatal aspiration syndrome, unspecified	16	P20-P29	1
P25	Interstitial emphysema and related conditions originating in the perinatal period	16	P20-P29	0
P25.0	Interstitial emphysema originating in the perinatal period	16	P20-P29	1
P25.1	Pneumothorax originating in the perinatal period	16	P20-P29	1
P25.2	Pneumomediastinum originating in the perinatal period	16	P20-P29	1
P25.3	Pneumopericardium originating in the perinatal period	16	P20-P29	1
P25.8	Other conditions related to interstitial emphysema originating in the perinatal period	16	P20-P29	1
P26	Pulmonary haemorrhage originating in the perinatal period	16	P20-P29	0
P26.0	Tracheobronchial haemorrhage originating in the perinatal period	16	P20-P29	1
P26.1	Massive pulmonary haemorrhage originating in the perinatal period	16	P20-P29	1
P26.8	Other pulmonary haemorrhages originating in the perinatal period	16	P20-P29	1
P26.9	Unspecified pulmonary haemorrhage originating in the perinatal period	16	P20-P29	1
P27	Chronic respiratory disease originating in the perinatal period	16	P20-P29	0
P27.0	Wilson-Mikity syndrome	16	P20-P29	1
P27.1	Bronchopulmonary dysplasia originating in the perinatal period	16	P20-P29	1
P27.8	Other chronic respiratory diseases originating in the perinatal period	16	P20-P29	1
P27.9	Unspecified chronic respiratory disease originating in the perinatal period	16	P20-P29	1
P28	Other respiratory conditions originating in the perinatal period	16	P20-P29	0
P28.0	Primary atelectasis of newborn	16	P20-P29	1
P28.1	Other and unspecified atelectasis of newborn	16	P20-P29	1
P28.2	Cyanotic attacks of newborn	16	P20-P29	1
P28.3	Primary sleep apnoea of newborn	16	P20-P29	1
P28.4	Other apnoea of newborn	16	P20-P29	1
P28.5	Respiratory failure of newborn	16	P20-P29	1
P28.8	Other specified respiratory conditions of newborn	16	P20-P29	1
P28.9	Respiratory condition of newborn, unspecified	16	P20-P29	1
P29	Cardiovascular disorders originating in the perinatal period	16	P20-P29	0
P29.0	Neonatal cardiac failure	16	P20-P29	1
P29.1	Neonatal cardiac dysrhythmia	16	P20-P29	1
P29.2	Neonatal hypertension	16	P20-P29	1
P29.3	Persistent fetal circulation	16	P20-P29	1
P29.4	Transient myocardial ischaemia of newborn	16	P20-P29	1
P29.8	Other cardiovascular disorders originating in the perinatal period	16	P20-P29	1
P29.9	Cardiovascular disorder originating in the perinatal period, unspecified	16	P20-P29	1
P35	Congenital viral diseases	16	P35-P39	0
P35.0	Congenital rubella syndrome	16	P35-P39	1
P35.1	Congenital cytomegalovirus infection	16	P35-P39	1
P35.2	Congenital herpesviral [herpes simplex] infection	16	P35-P39	1
P35.3	Congenital viral hepatitis	16	P35-P39	1
P35.4	Congenital Zika virus disease	16	P35-P39	1
P35.8	Other congenital viral diseases	16	P35-P39	1
P35.9	Congenital viral disease, unspecified	16	P35-P39	1
P36	Bacterial sepsis of newborn	16	P35-P39	0
P36.0	Sepsis of newborn due to streptococcus, group B	16	P35-P39	1
P36.1	Sepsis of newborn due to other and unspecified streptococci	16	P35-P39	1
P36.2	Sepsis of newborn due to Staphylococcus aureus	16	P35-P39	1
P36.3	Sepsis of newborn due to other and unspecified staphylococci	16	P35-P39	1
P36.4	Sepsis of newborn due to Escherichia coli	16	P35-P39	1
P36.5	Sepsis of newborn due to anaerobes	16	P35-P39	1
P36.8	Other bacterial sepsis of newborn	16	P35-P39	1
P36.9	Bacterial sepsis of newborn, unspecified	16	P35-P39	1
P37	Other congenital infectious and parasitic diseases	16	P35-P39	0
P37.0	Congenital tuberculosis	16	P35-P39	1
P37.1	Congenital toxoplasmosis	16	P35-P39	1
P37.2	Neonatal (disseminated) listeriosis	16	P35-P39	1
P37.3	Congenital falciparum malaria	16	P35-P39	1
P37.4	Other congenital malaria	16	P35-P39	1
P37.5	Neonatal candidiasis	16	P35-P39	1
P37.8	Other specified congenital infectious and parasitic diseases	16	P35-P39	1
P37.9	Congenital infectious and parasitic disease, unspecified	16	P35-P39	1
P38	Omphalitis of newborn with or without mild haemorrhage	16	P35-P39	1
P39	Other infections specific to the perinatal period	16	P35-P39	0
P39.0	Neonatal infective mastitis	16	P35-P39	1
P39.1	Neonatal conjunctivitis and dacryocystitis	16	P35-P39	1
P39.2	Intra-amniotic infection of fetus, not elsewhere classified	16	P35-P39	1
P39.3	Neonatal urinary tract infection	16	P35-P39	1
P39.4	Neonatal skin infection	16	P35-P39	1
P39.8	Other specified infections specific to the perinatal period	16	P35-P39	1
P39.9	Infection specific to the perinatal period, unspecified	16	P35-P39	1
P50	Fetal blood loss	16	P50-P61	0
P50.0	Fetal blood loss from vasa praevia	16	P50-P61	1
P50.1	Fetal blood loss from ruptured cord	16	P50-P61	1
P50.2	Fetal blood loss from placenta	16	P50-P61	1
P50.3	Haemorrhage into co-twin	16	P50-P61	1
P50.4	Haemorrhage into maternal circulation	16	P50-P61	1
P50.5	Fetal blood loss from cut end of co-twin's cord	16	P50-P61	1
P50.8	Other fetal blood loss	16	P50-P61	1
P50.9	Fetal blood loss, unspecified	16	P50-P61	1
P51	Umbilical haemorrhage of newborn	16	P50-P61	0
P51.0	Massive umbilical haemorrhage of newborn	16	P50-P61	1
P51.8	Other umbilical haemorrhages of newborn	16	P50-P61	1
P51.9	Umbilical haemorrhage of newborn, unspecified	16	P50-P61	1
P52	Intracranial nontraumatic haemorrhage of fetus and newborn	16	P50-P61	0
P52.0	Intraventricular (nontraumatic) haemorrhage, grade 1, of fetus and newborn	16	P50-P61	1
P52.1	Intraventricular (nontraumatic) haemorrhage, grade 2, of fetus and newborn	16	P50-P61	1
P52.2	Intraventricular (nontraumatic) haemorrhage, grade 3, and grade 4 of fetus and newborn	16	P50-P61	1
P52.3	Unspecified intraventricular (nontraumatic) haemorrhage of fetus and newborn	16	P50-P61	1
P52.4	Intracerebral (nontraumatic) haemorrhage of fetus and newborn	16	P50-P61	1
P52.5	Subarachnoid (nontraumatic) haemorrhage of fetus and newborn	16	P50-P61	1
P52.6	Cerebellar (nontraumatic) and posterior fossa haemorrhage of fetus and newborn	16	P50-P61	1
P52.8	Other intracranial (nontraumatic) haemorrhages of fetus and newborn	16	P50-P61	1
P52.9	Intracranial (nontraumatic) haemorrhage of fetus and newborn, unspecified	16	P50-P61	1
P53	Haemorrhagic disease of fetus and newborn	16	P50-P61	1
P54	Other neonatal haemorrhages	16	P50-P61	0
P54.0	Neonatal haematemesis	16	P50-P61	1
P54.1	Neonatal melaena	16	P50-P61	1
P54.2	Neonatal rectal haemorrhage	16	P50-P61	1
P54.3	Other neonatal gastrointestinal haemorrhage	16	P50-P61	1
P54.4	Neonatal adrenal haemorrhage	16	P50-P61	1
P54.5	Neonatal cutaneous haemorrhage	16	P50-P61	1
P54.6	Neonatal vaginal haemorrhage	16	P50-P61	1
P54.8	Other specified neonatal haemorrhages	16	P50-P61	1
P54.9	Neonatal haemorrhage, unspecified	16	P50-P61	1
P55	Haemolytic disease of fetus and newborn	16	P50-P61	0
P55.0	Rh isoimmunization of fetus and newborn	16	P50-P61	1
P55.1	ABO isoimmunization of fetus and newborn	16	P50-P61	1
P55.8	Other haemolytic diseases of fetus and newborn	16	P50-P61	1
P55.9	Haemolytic disease of fetus and newborn, unspecified	16	P50-P61	1
P56	Hydrops fetalis due to haemolytic disease	16	P50-P61	0
P56.0	Hydrops fetalis due to isoimmunization	16	P50-P61	1
P56.9	Hydrops fetalis due to other and unspecified haemolytic disease	16	P50-P61	1
P57	Kernicterus	16	P50-P61	0
P57.0	Kernicterus due to isoimmunization	16	P50-P61	1
P57.8	Other specified kernicterus	16	P50-P61	1
P57.9	Kernicterus, unspecified	16	P50-P61	1
P58	Neonatal jaundice due to other excessive haemolysis	16	P50-P61	0
P58.0	Neonatal jaundice due to bruising	16	P50-P61	1
P58.1	Neonatal jaundice due to bleeding	16	P50-P61	1
P58.2	Neonatal jaundice due to infection	16	P50-P61	1
P58.3	Neonatal jaundice due to polycythaemia	16	P50-P61	1
P58.4	Neonatal jaundice due to drugs or toxins transmitted from mother or given to newborn	16	P50-P61	1
P58.5	Neonatal jaundice due to swallowed maternal blood	16	P50-P61	1
P58.8	Neonatal jaundice due to other specified excessive haemolysis	16	P50-P61	1
P58.9	Neonatal jaundice due to excessive haemolysis, unspecified	16	P50-P61	1
P59	Neonatal jaundice from other and unspecified causes	16	P50-P61	0
P59.0	Neonatal jaundice associated with preterm delivery	16	P50-P61	1
P59.1	Inspissated bile syndrome	16	P50-P61	1
P59.2	Neonatal jaundice from other and unspecified hepatocellular damage	16	P50-P61	1
P59.3	Neonatal jaundice from breast milk inhibitor	16	P50-P61	1
P59.8	Neonatal jaundice from other specified causes	16	P50-P61	1
P59.9	Neonatal jaundice, unspecified	16	P50-P61	1
P60	Disseminated intravascular coagulation of fetus and newborn	16	P50-P61	1
P61	Other perinatal haematological disorders	16	P50-P61	0
P61.0	Transient neonatal thrombocytopenia	16	P50-P61	1
P61.1	Polycythaemia neonatorum	16	P50-P61	1
P61.2	Anaemia of prematurity	16	P50-P61	1
P61.3	Congenital anaemia from fetal blood loss	16	P50-P61	1
P61.4	Other congenital anaemias, not elsewhere classified	16	P50-P61	1
P61.5	Transient neonatal neutropenia	16	P50-P61	1
P61.6	Other transient neonatal disorders of coagulation	16	P50-P61	1
P61.8	Other specified perinatal haematological disorders	16	P50-P61	1
P61.9	Perinatal haematological disorder, unspecified	16	P50-P61	1
P70	Transitory disorders of carbohydrate metabolism specific to fetus and newborn	16	P70-P74	0
P70.0	Syndrome of infant of mother with gestational diabetes	16	P70-P74	1
P70.1	Syndrome of infant of a diabetic mother	16	P70-P74	1
P70.2	Neonatal diabetes mellitus	16	P70-P74	1
P70.3	Iatrogenic neonatal hypoglycaemia	16	P70-P74	1
P70.4	Other neonatal hypoglycaemia	16	P70-P74	1
P70.8	Other transitory disorders of carbohydrate metabolism of fetus and newborn	16	P70-P74	1
P70.9	Transitory disorder of carbohydrate metabolism of fetus and newborn, unspecified	16	P70-P74	1
P71	Transitory neonatal disorders of calcium and magnesium metabolism	16	P70-P74	0
P71.0	Cow milk hypocalcaemia in newborn	16	P70-P74	1
P71.1	Other neonatal hypocalcaemia	16	P70-P74	1
P71.2	Neonatal hypomagnesaemia	16	P70-P74	1
P71.3	Neonatal tetany without calcium or magnesium deficiency	16	P70-P74	1
P71.4	Transitory neonatal hypoparathyroidism	16	P70-P74	1
P71.8	Other transitory neonatal disorders of calcium and magnesium metabolism	16	P70-P74	1
P71.9	Transitory neonatal disorder of calcium and magnesium metabolism, unspecified	16	P70-P74	1
P72	Other transitory neonatal endocrine disorders	16	P70-P74	0
P72.0	Neonatal goitre, not elsewhere classified	16	P70-P74	1
P72.1	Transitory neonatal hyperthyroidism	16	P70-P74	1
P72.2	Other transitory neonatal disorders of thyroid function, not elsewhere classified	16	P70-P74	1
P72.8	Other specified transitory neonatal endocrine disorders	16	P70-P74	1
P72.9	Transitory neonatal endocrine disorder, unspecified	16	P70-P74	1
P74	Other transitory neonatal electrolyte and metabolic disturbances	16	P70-P74	0
P74.0	Late metabolic acidosis of newborn	16	P70-P74	1
P74.1	Dehydration of newborn	16	P70-P74	1
P74.2	Disturbances of sodium balance of newborn	16	P70-P74	1
P74.3	Disturbances of potassium balance of newborn	16	P70-P74	1
P74.4	Other transitory electrolyte disturbances of newborn	16	P70-P74	1
P74.5	Transitory tyrosinaemia of newborn	16	P70-P74	1
P74.8	Other transitory metabolic disturbances of newborn	16	P70-P74	1
P74.9	Transitory metabolic disturbance of newborn, unspecified	16	P70-P74	1
P75	Meconium ileus in cystic fibrosis	16	P75-P78	1
P76	Other intestinal obstruction of newborn	16	P75-P78	0
P76.0	Meconium plug syndrome	16	P75-P78	1
P76.1	Transitory ileus of newborn	16	P75-P78	1
P76.2	Intestinal obstruction due to inspissated milk	16	P75-P78	1
P76.8	Other specified intestinal obstruction of newborn	16	P75-P78	1
P76.9	Intestinal obstruction of newborn, unspecified	16	P75-P78	1
P77	Necrotizing enterocolitis of fetus and newborn	16	P75-P78	1
P78	Other perinatal digestive system disorders	16	P75-P78	0
P78.0	Perinatal intestinal perforation	16	P75-P78	1
P78.1	Other neonatal peritonitis	16	P75-P78	1
P78.2	Neonatal haematemesis and melaena due to swallowed maternal blood	16	P75-P78	1
P78.3	Noninfective neonatal diarrhoea	16	P75-P78	1
P78.8	Other specified perinatal digestive system disorders	16	P75-P78	1
P78.9	Perinatal digestive system disorder, unspecified	16	P75-P78	1
P80	Hypothermia of newborn	16	P80-P83	0
P80.0	Cold injury syndrome	16	P80-P83	1
P80.8	Other hypothermia of newborn	16	P80-P83	1
P80.9	Hypothermia of newborn, unspecified	16	P80-P83	1
P81	Other disturbances of temperature regulation of newborn	16	P80-P83	0
P81.0	Environmental hyperthermia of newborn	16	P80-P83	1
P81.8	Other specified disturbances of temperature regulation of newborn	16	P80-P83	1
P81.9	Disturbance of temperature regulation of newborn, unspecified	16	P80-P83	1
P83	Other conditions of integument specific to fetus and newborn	16	P80-P83	0
P83.0	Sclerema neonatorum	16	P80-P83	1
P83.1	Neonatal erythema toxicum	16	P80-P83	1
P83.2	Hydrops fetalis not due to haemolytic disease	16	P80-P83	1
P83.3	Other and unspecified oedema specific to fetus and newborn	16	P80-P83	1
P83.4	Breast engorgement of newborn	16	P80-P83	1
P83.5	Congenital hydrocele	16	P80-P83	1
P83.6	Umbilical polyp of newborn	16	P80-P83	1
P83.8	Other specified conditions of integument specific to fetus and newborn	16	P80-P83	1
P83.9	Condition of integument specific to fetus and newborn, unspecified	16	P80-P83	1
P90	Convulsions of newborn	16	P90-P96	1
P91	Other disturbances of cerebral status of newborn	16	P90-P96	0
P91.0	Neonatal cerebral ischaemia	16	P90-P96	1
P91.1	Acquired periventricular cysts of newborn	16	P90-P96	1
P91.2	Neonatal cerebral leukomalacia	16	P90-P96	1
P91.3	Neonatal cerebral irritability	16	P90-P96	1
P91.4	Neonatal cerebral depression	16	P90-P96	1
P91.5	Neonatal coma	16	P90-P96	1
P91.6	Hypoxic ischaemic encephalopathy of newborn	16	P90-P96	1
P91.7	Acquired hydrocephalus of newborn	16	P90-P96	1
P91.8	Other specified disturbances of cerebral status of newborn	16	P90-P96	1
P91.9	Disturbance of cerebral status of newborn, unspecified	16	P90-P96	1
P92	Feeding problems of newborn	16	P90-P96	0
P92.0	Vomiting in newborn	16	P90-P96	1
P92.1	Regurgitation and rumination in newborn	16	P90-P96	1
P92.2	Slow feeding of newborn	16	P90-P96	1
P92.3	Underfeeding of newborn	16	P90-P96	1
P92.4	Overfeeding of newborn	16	P90-P96	1
P92.5	Neonatal difficulty in feeding at breast	16	P90-P96	1
P92.8	Other feeding problems of newborn	16	P90-P96	1
P92.9	Feeding problem of newborn, unspecified	16	P90-P96	1
P93	Reactions and intoxications due to drugs administered to fetus and newborn	16	P90-P96	1
P94	Disorders of muscle tone of newborn	16	P90-P96	0
P94.0	Transient neonatal myasthenia gravis	16	P90-P96	1
P94.1	Congenital hypertonia	16	P90-P96	1
P94.2	Congenital hypotonia	16	P90-P96	1
P94.8	Other disorders of muscle tone of newborn	16	P90-P96	1
P94.9	Disorder of muscle tone of newborn, unspecified	16	P90-P96	1
P95	Fetal death of unspecified cause	16	P90-P96	1
P96	Other conditions originating in the perinatal period	16	P90-P96	0
P96.0	Congenital renal failure	16	P90-P96	1
P96.1	Neonatal withdrawal symptoms from maternal use of drugs of addiction	16	P90-P96	1
P96.2	Withdrawal symptoms from therapeutic use of drugs in newborn	16	P90-P96	1
P96.3	Wide cranial sutures of newborn	16	P90-P96	1
P96.4	Termination of pregnancy, affecting fetus and newborn	16	P90-P96	1
P96.5	Complications of intrauterine procedures, not elsewhere classified	16	P90-P96	1
P96.8	Other specified conditions originating in the perinatal period	16	P90-P96	1
P96.9	Condition originating in the perinatal period, unspecified	16	P90-P96	1
Q00	Anencephaly and similar malformations	17	Q00-Q07	0
Q00.0	Anencephaly	17	Q00-Q07	1
Q00.1	Craniorachischisis	17	Q00-Q07	1
Q00.2	Iniencephaly	17	Q00-Q07	1
Q01	Encephalocele	17	Q00-Q07	0
Q01.0	Frontal encephalocele	17	Q00-Q07	1
Q01.1	Nasofrontal encephalocele	17	Q00-Q07	1
Q01.2	Occipital encephalocele	17	Q00-Q07	1
Q01.8	Encephalocele of other sites	17	Q00-Q07	1
Q01.9	Encephalocele, unspecified	17	Q00-Q07	1
Q02	Microcephaly	17	Q00-Q07	1
Q03	Congenital hydrocephalus	17	Q00-Q07	0
Q03.0	Malformations of aqueduct of Sylvius	17	Q00-Q07	1
Q03.1	Atresia of foramina of Magendie and Luschka	17	Q00-Q07	1
Q03.8	Other congenital hydrocephalus	17	Q00-Q07	1
Q03.9	Congenital hydrocephalus, unspecified	17	Q00-Q07	1
Q04	Other congenital malformations of brain	17	Q00-Q07	0
Q04.0	Congenital malformations of corpus callosum	17	Q00-Q07	1
Q04.1	Arhinencephaly	17	Q00-Q07	1
Q04.2	Holoprosencephaly	17	Q00-Q07	1
Q04.3	Other reduction deformities of brain	17	Q00-Q07	1
Q04.4	Septo-optic dysplasia	17	Q00-Q07	1
Q04.5	Megalencephaly	17	Q00-Q07	1
Q04.6	Congenital cerebral cysts	17	Q00-Q07	1
Q04.8	Other specified congenital malformations of brain	17	Q00-Q07	1
Q04.9	Congenital malformation of brain, unspecified	17	Q00-Q07	1
Q05	Spina bifida	17	Q00-Q07	0
Q05.0	Cervical spina bifida with hydrocephalus	17	Q00-Q07	1
Q05.1	Thoracic spina bifida with hydrocephalus	17	Q00-Q07	1
Q05.2	Lumbar spina bifida with hydrocephalus	17	Q00-Q07	1
Q05.3	Sacral spina bifida with hydrocephalus	17	Q00-Q07	1
Q05.4	Unspecified spina bifida with hydrocephalus	17	Q00-Q07	1
Q05.5	Cervical spina bifida without hydrocephalus	17	Q00-Q07	1
Q05.6	Thoracic spina bifida without hydrocephalus	17	Q00-Q07	1
Q05.7	Lumbar spina bifida without hydrocephalus	17	Q00-Q07	1
Q05.8	Sacral spina bifida without hydrocephalus	17	Q00-Q07	1
Q05.9	Spina bifida, unspecified	17	Q00-Q07	1
Q06	Other congenital malformations of spinal cord	17	Q00-Q07	0
Q06.0	Amyelia	17	Q00-Q07	1
Q06.1	Hypoplasia and dysplasia of spinal cord	17	Q00-Q07	1
Q06.2	Diastematomyelia	17	Q00-Q07	1
Q06.3	Other congenital cauda equina malformations	17	Q00-Q07	1
Q06.4	Hydromyelia	17	Q00-Q07	1
Q06.8	Other specified congenital malformations of spinal cord	17	Q00-Q07	1
Q06.9	Congenital malformation of spinal cord, unspecified	17	Q00-Q07	1
Q07	Other congenital malformations of nervous system	17	Q00-Q07	0
Q07.0	Arnold-Chiari syndrome	17	Q00-Q07	1
Q07.8	Other specified congenital malformations of nervous system	17	Q00-Q07	1
Q07.9	Congenital malformation of nervous system, unspecified	17	Q00-Q07	1
Q10	Congenital malformations of eyelid, lacrimal apparatus and orbit	17	Q10-Q18	0
Q10.0	Congenital ptosis	17	Q10-Q18	1
Q10.1	Congenital ectropion	17	Q10-Q18	1
Q10.2	Congenital entropion	17	Q10-Q18	1
Q10.3	Other congenital malformations of eyelid	17	Q10-Q18	1
Q10.4	Absence and agenesis of lacrimal apparatus	17	Q10-Q18	1
Q10.5	Congenital stenosis and stricture of lacrimal duct	17	Q10-Q18	1
Q10.6	Other congenital malformations of lacrimal apparatus	17	Q10-Q18	1
Q10.7	Congenital malformation of orbit	17	Q10-Q18	1
Q11	Anophthalmos, microphthalmos and macrophthalmos	17	Q10-Q18	0
Q11.0	Cystic eyeball	17	Q10-Q18	1
Q11.1	Other anophthalmos	17	Q10-Q18	1
Q11.2	Microphthalmos	17	Q10-Q18	1
Q11.3	Macrophthalmos	17	Q10-Q18	1
Q12	Congenital lens malformations	17	Q10-Q18	0
Q12.0	Congenital cataract	17	Q10-Q18	1
Q12.1	Congenital displaced lens	17	Q10-Q18	1
Q12.2	Coloboma of lens	17	Q10-Q18	1
Q12.3	Congenital aphakia	17	Q10-Q18	1
Q12.4	Spherophakia	17	Q10-Q18	1
Q12.8	Other congenital lens malformations	17	Q10-Q18	1
Q12.9	Congenital lens malformation, unspecified	17	Q10-Q18	1
Q13	Congenital malformations of anterior segment of eye	17	Q10-Q18	0
Q13.0	Coloboma of iris	17	Q10-Q18	1
Q13.1	Absence of iris	17	Q10-Q18	1
Q13.2	Other congenital malformations of iris	17	Q10-Q18	1
Q13.3	Congenital corneal opacity	17	Q10-Q18	1
Q13.4	Other congenital corneal malformations	17	Q10-Q18	1
Q13.5	Blue sclera	17	Q10-Q18	1
Q13.8	Other congenital malformations of anterior segment of eye	17	Q10-Q18	1
Q13.9	Congenital malformation of anterior segment of eye, unspecified	17	Q10-Q18	1
Q14	Congenital malformations of posterior segment of eye	17	Q10-Q18	0
Q14.0	Congenital malformation of vitreous humour	17	Q10-Q18	1
Q14.1	Congenital malformation of retina	17	Q10-Q18	1
Q14.2	Congenital malformation of optic disc	17	Q10-Q18	1
Q14.3	Congenital malformation of choroid	17	Q10-Q18	1
Q14.8	Other congenital malformations of posterior segment of eye	17	Q10-Q18	1
Q14.9	Congenital malformation of posterior segment of eye, unspecified	17	Q10-Q18	1
Q15	Other congenital malformations of eye	17	Q10-Q18	0
Q15.0	Congenital glaucoma	17	Q10-Q18	1
Q15.8	Other specified congenital malformations of eye	17	Q10-Q18	1
Q15.9	Congenital malformation of eye, unspecified	17	Q10-Q18	1
Q16	Congenital malformations of ear causing impairment of hearing	17	Q10-Q18	0
Q16.0	Congenital absence of (ear) auricle	17	Q10-Q18	1
Q16.1	Congenital absence, atresia and stricture of auditory canal (external)	17	Q10-Q18	1
Q16.2	Absence of eustachian tube	17	Q10-Q18	1
Q16.3	Congenital malformation of ear ossicles	17	Q10-Q18	1
Q16.4	Other congenital malformations of middle ear	17	Q10-Q18	1
Q16.5	Congenital malformation of inner ear	17	Q10-Q18	1
Q16.9	Congenital malformation of ear causing impairment of hearing, unspecified	17	Q10-Q18	1
Q17	Other congenital malformations of ear	17	Q10-Q18	0
Q17.0	Accessory auricle	17	Q10-Q18	1
Q17.1	Macrotia	17	Q10-Q18	1
Q17.2	Microtia	17	Q10-Q18	1
Q17.3	Other misshapen ear	17	Q10-Q18	1
Q17.4	Misplaced ear	17	Q10-Q18	1
Q17.5	Prominent ear	17	Q10-Q18	1
Q17.8	Other specified congenital malformations of ear	17	Q10-Q18	1
Q17.9	Congenital malformation of ear, unspecified	17	Q10-Q18	1
Q18	Other congenital malformations of face and neck	17	Q10-Q18	0
Q18.0	Sinus, fistula and cyst of branchial cleft	17	Q10-Q18	1
Q18.1	Preauricular sinus and cyst	17	Q10-Q18	1
Q18.2	Other branchial cleft malformations	17	Q10-Q18	1
Q18.3	Webbing of neck	17	Q10-Q18	1
Q18.4	Macrostomia	17	Q10-Q18	1
Q18.5	Microstomia	17	Q10-Q18	1
Q18.6	Macrocheilia	17	Q10-Q18	1
Q18.7	Microcheilia	17	Q10-Q18	1
Q18.8	Other specified congenital malformations of face and neck	17	Q10-Q18	1
Q18.9	Congenital malformation of face and neck, unspecified	17	Q10-Q18	1
Q20	Congenital malformations of cardiac chambers and connections	17	Q20-Q28	0
Q20.0	Common arterial trunk	17	Q20-Q28	1
Q20.1	Double outlet right ventricle	17	Q20-Q28	1
Q20.2	Double outlet left ventricle	17	Q20-Q28	1
Q20.3	Discordant ventriculoarterial connection	17	Q20-Q28	1
Q20.4	Double inlet ventricle	17	Q20-Q28	1
Q20.5	Discordant atrioventricular connection	17	Q20-Q28	1
Q20.6	Isomerism of atrial appendages	17	Q20-Q28	1
Q20.8	Other congenital malformations of cardiac chambers and connections	17	Q20-Q28	1
Q20.9	Congenital malformation of cardiac chambers and connections, unspecified	17	Q20-Q28	1
Q21	Congenital malformations of cardiac septa	17	Q20-Q28	0
Q21.0	Ventricular septal defect	17	Q20-Q28	1
Q21.1	Atrial septal defect	17	Q20-Q28	1
Q21.2	Atrioventricular septal defect	17	Q20-Q28	1
Q21.3	Tetralogy of Fallot	17	Q20-Q28	1
Q21.4	Aortopulmonary septal defect	17	Q20-Q28	1
Q21.8	Other congenital malformations of cardiac septa	17	Q20-Q28	1
Q21.9	Congenital malformation of cardiac septum, unspecified	17	Q20-Q28	1
Q22	Congenital malformations of pulmonary and tricuspid valves	17	Q20-Q28	0
Q22.0	Pulmonary valve atresia	17	Q20-Q28	1
Q22.1	Congenital pulmonary valve stenosis	17	Q20-Q28	1
Q22.2	Congenital pulmonary valve insufficiency	17	Q20-Q28	1
Q22.3	Other congenital malformations of pulmonary valve	17	Q20-Q28	1
Q22.4	Congenital tricuspid stenosis	17	Q20-Q28	1
Q22.5	Ebstein anomaly	17	Q20-Q28	1
Q22.6	Hypoplastic right heart syndrome	17	Q20-Q28	1
Q22.8	Other congenital malformations of tricuspid valve	17	Q20-Q28	1
Q22.9	Congenital malformation of tricuspid valve, unspecified	17	Q20-Q28	1
Q23	Congenital malformations of aortic and mitral valves	17	Q20-Q28	0
Q23.0	Congenital stenosis of aortic valve	17	Q20-Q28	1
Q23.1	Congenital insufficiency of aortic valve	17	Q20-Q28	1
Q23.2	Congenital mitral stenosis	17	Q20-Q28	1
Q23.3	Congenital mitral insufficiency	17	Q20-Q28	1
Q23.4	Hypoplastic left heart syndrome	17	Q20-Q28	1
Q23.8	Other congenital malformations of aortic and mitral valves	17	Q20-Q28	1
Q23.9	Congenital malformation of aortic and mitral valves, unspecified	17	Q20-Q28	1
Q24	Other congenital malformations of heart	17	Q20-Q28	0
Q24.0	Dextrocardia	17	Q20-Q28	1
Q24.1	Laevocardia	17	Q20-Q28	1
Q24.2	Cor triatriatum	17	Q20-Q28	1
Q24.3	Pulmonary infundibular stenosis	17	Q20-Q28	1
Q24.4	Congenital subaortic stenosis	17	Q20-Q28	1
Q24.5	Malformation of coronary vessels	17	Q20-Q28	1
Q24.6	Congenital heart block	17	Q20-Q28	1
Q24.8	Other specified congenital malformations of heart	17	Q20-Q28	1
Q24.9	Congenital malformation of heart, unspecified	17	Q20-Q28	1
Q25	Congenital malformations of great arteries	17	Q20-Q28	0
Q25.0	Patent ductus arteriosus	17	Q20-Q28	1
Q25.1	Coarctation of aorta	17	Q20-Q28	1
Q25.2	Atresia of aorta	17	Q20-Q28	1
Q25.3	Stenosis of aorta	17	Q20-Q28	1
Q25.4	Other congenital malformations of aorta	17	Q20-Q28	1
Q25.5	Atresia of pulmonary artery	17	Q20-Q28	1
Q25.6	Stenosis of pulmonary artery	17	Q20-Q28	1
Q25.7	Other congenital malformations of pulmonary artery	17	Q20-Q28	1
Q25.8	Other congenital malformations of great arteries	17	Q20-Q28	1
Q25.9	Congenital malformation of great arteries, unspecified	17	Q20-Q28	1
Q26	Congenital malformations of great veins	17	Q20-Q28	0
Q26.0	Congenital stenosis of vena cava	17	Q20-Q28	1
Q26.1	Persistent left superior vena cava	17	Q20-Q28	1
Q26.2	Total anomalous pulmonary venous connection	17	Q20-Q28	1
Q26.3	Partial anomalous pulmonary venous connection	17	Q20-Q28	1
Q26.4	Anomalous pulmonary venous connection, unspecified	17	Q20-Q28	1
Q26.5	Anomalous portal venous connection	17	Q20-Q28	1
Q26.6	Portal vein-hepatic artery fistula	17	Q20-Q28	1
Q26.8	Other congenital malformations of great veins	17	Q20-Q28	1
Q26.9	Congenital malformation of great vein, unspecified	17	Q20-Q28	1
Q27	Other congenital malformations of peripheral vascular system	17	Q20-Q28	0
Q27.0	Congenital absence and hypoplasia of umbilical artery	17	Q20-Q28	1
Q27.1	Congenital renal artery stenosis	17	Q20-Q28	1
Q27.2	Other congenital malformations of renal artery	17	Q20-Q28	1
Q27.3	Peripheral arteriovenous malformation	17	Q20-Q28	1
Q27.4	Congenital phlebectasia	17	Q20-Q28	1
Q27.8	Other specified congenital malformations of peripheral vascular system	17	Q20-Q28	1
Q27.9	Congenital malformation of peripheral vascular system, unspecified	17	Q20-Q28	1
Q28	Other congenital malformations of circulatory system	17	Q20-Q28	0
Q28.0	Arteriovenous malformation of precerebral vessels	17	Q20-Q28	1
Q28.1	Other malformations of precerebral vessels	17	Q20-Q28	1
Q28.2	Arteriovenous malformation of cerebral vessels	17	Q20-Q28	1
Q28.3	Other malformations of cerebral vessels	17	Q20-Q28	1
Q28.8	Other specified congenital malformations of circulatory system	17	Q20-Q28	1
Q28.9	Congenital malformation of circulatory system, unspecified	17	Q20-Q28	1
Q30	Congenital malformations of nose	17	Q30-Q34	0
Q30.0	Choanal atresia	17	Q30-Q34	1
Q30.1	Agenesis and underdevelopment of nose	17	Q30-Q34	1
Q30.2	Fissured, notched and cleft nose	17	Q30-Q34	1
Q30.3	Congenital perforated nasal septum	17	Q30-Q34	1
Q30.8	Other congenital malformations of nose	17	Q30-Q34	1
Q30.9	Congenital malformation of nose, unspecified	17	Q30-Q34	1
Q31	Congenital malformations of larynx	17	Q30-Q34	0
Q31.0	Web of larynx	17	Q30-Q34	1
Q31.1	Congenital subglottic stenosis	17	Q30-Q34	1
Q31.2	Laryngeal hypoplasia	17	Q30-Q34	1
Q31.3	Laryngocele	17	Q30-Q34	1
Q31.5	Congenital laryngomalacia	17	Q30-Q34	1
Q31.8	Other congenital malformations of larynx	17	Q30-Q34	1
Q31.9	Congenital malformation of larynx, unspecified	17	Q30-Q34	1
Q32	Congenital malformations of trachea and bronchus	17	Q30-Q34	0
Q32.0	Congenital tracheomalacia	17	Q30-Q34	1
Q32.1	Other congenital malformations of trachea	17	Q30-Q34	1
Q32.2	Congenital bronchomalacia	17	Q30-Q34	1
Q32.3	Congenital stenosis of bronchus	17	Q30-Q34	1
Q32.4	Other congenital malformations of bronchus	17	Q30-Q34	1
Q33	Congenital malformations of lung	17	Q30-Q34	0
Q33.0	Congenital cystic lung	17	Q30-Q34	1
Q33.1	Accessory lobe of lung	17	Q30-Q34	1
Q33.2	Sequestration of lung	17	Q30-Q34	1
Q33.3	Agenesis of lung	17	Q30-Q34	1
Q33.4	Congenital bronchiectasis	17	Q30-Q34	1
Q33.5	Ectopic tissue in lung	17	Q30-Q34	1
Q33.6	Hypoplasia and dysplasia of lung	17	Q30-Q34	1
Q33.8	Other congenital malformations of lung	17	Q30-Q34	1
Q33.9	Congenital malformation of lung, unspecified	17	Q30-Q34	1
Q34	Other congenital malformations of respiratory system	17	Q30-Q34	0
Q34.0	Anomaly of pleura	17	Q30-Q34	1
Q34.1	Congenital cyst of mediastinum	17	Q30-Q34	1
Q34.8	Other specified congenital malformations of respiratory system	17	Q30-Q34	1
Q34.9	Congenital malformation of respiratory system, unspecified	17	Q30-Q34	1
Q35	Cleft palate	17	Q35-Q37	0
Q35.1	Cleft hard palate	17	Q35-Q37	1
Q35.3	Cleft soft palate	17	Q35-Q37	1
Q35.5	Cleft hard palate with cleft soft palate	17	Q35-Q37	1
Q35.7	Cleft uvula	17	Q35-Q37	1
Q35.9	Cleft palate, unspecified	17	Q35-Q37	1
Q36	Cleft lip	17	Q35-Q37	0
Q36.0	Cleft lip, bilateral	17	Q35-Q37	1
Q36.1	Cleft lip, median	17	Q35-Q37	1
Q36.9	Cleft lip, unilateral	17	Q35-Q37	1
Q37	Cleft palate with cleft lip	17	Q35-Q37	0
Q37.0	Cleft hard palate with bilateral cleft lip	17	Q35-Q37	1
Q37.1	Cleft hard palate with unilateral cleft lip	17	Q35-Q37	1
Q37.2	Cleft soft palate with bilateral cleft lip	17	Q35-Q37	1
Q37.3	Cleft soft palate with unilateral cleft lip	17	Q35-Q37	1
Q37.4	Cleft hard and soft palate with bilateral cleft lip	17	Q35-Q37	1
Q37.5	Cleft hard and soft palate with unilateral cleft lip	17	Q35-Q37	1
Q37.8	Unspecified cleft palate with bilateral cleft lip	17	Q35-Q37	1
Q37.9	Unspecified cleft palate with unilateral cleft lip	17	Q35-Q37	1
Q38	Other congenital malformations of tongue, mouth and pharynx	17	Q38-Q45	0
Q38.0	Congenital malformations of lips, not elsewhere classified	17	Q38-Q45	1
Q38.1	Ankyloglossia	17	Q38-Q45	1
Q38.2	Macroglossia	17	Q38-Q45	1
Q38.3	Other congenital malformations of tongue	17	Q38-Q45	1
Q38.4	Congenital malformations of salivary glands and ducts	17	Q38-Q45	1
Q38.5	Congenital malformations of palate, not elsewhere classified	17	Q38-Q45	1
Q38.6	Other congenital malformations of mouth	17	Q38-Q45	1
Q38.7	Pharyngeal pouch	17	Q38-Q45	1
Q38.8	Other congenital malformations of pharynx	17	Q38-Q45	1
Q39	Congenital malformations of oesophagus	17	Q38-Q45	0
Q39.0	Atresia of oesophagus without fistula	17	Q38-Q45	1
Q39.1	Atresia of oesophagus with tracheo-oesophageal fistula	17	Q38-Q45	1
Q39.2	Congenital tracheo-oesophageal fistula without atresia	17	Q38-Q45	1
Q39.3	Congenital stenosis and stricture of oesophagus	17	Q38-Q45	1
Q39.4	Congenital oesophageal web	17	Q38-Q45	1
Q39.5	Congenital dilatation of oesophagus	17	Q38-Q45	1
Q39.6	Diverticulum of oesophagus	17	Q38-Q45	1
Q39.8	Other congenital malformations of oesophagus	17	Q38-Q45	1
Q39.9	Congenital malformation of oesophagus, unspecified	17	Q38-Q45	1
Q40	Other congenital malformations of upper alimentary tract	17	Q38-Q45	0
Q40.0	Congenital hypertrophic pyloric stenosis	17	Q38-Q45	1
Q40.1	Congenital hiatus hernia	17	Q38-Q45	1
Q40.2	Other specified congenital malformations of stomach	17	Q38-Q45	1
Q40.3	Congenital malformation of stomach, unspecified	17	Q38-Q45	1
Q40.8	Other specified congenital malformations of upper alimentary tract	17	Q38-Q45	1
Q40.9	Congenital malformation of upper alimentary tract, unspecified	17	Q38-Q45	1
Q41	Congenital absence, atresia and stenosis of small intestine	17	Q38-Q45	0
Q41.0	Congenital absence, atresia and stenosis of duodenum	17	Q38-Q45	1
Q41.1	Congenital absence, atresia and stenosis of jejunum	17	Q38-Q45	1
Q41.2	Congenital absence, atresia and stenosis of ileum	17	Q38-Q45	1
Q41.8	Congenital absence, atresia and stenosis of other specified parts of small intestine	17	Q38-Q45	1
Q41.9	Congenital absence, atresia and stenosis of small intestine, part unspecified	17	Q38-Q45	1
Q42	Congenital absence, atresia and stenosis of large intestine	17	Q38-Q45	0
Q42.0	Congenital absence, atresia and stenosis of rectum with fistula	17	Q38-Q45	1
Q42.1	Congenital absence, atresia and stenosis of rectum without fistula	17	Q38-Q45	1
Q42.2	Congenital absence, atresia and stenosis of anus with fistula	17	Q38-Q45	1
Q42.3	Congenital absence, atresia and stenosis of anus without fistula	17	Q38-Q45	1
Q42.8	Congenital absence, atresia and stenosis of other parts of large intestine	17	Q38-Q45	1
Q42.9	Congenital absence, atresia and stenosis of large intestine, part unspecified	17	Q38-Q45	1
Q43	Other congenital malformations of intestine	17	Q38-Q45	0
Q43.0	Meckel diverticulum	17	Q38-Q45	1
Q43.1	Hirschsprung disease	17	Q38-Q45	1
Q43.2	Other congenital functional disorders of colon	17	Q38-Q45	1
Q43.3	Congenital malformations of intestinal fixation	17	Q38-Q45	1
Q43.4	Duplication of intestine	17	Q38-Q45	1
Q43.5	Ectopic anus	17	Q38-Q45	1
Q43.6	Congenital fistula of rectum and anus	17	Q38-Q45	1
Q43.7	Persistent cloaca	17	Q38-Q45	1
Q43.8	Other specified congenital malformations of intestine	17	Q38-Q45	1
Q43.9	Congenital malformation of intestine, unspecified	17	Q38-Q45	1
Q44	Congenital malformations of gallbladder, bile ducts and liver	17	Q38-Q45	0
Q44.0	Agenesis, aplasia and hypoplasia of gallbladder	17	Q38-Q45	1
Q44.1	Other congenital malformations of gallbladder	17	Q38-Q45	1
Q44.2	Atresia of bile ducts	17	Q38-Q45	1
Q44.3	Congenital stenosis and stricture of bile ducts	17	Q38-Q45	1
Q44.4	Choledochal cyst	17	Q38-Q45	1
Q44.5	Other congenital malformations of bile ducts	17	Q38-Q45	1
Q44.6	Cystic disease of liver	17	Q38-Q45	1
Q44.7	Other congenital malformations of liver	17	Q38-Q45	1
Q45	Other congenital malformations of digestive system	17	Q38-Q45	0
Q45.0	Agenesis, aplasia and hypoplasia of pancreas	17	Q38-Q45	1
Q45.1	Annular pancreas	17	Q38-Q45	1
Q45.2	Congenital pancreatic cyst	17	Q38-Q45	1
Q45.3	Other congenital malformations of pancreas and pancreatic duct	17	Q38-Q45	1
Q45.8	Other specified congenital malformations of digestive system	17	Q38-Q45	1
Q45.9	Congenital malformation of digestive system, unspecified	17	Q38-Q45	1
Q50	Congenital malformations of ovaries, fallopian tubes and broad ligaments	17	Q50-Q56	0
Q50.0	Congenital absence of ovary	17	Q50-Q56	1
Q50.1	Developmental ovarian cyst	17	Q50-Q56	1
Q50.2	Congenital torsion of ovary	17	Q50-Q56	1
Q50.3	Other congenital malformations of ovary	17	Q50-Q56	1
Q50.4	Embryonic cyst of fallopian tube	17	Q50-Q56	1
Q50.5	Embryonic cyst of broad ligament	17	Q50-Q56	1
Q50.6	Other congenital malformations of fallopian tube and broad ligament	17	Q50-Q56	1
Q51	Congenital malformations of uterus and cervix	17	Q50-Q56	0
Q51.0	Agenesis and aplasia of uterus	17	Q50-Q56	1
Q51.1	Doubling of uterus with doubling of cervix and vagina	17	Q50-Q56	1
Q51.2	Other doubling of uterus	17	Q50-Q56	1
Q51.3	Bicornate uterus	17	Q50-Q56	1
Q51.4	Unicornate uterus	17	Q50-Q56	1
Q51.5	Agenesis and aplasia of cervix	17	Q50-Q56	1
Q51.6	Embryonic cyst of cervix	17	Q50-Q56	1
Q51.7	Congenital fistulae between uterus and digestive and urinary tracts	17	Q50-Q56	1
Q51.8	Other congenital malformations of uterus and cervix	17	Q50-Q56	1
Q51.9	Congenital malformation of uterus and cervix, unspecified	17	Q50-Q56	1
Q52	Other congenital malformations of female genitalia	17	Q50-Q56	0
Q52.0	Congenital absence of vagina	17	Q50-Q56	1
Q52.1	Doubling of vagina	17	Q50-Q56	1
Q52.2	Congenital rectovaginal fistula	17	Q50-Q56	1
Q52.3	Imperforate hymen	17	Q50-Q56	1
Q52.4	Other congenital malformations of vagina	17	Q50-Q56	1
Q52.5	Fusion of labia	17	Q50-Q56	1
Q52.6	Congenital malformation of clitoris	17	Q50-Q56	1
Q52.7	Other congenital malformations of vulva	17	Q50-Q56	1
Q52.8	Other specified congenital malformations of female genitalia	17	Q50-Q56	1
Q52.9	Congenital malformation of female genitalia, unspecified	17	Q50-Q56	1
Q53	Undescended testicle	17	Q50-Q56	0
Q53.0	Ectopic testis	17	Q50-Q56	1
Q53.1	Undescended testicle, unilateral	17	Q50-Q56	1
Q53.2	Undescended testicle, bilateral	17	Q50-Q56	1
Q53.9	Undescended testicle, unspecified	17	Q50-Q56	1
Q54	Hypospadias	17	Q50-Q56	0
Q54.0	Hypospadias, balanic	17	Q50-Q56	1
Q54.1	Hypospadias, penile	17	Q50-Q56	1
Q54.2	Hypospadias, penoscrotal	17	Q50-Q56	1
Q54.3	Hypospadias, perineal	17	Q50-Q56	1
Q54.4	Congenital chordee	17	Q50-Q56	1
Q54.8	Other hypospadias	17	Q50-Q56	1
Q54.9	Hypospadias, unspecified	17	Q50-Q56	1
Q55	Other congenital malformations of male genital organs	17	Q50-Q56	0
Q55.0	Absence and aplasia of testis	17	Q50-Q56	1
Q55.1	Hypoplasia of testis and scrotum	17	Q50-Q56	1
Q55.2	Other congenital malformations of testis and scrotum	17	Q50-Q56	1
Q55.3	Atresia of vas deferens	17	Q50-Q56	1
Q55.4	Other congenital malformations of vas deferens, epididymis, seminal vesicles and prostate	17	Q50-Q56	1
Q55.5	Congenital absence and aplasia of penis	17	Q50-Q56	1
Q55.6	Other congenital malformations of penis	17	Q50-Q56	1
Q55.8	Other specified congenital malformations of male genital organs	17	Q50-Q56	1
Q55.9	Congenital malformation of male genital organ, unspecified	17	Q50-Q56	1
Q56	Indeterminate sex and pseudohermaphroditism	17	Q50-Q56	0
Q56.0	Hermaphroditism, not elsewhere classified	17	Q50-Q56	1
Q56.1	Male pseudohermaphroditism, not elsewhere classified	17	Q50-Q56	1
Q56.2	Female pseudohermaphroditism, not elsewhere classified	17	Q50-Q56	1
Q56.3	Pseudohermaphroditism, unspecified	17	Q50-Q56	1
Q56.4	Indeterminate sex, unspecified	17	Q50-Q56	1
Q60	Renal agenesis and other reduction defects of kidney	17	Q60-Q64	0
Q60.0	Renal agenesis, unilateral	17	Q60-Q64	1
Q60.1	Renal agenesis, bilateral	17	Q60-Q64	1
Q60.2	Renal agenesis, unspecified	17	Q60-Q64	1
Q60.3	Renal hypoplasia, unilateral	17	Q60-Q64	1
Q60.4	Renal hypoplasia, bilateral	17	Q60-Q64	1
Q60.5	Renal hypoplasia, unspecified	17	Q60-Q64	1
Q60.6	Potter syndrome	17	Q60-Q64	1
Q61	Cystic kidney disease	17	Q60-Q64	0
Q61.0	Congenital single renal cyst	17	Q60-Q64	1
Q61.1	Polycystic kidney, autosomal recessive	17	Q60-Q64	1
Q61.2	Polycystic kidney, autosomal dominant	17	Q60-Q64	1
Q61.3	Polycystic kidney, unspecified	17	Q60-Q64	1
Q61.4	Renal dysplasia	17	Q60-Q64	1
Q61.5	Medullary cystic kidney	17	Q60-Q64	1
Q61.8	Other cystic kidney diseases	17	Q60-Q64	1
Q61.9	Cystic kidney disease, unspecified	17	Q60-Q64	1
Q62	Congenital obstructive defects of renal pelvis and congenital malformations of ureter	17	Q60-Q64	0
Q62.0	Congenital hydronephrosis	17	Q60-Q64	1
Q62.1	Atresia and stenosis of ureter	17	Q60-Q64	1
Q62.2	Congenital megaloureter	17	Q60-Q64	1
Q62.3	Other obstructive defects of renal pelvis and ureter	17	Q60-Q64	1
Q62.4	Agenesis of ureter	17	Q60-Q64	1
Q62.5	Duplication of ureter	17	Q60-Q64	1
Q62.6	Malposition of ureter	17	Q60-Q64	1
Q62.7	Congenital vesico-uretero-renal reflux	17	Q60-Q64	1
Q62.8	Other congenital malformations of ureter	17	Q60-Q64	1
Q63	Other congenital malformations of kidney	17	Q60-Q64	0
Q63.0	Accessory kidney	17	Q60-Q64	1
Q63.1	Lobulated, fused and horseshoe kidney	17	Q60-Q64	1
Q63.2	Ectopic kidney	17	Q60-Q64	1
Q63.3	Hyperplastic and giant kidney	17	Q60-Q64	1
Q63.8	Other specified congenital malformations of kidney	17	Q60-Q64	1
Q63.9	Congenital malformation of kidney, unspecified	17	Q60-Q64	1
Q64	Other congenital malformations of urinary system	17	Q60-Q64	0
Q64.0	Epispadias	17	Q60-Q64	1
Q64.1	Exstrophy of urinary bladder	17	Q60-Q64	1
Q64.2	Congenital posterior urethral valves	17	Q60-Q64	1
Q64.3	Other atresia and stenosis of urethra and bladder neck	17	Q60-Q64	1
Q64.4	Malformation of urachus	17	Q60-Q64	1
Q64.5	Congenital absence of bladder and urethra	17	Q60-Q64	1
Q64.6	Congenital diverticulum of bladder	17	Q60-Q64	1
Q64.7	Other congenital malformations of bladder and urethra	17	Q60-Q64	1
Q64.8	Other specified congenital malformations of urinary system	17	Q60-Q64	1
Q64.9	Congenital malformation of urinary system, unspecified	17	Q60-Q64	1
Q65	Congenital deformities of hip	17	Q65-Q79	0
Q65.0	Congenital dislocation of hip, unilateral	17	Q65-Q79	1
Q65.1	Congenital dislocation of hip, bilateral	17	Q65-Q79	1
Q65.2	Congenital dislocation of hip, unspecified	17	Q65-Q79	1
Q65.3	Congenital subluxation of hip, unilateral	17	Q65-Q79	1
Q65.4	Congenital subluxation of hip, bilateral	17	Q65-Q79	1
Q65.5	Congenital subluxation of hip, unspecified	17	Q65-Q79	1
Q65.6	Unstable hip	17	Q65-Q79	1
Q65.8	Other congenital deformities of hip	17	Q65-Q79	1
Q65.9	Congenital deformity of hip, unspecified	17	Q65-Q79	1
Q66	Congenital deformities of feet	17	Q65-Q79	0
Q66.0	Talipes equinovarus	17	Q65-Q79	1
Q66.1	Talipes calcaneovarus	17	Q65-Q79	1
Q66.2	Metatarsus varus	17	Q65-Q79	1
Q66.3	Other congenital varus deformities of feet	17	Q65-Q79	1
Q66.4	Talipes calcaneovalgus	17	Q65-Q79	1
Q66.5	Congenital pes planus	17	Q65-Q79	1
Q66.6	Other congenital valgus deformities of feet	17	Q65-Q79	1
Q66.7	Pes cavus	17	Q65-Q79	1
Q66.8	Other congenital deformities of feet	17	Q65-Q79	1
Q66.9	Congenital deformity of feet, unspecified	17	Q65-Q79	1
Q67	Congenital musculoskeletal deformities of head, face, spine and chest	17	Q65-Q79	0
Q67.0	Facial asymmetry	17	Q65-Q79	1
Q67.1	Compression facies	17	Q65-Q79	1
Q67.2	Dolichocephaly	17	Q65-Q79	1
Q67.3	Plagiocephaly	17	Q65-Q79	1
Q67.4	Other congenital deformities of skull, face and jaw	17	Q65-Q79	1
Q67.5	Congenital deformity of spine	17	Q65-Q79	1
Q67.6	Pectus excavatum	17	Q65-Q79	1
Q67.7	Pectus carinatum	17	Q65-Q79	1
Q67.8	Other congenital deformities of chest	17	Q65-Q79	1
Q68	Other congenital musculoskeletal deformities	17	Q65-Q79	0
Q68.0	Congenital deformity of sternocleidomastoid muscle	17	Q65-Q79	1
Q68.1	Congenital deformity of hand	17	Q65-Q79	1
Q68.2	Congenital deformity of knee	17	Q65-Q79	1
Q68.3	Congenital bowing of femur	17	Q65-Q79	1
Q68.4	Congenital bowing of tibia and fibula	17	Q65-Q79	1
Q68.5	Congenital bowing of long bones of leg, unspecified	17	Q65-Q79	1
Q68.8	Other specified congenital musculoskeletal deformities	17	Q65-Q79	1
Q69	Polydactyly	17	Q65-Q79	0
Q69.0	Accessory finger(s)	17	Q65-Q79	1
Q69.1	Accessory thumb(s)	17	Q65-Q79	1
Q69.2	Accessory toe(s)	17	Q65-Q79	1
Q69.9	Polydactyly, unspecified	17	Q65-Q79	1
Q70	Syndactyly	17	Q65-Q79	0
Q70.0	Fused fingers	17	Q65-Q79	1
Q70.1	Webbed fingers	17	Q65-Q79	1
Q70.2	Fused toes	17	Q65-Q79	1
Q70.3	Webbed toes	17	Q65-Q79	1
Q70.4	Polysyndactyly	17	Q65-Q79	1
Q70.9	Syndactyly, unspecified	17	Q65-Q79	1
Q71	Reduction defects of upper limb	17	Q65-Q79	0
Q71.0	Congenital complete absence of upper limb(s)	17	Q65-Q79	1
Q71.1	Congenital absence of upper arm and forearm with hand present	17	Q65-Q79	1
Q71.2	Congenital absence of both forearm and hand	17	Q65-Q79	1
Q71.3	Congenital absence of hand and finger(s)	17	Q65-Q79	1
Q71.4	Longitudinal reduction defect of radius	17	Q65-Q79	1
Q71.5	Longitudinal reduction defect of ulna	17	Q65-Q79	1
Q71.6	Lobster-claw hand	17	Q65-Q79	1
Q71.8	Other reduction defects of upper limb(s)	17	Q65-Q79	1
Q71.9	Reduction defect of upper limb, unspecified	17	Q65-Q79	1
Q72	Reduction defects of lower limb	17	Q65-Q79	0
Q72.0	Congenital complete absence of lower limb(s)	17	Q65-Q79	1
Q72.1	Congenital absence of thigh and lower leg with foot present	17	Q65-Q79	1
Q72.2	Congenital absence of both lower leg and foot	17	Q65-Q79	1
Q72.3	Congenital absence of foot and toe(s)	17	Q65-Q79	1
Q72.4	Longitudinal reduction defect of femur	17	Q65-Q79	1
Q72.5	Longitudinal reduction defect of tibia	17	Q65-Q79	1
Q72.6	Longitudinal reduction defect of fibula	17	Q65-Q79	1
Q72.7	Split foot	17	Q65-Q79	1
Q72.8	Other reduction defects of lower limb(s)	17	Q65-Q79	1
Q72.9	Reduction defect of lower limb, unspecified	17	Q65-Q79	1
Q73	Reduction defects of unspecified limb	17	Q65-Q79	0
Q73.0	Congenital absence of unspecified limb(s)	17	Q65-Q79	1
Q73.1	Phocomelia, unspecified limb(s)	17	Q65-Q79	1
Q73.8	Other reduction defects of unspecified limb(s)	17	Q65-Q79	1
Q74	Other congenital malformations of limb(s)	17	Q65-Q79	0
Q74.0	Other congenital malformations of upper limb(s), including shoulder girdle	17	Q65-Q79	1
Q74.1	Congenital malformation of knee	17	Q65-Q79	1
Q74.2	Other congenital malformations of lower limb(s), including pelvic girdle	17	Q65-Q79	1
Q74.3	Arthrogryposis multiplex congenita	17	Q65-Q79	1
Q74.8	Other specified congenital malformations of limb(s)	17	Q65-Q79	1
Q74.9	Unspecified congenital malformation of limb(s)	17	Q65-Q79	1
Q75	Other congenital malformations of skull and face bones	17	Q65-Q79	0
Q75.0	Craniosynostosis	17	Q65-Q79	1
Q75.1	Craniofacial dysostosis	17	Q65-Q79	1
Q75.2	Hypertelorism	17	Q65-Q79	1
Q75.3	Macrocephaly	17	Q65-Q79	1
Q75.4	Mandibulofacial dysostosis	17	Q65-Q79	1
Q75.5	Oculomandibular dysostosis	17	Q65-Q79	1
Q75.8	Other specified congenital malformations of skull and face bones	17	Q65-Q79	1
Q75.9	Congenital malformation of skull and face bones, unspecified	17	Q65-Q79	1
Q76	Congenital malformations of spine and bony thorax	17	Q65-Q79	0
Q76.0	Spina bifida occulta	17	Q65-Q79	1
Q76.1	Klippel-Feil syndrome	17	Q65-Q79	1
Q76.2	Congenital spondylolisthesis	17	Q65-Q79	1
Q76.3	Congenital scoliosis due to congenital bony malformation	17	Q65-Q79	1
Q76.4	Other congenital malformations of spine, not associated with scoliosis	17	Q65-Q79	1
Q76.5	Cervical rib	17	Q65-Q79	1
Q76.6	Other congenital malformations of ribs	17	Q65-Q79	1
Q76.7	Congenital malformation of sternum	17	Q65-Q79	1
Q76.8	Other congenital malformations of bony thorax	17	Q65-Q79	1
Q76.9	Congenital malformation of bony thorax, unspecified	17	Q65-Q79	1
Q77	Osteochondrodysplasia with defects of growth of tubular bones and spine	17	Q65-Q79	0
Q77.0	Achondrogenesis	17	Q65-Q79	1
Q77.1	Thanatophoric short stature	17	Q65-Q79	1
Q77.2	Short rib syndrome	17	Q65-Q79	1
Q77.3	Chondrodysplasia punctata	17	Q65-Q79	1
Q77.4	Achondroplasia	17	Q65-Q79	1
Q77.5	Dystrophic dysplasia	17	Q65-Q79	1
Q77.6	Chondroectodermal dysplasia	17	Q65-Q79	1
Q77.7	Spondyloepiphyseal dysplasia	17	Q65-Q79	1
Q77.8	Other osteochondrodysplasia with defects of growth of tubular bones and spine	17	Q65-Q79	1
Q77.9	Osteochondrodysplasia with defects of growth of tubular bones and spine, unspecified	17	Q65-Q79	1
Q78	Other osteochondrodysplasias	17	Q65-Q79	0
Q78.0	Osteogenesis imperfecta	17	Q65-Q79	1
Q78.1	Polyostotic fibrous dysplasia	17	Q65-Q79	1
Q78.2	Osteopetrosis	17	Q65-Q79	1
Q78.3	Progressive diaphyseal dysplasia	17	Q65-Q79	1
Q78.4	Enchondromatosis	17	Q65-Q79	1
Q78.5	Metaphyseal dysplasia	17	Q65-Q79	1
Q78.6	Multiple congenital exostoses	17	Q65-Q79	1
Q78.8	Other specified osteochondrodysplasias	17	Q65-Q79	1
Q78.9	Osteochondrodysplasia, unspecified	17	Q65-Q79	1
Q79	Congenital malformations of the musculoskeletal system, not elsewhere classified	17	Q65-Q79	0
Q79.0	Congenital diaphragmatic hernia	17	Q65-Q79	1
Q79.1	Other congenital malformations of diaphragm	17	Q65-Q79	1
Q79.2	Exomphalos	17	Q65-Q79	1
Q79.3	Gastroschisis	17	Q65-Q79	1
Q79.4	Prune belly syndrome	17	Q65-Q79	1
Q79.5	Other congenital malformations of abdominal wall	17	Q65-Q79	1
Q79.6	Ehlers-Danlos syndrome	17	Q65-Q79	1
Q79.8	Other congenital malformations of musculoskeletal system	17	Q65-Q79	1
Q79.9	Congenital malformation of musculoskeletal system, unspecified	17	Q65-Q79	1
Q80	Congenital ichthyosis	17	Q80-Q89	0
Q80.0	Ichthyosis vulgaris	17	Q80-Q89	1
Q80.1	X-linked ichthyosis	17	Q80-Q89	1
Q80.2	Lamellar ichthyosis	17	Q80-Q89	1
Q80.3	Congenital bullous ichthyosiform erythroderma	17	Q80-Q89	1
Q80.4	Harlequin fetus	17	Q80-Q89	1
Q80.8	Other congenital ichthyosis	17	Q80-Q89	1
Q80.9	Congenital ichthyosis, unspecified	17	Q80-Q89	1
Q81	Epidermolysis bullosa	17	Q80-Q89	0
Q81.0	Epidermolysis bullosa simplex	17	Q80-Q89	1
Q81.1	Epidermolysis bullosa letalis	17	Q80-Q89	1
Q81.2	Epidermolysis bullosa dystrophica	17	Q80-Q89	1
Q81.8	Other epidermolysis bullosa	17	Q80-Q89	1
Q81.9	Epidermolysis bullosa, unspecified	17	Q80-Q89	1
Q82	Other congenital malformations of skin	17	Q80-Q89	0
Q82.0	Hereditary lymphoedema	17	Q80-Q89	1
Q82.1	Xeroderma pigmentosum	17	Q80-Q89	1
Q82.2	Mastocytosis	17	Q80-Q89	1
Q82.3	Incontinentia pigmenti	17	Q80-Q89	1
Q82.4	Ectodermal dysplasia (anhidrotic)	17	Q80-Q89	1
Q82.5	Congenital non-neoplastic naevus	17	Q80-Q89	1
Q82.8	Other specified congenital malformations of skin	17	Q80-Q89	1
Q82.9	Congenital malformation of skin, unspecified	17	Q80-Q89	1
Q83	Congenital malformations of breast	17	Q80-Q89	0
Q83.0	Congenital absence of breast with absent nipple	17	Q80-Q89	1
Q83.1	Accessory breast	17	Q80-Q89	1
Q83.2	Absent nipple	17	Q80-Q89	1
Q83.3	Accessory nipple	17	Q80-Q89	1
Q83.8	Other congenital malformations of breast	17	Q80-Q89	1
Q83.9	Congenital malformation of breast, unspecified	17	Q80-Q89	1
Q84	Other congenital malformations of integument	17	Q80-Q89	0
Q84.0	Congenital alopecia	17	Q80-Q89	1
Q84.1	Congenital morphological disturbances of hair, not elsewhere classified	17	Q80-Q89	1
Q84.2	Other congenital malformations of hair	17	Q80-Q89	1
Q84.3	Anonychia	17	Q80-Q89	1
Q84.4	Congenital leukonychia	17	Q80-Q89	1
Q84.5	Enlarged and hypertrophic nails	17	Q80-Q89	1
Q84.6	Other congenital malformations of nails	17	Q80-Q89	1
Q84.8	Other specified congenital malformations of integument	17	Q80-Q89	1
Q84.9	Congenital malformation of integument, unspecified	17	Q80-Q89	1
Q85	Phakomatoses, not elsewhere classified	17	Q80-Q89	0
Q85.0	Neurofibromatosis (nonmalignant)	17	Q80-Q89	1
Q85.1	Tuberous sclerosis	17	Q80-Q89	1
Q85.8	Other phakomatoses, not elsewhere classified	17	Q80-Q89	1
Q85.9	Phakomatosis, unspecified	17	Q80-Q89	1
Q86	Congenital malformation syndromes due to known exogenous causes, not elsewhere classified	17	Q80-Q89	0
Q86.0	Fetal alcohol syndrome (dysmorphic)	17	Q80-Q89	1
Q86.1	Fetal hydantoin syndrome	17	Q80-Q89	1
Q86.2	Dysmorphism due to warfarin	17	Q80-Q89	1
Q86.8	Other congenital malformation syndromes due to known exogenous causes	17	Q80-Q89	1
Q87	Other specified congenital malformation syndromes affecting multiple systems	17	Q80-Q89	0
Q87.0	Congenital malformation syndromes predominantly affecting facial appearance	17	Q80-Q89	1
Q87.1	Congenital malformation syndromes predominantly associated with short stature	17	Q80-Q89	1
Q87.2	Congenital malformation syndromes predominantly involving limbs	17	Q80-Q89	1
Q87.3	Congenital malformation syndromes involving early overgrowth	17	Q80-Q89	1
Q87.4	Marfan syndrome	17	Q80-Q89	1
Q87.5	Other congenital malformation syndromes with other skeletal changes	17	Q80-Q89	1
Q87.8	Other specified congenital malformation syndromes, not elsewhere classified	17	Q80-Q89	1
Q89	Other congenital malformations, not elsewhere classified	17	Q80-Q89	0
Q89.0	Congenital malformations of spleen	17	Q80-Q89	1
Q89.1	Congenital malformations of adrenal gland	17	Q80-Q89	1
Q89.2	Congenital malformations of other endocrine glands	17	Q80-Q89	1
Q89.3	Situs inversus	17	Q80-Q89	1
Q89.4	Conjoined twins	17	Q80-Q89	1
Q89.7	Multiple congenital malformations, not elsewhere classified	17	Q80-Q89	1
Q89.8	Other specified congenital malformations	17	Q80-Q89	1
Q89.9	Congenital malformation, unspecified	17	Q80-Q89	1
Q90	Down syndrome	17	Q90-Q99	0
Q90.0	Trisomy 21, meiotic nondisjunction	17	Q90-Q99	1
Q90.1	Trisomy 21, mosaicism (mitotic nondisjunction)	17	Q90-Q99	1
Q90.2	Trisomy 21, translocation	17	Q90-Q99	1
Q90.9	Down syndrome, unspecified	17	Q90-Q99	1
Q91	Edwards syndrome and Patau syndrome	17	Q90-Q99	0
Q91.0	Trisomy 18, meiotic nondisjunction	17	Q90-Q99	1
Q91.1	Trisomy 18, mosaicism (mitotic nondisjunction)	17	Q90-Q99	1
Q91.2	Trisomy 18, translocation	17	Q90-Q99	1
Q91.3	Edwards syndrome, unspecified	17	Q90-Q99	1
Q91.4	Trisomy 13, meiotic nondisjunction	17	Q90-Q99	1
Q91.5	Trisomy 13, mosaicism (mitotic nondisjunction)	17	Q90-Q99	1
Q91.6	Trisomy 13, translocation	17	Q90-Q99	1
Q91.7	Patau syndrome, unspecified	17	Q90-Q99	1
Q92	Other trisomies and partial trisomies of the autosomes, not elsewhere classified	17	Q90-Q99	0
Q92.0	Whole chromosome trisomy, meiotic nondisjunction	17	Q90-Q99	1
Q92.1	Whole chromosome trisomy, mosaicism (mitotic nondisjunction)	17	Q90-Q99	1
Q92.2	Major partial trisomy	17	Q90-Q99	1
Q92.3	Minor partial trisomy	17	Q90-Q99	1
Q92.4	Duplications seen only at prometaphase	17	Q90-Q99	1
Q92.5	Duplications with other complex rearrangements	17	Q90-Q99	1
Q92.6	Extra marker chromosomes	17	Q90-Q99	1
Q92.7	Triploidy and polyploidy	17	Q90-Q99	1
Q92.8	Other specified trisomies and partial trisomies of autosomes	17	Q90-Q99	1
Q92.9	Trisomy and partial trisomy of autosomes, unspecified	17	Q90-Q99	1
Q93	Monosomies and deletions from the autosomes, not elsewhere classified	17	Q90-Q99	0
Q93.0	Whole chromosome monosomy, meiotic nondisjunction	17	Q90-Q99	1
Q93.1	Whole chromosome monosomy, mosaicism (mitotic nondisjunction)	17	Q90-Q99	1
Q93.2	Chromosome replaced with ring or dicentric	17	Q90-Q99	1
Q93.3	Deletion of short arm of chromosome 4	17	Q90-Q99	1
Q93.4	Deletion of short arm of chromosome 5	17	Q90-Q99	1
Q93.5	Other deletions of part of a chromosome	17	Q90-Q99	1
Q93.6	Deletions seen only at prometaphase	17	Q90-Q99	1
Q93.7	Deletions with other complex rearrangements	17	Q90-Q99	1
Q93.8	Other deletions from the autosomes	17	Q90-Q99	1
Q93.9	Deletion from autosomes, unspecified	17	Q90-Q99	1
Q95	Balanced rearrangements and structural markers, not elsewhere classified	17	Q90-Q99	0
Q95.0	Balanced translocation and insertion in normal individual	17	Q90-Q99	1
Q95.1	Chromosome inversion in normal individual	17	Q90-Q99	1
Q95.2	Balanced autosomal rearrangement in abnormal individual	17	Q90-Q99	1
Q95.3	Balanced sex/autosomal rearrangement in abnormal individual	17	Q90-Q99	1
Q95.4	Individuals with marker heterochromatin	17	Q90-Q99	1
Q95.5	Individuals with autosomal fragile site	17	Q90-Q99	1
Q95.8	Other balanced rearrangements and structural markers	17	Q90-Q99	1
Q95.9	Balanced rearrangement and structural marker, unspecified	17	Q90-Q99	1
Q96	Turner syndrome	17	Q90-Q99	0
Q96.0	Karyotype 45,X	17	Q90-Q99	1
Q96.1	Karyotype 46,X iso (Xq)	17	Q90-Q99	1
Q96.2	Karyotype 46,X with abnormal sex chromosome, except iso (Xq)	17	Q90-Q99	1
Q96.3	Mosaicism, 45,X/46,XX or XY	17	Q90-Q99	1
Q96.4	Mosaicism, 45,X/other cell line(s) with abnormal sex chromosome	17	Q90-Q99	1
Q96.8	Other variants of Turner syndrome	17	Q90-Q99	1
Q96.9	Turner syndrome, unspecified	17	Q90-Q99	1
Q97	Other sex chromosome abnormalities, female phenotype, not elsewhere classified	17	Q90-Q99	0
Q97.0	Karyotype 47,XXX	17	Q90-Q99	1
Q97.1	Female with more than three X chromosomes	17	Q90-Q99	1
Q97.2	Mosaicism, lines with various numbers of X chromosomes	17	Q90-Q99	1
Q97.3	Female with 46,XY karyotype	17	Q90-Q99	1
Q97.8	Other specified sex chromosome abnormalities, female phenotype	17	Q90-Q99	1
Q97.9	Sex chromosome abnormality, female phenotype, unspecified	17	Q90-Q99	1
Q98	Other sex chromosome abnormalities, male phenotype, not elsewhere classified	17	Q90-Q99	0
Q98.0	Klinefelter syndrome karyotype 47,XXY	17	Q90-Q99	1
Q98.1	Klinefelter syndrome, male with more than two X chromosomes	17	Q90-Q99	1
Q98.2	Klinefelter syndrome, male with 46,XX karyotype	17	Q90-Q99	1
Q98.3	Other male with 46,XX karyotype	17	Q90-Q99	1
Q98.4	Klinefelter syndrome, unspecified	17	Q90-Q99	1
Q98.5	Karyotype 47,XYY	17	Q90-Q99	1
Q98.6	Male with structurally abnormal sex chromosome	17	Q90-Q99	1
Q98.7	Male with sex chromosome mosaicism	17	Q90-Q99	1
Q98.8	Other specified sex chromosome abnormalities, male phenotype	17	Q90-Q99	1
Q98.9	Sex chromosome abnormality, male phenotype, unspecified	17	Q90-Q99	1
Q99	Other chromosome abnormalities, not elsewhere classified	17	Q90-Q99	0
Q99.0	Chimera 46,XX/46,XY	17	Q90-Q99	1
Q99.1	46,XX true hermaphrodite	17	Q90-Q99	1
Q99.2	Fragile X chromosome	17	Q90-Q99	1
Q99.8	Other specified chromosome abnormalities	17	Q90-Q99	1
Q99.9	Chromosomal abnormality, unspecified	17	Q90-Q99	1
R00	Abnormalities of heart beat	18	R00-R09	0
R00.0	Tachycardia, unspecified	18	R00-R09	1
R00.1	Bradycardia, unspecified	18	R00-R09	1
R00.2	Palpitations	18	R00-R09	1
R00.3	Pulseless electrical activity, not elsewhere classified	18	R00-R09	1
R00.8	Other and unspecified abnormalities of heart beat	18	R00-R09	1
R01	Cardiac murmurs and other cardiac sounds	18	R00-R09	0
R01.0	Benign and innocent cardiac murmurs	18	R00-R09	1
R01.1	Cardiac murmur, unspecified	18	R00-R09	1
R01.2	Other cardiac sounds	18	R00-R09	1
R02	Gangrene, not elsewhere classified	18	R00-R09	1
R03	Abnormal blood-pressure reading, without diagnosis	18	R00-R09	0
R03.0	Elevated blood-pressure reading, without diagnosis of hypertension	18	R00-R09	1
R03.1	Nonspecific low blood-pressure reading	18	R00-R09	1
R04	Haemorrhage from respiratory passages	18	R00-R09	0
R04.0	Epistaxis	18	R00-R09	1
R04.1	Haemorrhage from throat	18	R00-R09	1
R04.2	Haemoptysis	18	R00-R09	1
R04.8	Haemorrhage from other sites in respiratory passages	18	R00-R09	1
R04.9	Haemorrhage from respiratory passages, unspecified	18	R00-R09	1
R05	Cough	18	R00-R09	1
R06	Abnormalities of breathing	18	R00-R09	0
R06.0	Dyspnoea	18	R00-R09	1
R06.1	Stridor	18	R00-R09	1
R06.2	Wheezing	18	R00-R09	1
R06.3	Periodic breathing	18	R00-R09	1
R06.4	Hyperventilation	18	R00-R09	1
R06.5	Mouth breathing	18	R00-R09	1
R06.6	Hiccough	18	R00-R09	1
R06.7	Sneezing	18	R00-R09	1
R06.8	Other and unspecified abnormalities of breathing	18	R00-R09	1
R07	Pain in throat and chest	18	R00-R09	0
R07.0	Pain in throat	18	R00-R09	1
R07.1	Chest pain on breathing	18	R00-R09	1
R07.2	Precordial pain	18	R00-R09	1
R07.3	Other chest pain	18	R00-R09	1
R07.4	Chest pain, unspecified	18	R00-R09	1
R09	Other symptoms and signs involving the circulatory and respiratory systems	18	R00-R09	0
R09.0	Asphyxia	18	R00-R09	1
R09.1	Pleurisy	18	R00-R09	1
R09.2	Respiratory arrest	18	R00-R09	1
R09.3	Abnormal sputum	18	R00-R09	1
R09.8	Other specified symptoms and signs involving the circulatory and respiratory systems	18	R00-R09	1
R10	Abdominal and pelvic pain	18	R10-R19	0
R10.0	Acute abdomen	18	R10-R19	1
R10.1	Pain localized to upper abdomen	18	R10-R19	1
R10.2	Pelvic and perineal pain	18	R10-R19	1
R10.3	Pain localized to other parts of lower abdomen	18	R10-R19	1
R10.4	Other and unspecified abdominal pain	18	R10-R19	1
R11	Nausea and vomiting	18	R10-R19	1
R12	Heartburn	18	R10-R19	1
R13	Dysphagia	18	R10-R19	1
R14	Flatulence and related conditions	18	R10-R19	1
R15	Faecal incontinence	18	R10-R19	1
R16	Hepatomegaly and splenomegaly, not elsewhere classified	18	R10-R19	0
R16.0	Hepatomegaly, not elsewhere classified	18	R10-R19	1
R16.1	Splenomegaly, not elsewhere classified	18	R10-R19	1
R16.2	Hepatomegaly with splenomegaly, not elsewhere classified	18	R10-R19	1
R17	Hyperbilirubinaemia, with or without jaundice, not elsewhere classified	18	R10-R19	0
R17.0	Hyperbilirubinaemia with mention of jaundice, not elsewhere classified	18	R10-R19	1
R17.9	Hyperbilirubinaemia without mention of jaundice, not elsewhere classified	18	R10-R19	1
R18	Ascites	18	R10-R19	1
R19	Other symptoms and signs involving the digestive system and abdomen	18	R10-R19	0
R19.0	Intra-abdominal and pelvic swelling, mass and lump	18	R10-R19	1
R19.1	Abnormal bowel sounds	18	R10-R19	1
R19.2	Visible peristalsis	18	R10-R19	1
R19.3	Abdominal rigidity	18	R10-R19	1
R19.4	Change in bowel habit	18	R10-R19	1
R19.5	Other faecal abnormalities	18	R10-R19	1
R19.6	Halitosis	18	R10-R19	1
R19.8	Other specified symptoms and signs involving the digestive system and abdomen	18	R10-R19	1
R20	Disturbances of skin sensation	18	R20-R23	0
R20.0	Anaesthesia of skin	18	R20-R23	1
R20.1	Hypoaesthesia of skin	18	R20-R23	1
R20.2	Paraesthesia of skin	18	R20-R23	1
R20.3	Hyperaesthesia	18	R20-R23	1
R20.8	Other and unspecified disturbances of skin sensation	18	R20-R23	1
R21	Rash and other nonspecific skin eruption	18	R20-R23	1
R22	Localized swelling, mass and lump of skin and subcutaneous tissue	18	R20-R23	0
R22.0	Localized swelling, mass and lump, head	18	R20-R23	1
R22.1	Localized swelling, mass and lump, neck	18	R20-R23	1
R22.2	Localized swelling, mass and lump, trunk	18	R20-R23	1
R22.3	Localized swelling, mass and lump, upper limb	18	R20-R23	1
R22.4	Localized swelling, mass and lump, lower limb	18	R20-R23	1
R22.7	Localized swelling, mass and lump, multiple sites	18	R20-R23	1
R22.9	Localized swelling, mass and lump, unspecified	18	R20-R23	1
R23	Other skin changes	18	R20-R23	0
R23.0	Cyanosis	18	R20-R23	1
R23.1	Pallor	18	R20-R23	1
R23.2	Flushing	18	R20-R23	1
R23.3	Spontaneous ecchymoses	18	R20-R23	1
R23.4	Changes in skin texture	18	R20-R23	1
R23.8	Other and unspecified skin changes	18	R20-R23	1
R25	Abnormal involuntary movements	18	R25-R29	0
R25.0	Abnormal head movements	18	R25-R29	1
R25.1	Tremor, unspecified	18	R25-R29	1
R25.2	Cramp and spasm	18	R25-R29	1
R25.3	Fasciculation	18	R25-R29	1
R25.8	Other and unspecified abnormal involuntary movements	18	R25-R29	1
R26	Abnormalities of gait and mobility	18	R25-R29	0
R26.0	Ataxic gait	18	R25-R29	1
R26.1	Paralytic gait	18	R25-R29	1
R26.2	Difficulty in walking, not elsewhere classified	18	R25-R29	1
R26.3	Immobility	18	R25-R29	1
R26.8	Other and unspecified abnormalities of gait and mobility	18	R25-R29	1
R27	Other lack of coordination	18	R25-R29	0
R27.0	Ataxia, unspecified	18	R25-R29	1
R27.8	Other and unspecified lack of coordination	18	R25-R29	1
R29	Other symptoms and signs involving the nervous and musculoskeletal systems	18	R25-R29	0
R29.0	Tetany	18	R25-R29	1
R29.1	Meningismus	18	R25-R29	1
R29.2	Abnormal reflex	18	R25-R29	1
R29.3	Abnormal posture	18	R25-R29	1
R29.4	Clicking hip	18	R25-R29	1
R29.6	Tendency to fall, not elsewhere classified	18	R25-R29	1
R29.8	Other and unspecified symptoms and signs involving the nervous and musculoskeletal systems	18	R25-R29	1
R30	Pain associated with micturition	18	R30-R39	0
R30.0	Dysuria	18	R30-R39	1
R30.1	Vesical tenesmus	18	R30-R39	1
R30.9	Painful micturition, unspecified	18	R30-R39	1
R31	Unspecified haematuria	18	R30-R39	1
R32	Unspecified urinary incontinence	18	R30-R39	1
R33	Retention of urine	18	R30-R39	1
R34	Anuria and oliguria	18	R30-R39	1
R35	Polyuria	18	R30-R39	1
R36	Urethral discharge	18	R30-R39	1
R39	Other symptoms and signs involving the urinary system	18	R30-R39	0
R39.0	Extravasation of urine	18	R30-R39	1
R39.1	Other difficulties with micturition	18	R30-R39	1
R39.2	Extrarenal uraemia	18	R30-R39	1
R39.8	Other and unspecified symptoms and signs involving the urinary system	18	R30-R39	1
R40	Somnolence, stupor and coma	18	R40-R46	0
R40.0	Somnolence	18	R40-R46	1
R40.1	Stupor	18	R40-R46	1
R40.2	Coma, unspecified	18	R40-R46	1
R41	Other symptoms and signs involving cognitive functions and awareness	18	R40-R46	0
R41.0	Disorientation, unspecified	18	R40-R46	1
R41.1	Anterograde amnesia	18	R40-R46	1
R41.2	Retrograde amnesia	18	R40-R46	1
R41.3	Other amnesia	18	R40-R46	1
R41.8	Other and unspecified symptoms and signs involving cognitive functions and awareness	18	R40-R46	1
R42	Dizziness and giddiness	18	R40-R46	1
R43	Disturbances of smell and taste	18	R40-R46	0
R43.0	Anosmia	18	R40-R46	1
R43.1	Parosmia	18	R40-R46	1
R43.2	Parageusia	18	R40-R46	1
R43.8	Other and unspecified disturbances of smell and taste	18	R40-R46	1
R44	Other symptoms and signs involving general sensations and perceptions	18	R40-R46	0
R44.0	Auditory hallucinations	18	R40-R46	1
R44.1	Visual hallucinations	18	R40-R46	1
R44.2	Other hallucinations	18	R40-R46	1
R44.3	Hallucinations, unspecified	18	R40-R46	1
R44.8	Other and unspecified symptoms and signs involving general sensations and perceptions	18	R40-R46	1
R45	Symptoms and signs involving emotional state	18	R40-R46	0
R45.0	Nervousness	18	R40-R46	1
R45.1	Restlessness and agitation	18	R40-R46	1
R45.2	Unhappiness	18	R40-R46	1
R45.3	Demoralization and apathy	18	R40-R46	1
R45.4	Irritability and anger	18	R40-R46	1
R45.5	Hostility	18	R40-R46	1
R45.6	Physical violence	18	R40-R46	1
R45.7	State of emotional shock and stress, unspecified	18	R40-R46	1
R45.8	Other symptoms and signs involving emotional state	18	R40-R46	1
R46	Symptoms and signs involving appearance and behaviour	18	R40-R46	0
R46.0	Very low level of personal hygiene	18	R40-R46	1
R46.1	Bizarre personal appearance	18	R40-R46	1
R46.2	Strange and inexplicable behaviour	18	R40-R46	1
R46.3	Overactivity	18	R40-R46	1
R46.4	Slowness and poor responsiveness	18	R40-R46	1
R46.5	Suspiciousness and marked evasiveness	18	R40-R46	1
R46.6	Undue concern and preoccupation with stressful events	18	R40-R46	1
R46.7	Verbosity and circumstantial detail obscuring reason for contact	18	R40-R46	1
R46.8	Other symptoms and signs involving appearance and behaviour	18	R40-R46	1
R47	Speech disturbances, not elsewhere classified	18	R47-R49	0
R47.0	Dysphasia and aphasia	18	R47-R49	1
R47.1	Dysarthria and anarthria	18	R47-R49	1
R47.8	Other and unspecified speech disturbances	18	R47-R49	1
R48	Dyslexia and other symbolic dysfunctions, not elsewhere classified	18	R47-R49	0
R48.0	Dyslexia and alexia	18	R47-R49	1
R48.1	Agnosia	18	R47-R49	1
R48.2	Apraxia	18	R47-R49	1
R48.8	Other and unspecified symbolic dysfunctions	18	R47-R49	1
R49	Voice disturbances	18	R47-R49	0
R49.0	Dysphonia	18	R47-R49	1
R49.1	Aphonia	18	R47-R49	1
R49.2	Hypernasality and hyponasality	18	R47-R49	1
R49.8	Other and unspecified voice disturbances	18	R47-R49	1
R50	Fever of other and unknown origin	18	R50-R69	0
R50.2	Drug-induced fever	18	R50-R69	1
R50.8	Other specified fever	18	R50-R69	1
R50.9	Fever, unspecified	18	R50-R69	1
R51	Headache	18	R50-R69	1
R52	Pain, not elsewhere classified	18	R50-R69	0
R52.0	Acute pain	18	R50-R69	1
R52.1	Chronic intractable pain	18	R50-R69	1
R52.2	Other chronic pain	18	R50-R69	1
R52.9	Pain, unspecified	18	R50-R69	1
R53	Malaise and fatigue	18	R50-R69	1
R54	Senility	18	R50-R69	1
R55	Syncope and collapse	18	R50-R69	1
R56	Convulsions, not elsewhere classified	18	R50-R69	0
R56.0	Febrile convulsions	18	R50-R69	1
R56.8	Other and unspecified convulsions	18	R50-R69	1
R57	Shock, not elsewhere classified	18	R50-R69	0
R57.0	Cardiogenic shock	18	R50-R69	1
R57.1	Hypovolaemic shock	18	R50-R69	1
R57.2	Septic shock	18	R50-R69	1
R57.8	Other shock	18	R50-R69	1
R57.9	Shock, unspecified	18	R50-R69	1
R58	Haemorrhage, not elsewhere classified	18	R50-R69	1
R59	Enlarged lymph nodes	18	R50-R69	0
R59.0	Localized enlarged lymph nodes	18	R50-R69	1
R59.1	Generalized enlarged lymph nodes	18	R50-R69	1
R59.9	Enlarged lymph nodes, unspecified	18	R50-R69	1
R60	Oedema, not elsewhere classified	18	R50-R69	0
R60.0	Localized oedema	18	R50-R69	1
R60.1	Generalized oedema	18	R50-R69	1
R60.9	Oedema, unspecified	18	R50-R69	1
R61	Hyperhidrosis	18	R50-R69	0
R61.0	Localized hyperhidrosis	18	R50-R69	1
R61.1	Generalized hyperhidrosis	18	R50-R69	1
R61.9	Hyperhidrosis, unspecified	18	R50-R69	1
R62	Lack of expected normal physiological development	18	R50-R69	0
R62.0	Delayed milestone	18	R50-R69	1
R62.8	Other lack of expected normal physiological development	18	R50-R69	1
R62.9	Lack of expected normal physiological development, unspecified	18	R50-R69	1
R63	Symptoms and signs concerning food and fluid intake	18	R50-R69	0
R63.0	Anorexia	18	R50-R69	1
R63.1	Polydipsia	18	R50-R69	1
R63.2	Polyphagia	18	R50-R69	1
R63.3	Feeding difficulties and mismanagement	18	R50-R69	1
R63.4	Abnormal weight loss	18	R50-R69	1
R63.5	Abnormal weight gain	18	R50-R69	1
R63.6	Insufficient intake of food and water	18	R50-R69	1
R63.8	Other symptoms and signs concerning food and fluid intake	18	R50-R69	1
R64	Cachexia	18	R50-R69	1
R65	Systemic Inflammatory Response Syndrome [SIRS]	18	R50-R69	0
R65.0	Systemic Inflammatory Response Syndrome of infectious origin without organ failure	18	R50-R69	1
R65.1	Systemic Inflammatory Response Syndrome of infectious origin with organ failure	18	R50-R69	1
R65.2	Systemic Inflammatory Response Syndrome of non-infectious origin without organ failure	18	R50-R69	1
R65.3	Systemic Inflammatory Response Syndrome of non-infectious origin with organ failure	18	R50-R69	1
R65.9	Systemic Inflammatory Response Syndrome, unspecified	18	R50-R69	1
R68	Other general symptoms and signs	18	R50-R69	0
R68.0	Hypothermia, not associated with low environmental temperature	18	R50-R69	1
R68.1	Nonspecific symptoms peculiar to infancy	18	R50-R69	1
R68.2	Dry mouth, unspecified	18	R50-R69	1
R68.3	Clubbing of fingers	18	R50-R69	1
R68.8	Other specified general symptoms and signs	18	R50-R69	1
R69	Unknown and unspecified causes of morbidity	18	R50-R69	1
R70	Elevated erythrocyte sedimentation rate and abnormality of plasma viscosity	18	R70-R79	0
R70.0	Elevated erythrocyte sedimentation rate	18	R70-R79	1
R70.1	Abnormal plasma viscosity	18	R70-R79	1
R71	Abnormality of red blood cells	18	R70-R79	1
R72	Abnormality of white blood cells, not elsewhere classified	18	R70-R79	1
R73	Elevated blood glucose level	18	R70-R79	0
R73.0	Abnormal glucose tolerance test	18	R70-R79	1
R73.9	Hyperglycaemia, unspecified	18	R70-R79	1
R74	Abnormal serum enzyme levels	18	R70-R79	0
R74.0	Elevation of levels of transaminase and lactic acid dehydrogenase [LDH]	18	R70-R79	1
R74.8	Abnormal levels of other serum enzymes	18	R70-R79	1
R74.9	Abnormal level of unspecified serum enzyme	18	R70-R79	1
R75	Laboratory evidence of human immunodeficiency virus [HIV]	18	R70-R79	1
R76	Other abnormal immunological findings in serum	18	R70-R79	0
R76.0	Raised antibody titre	18	R70-R79	1
R76.1	Abnormal reaction to tuberculin test	18	R70-R79	1
R76.2	False-positive serological test for syphilis	18	R70-R79	1
R76.8	Other specified abnormal immunological findings in serum	18	R70-R79	1
R76.9	Abnormal immunological finding in serum, unspecified	18	R70-R79	1
R77	Other abnormalities of plasma proteins	18	R70-R79	0
R77.0	Abnormality of albumin	18	R70-R79	1
R77.1	Abnormality of globulin	18	R70-R79	1
R77.2	Abnormality of alphafetoprotein	18	R70-R79	1
R77.8	Other specified abnormalities of plasma proteins	18	R70-R79	1
R77.9	Abnormality of plasma protein, unspecified	18	R70-R79	1
R78	Findings of drugs and other substances, not normally found in blood	18	R70-R79	0
R78.0	Finding of alcohol in blood	18	R70-R79	1
R78.1	Finding of opiate drug in blood	18	R70-R79	1
R78.2	Finding of cocaine in blood	18	R70-R79	1
R78.3	Finding of hallucinogen in blood	18	R70-R79	1
R78.4	Finding of other drugs of addictive potential in blood	18	R70-R79	1
R78.5	Finding of psychotropic drug in blood	18	R70-R79	1
R78.6	Finding of steroid agent in blood	18	R70-R79	1
R78.7	Finding of abnormal level of heavy metals in blood	18	R70-R79	1
R78.8	Finding of other specified substances, not normally found in blood	18	R70-R79	1
R78.9	Finding of unspecified substance, not normally found in blood	18	R70-R79	1
R79	Other abnormal findings of blood chemistry	18	R70-R79	0
R79.0	Abnormal level of blood mineral	18	R70-R79	1
R79.8	Other specified abnormal findings of blood chemistry	18	R70-R79	1
R79.9	Abnormal finding of blood chemistry, unspecified	18	R70-R79	1
R80	Isolated proteinuria	18	R80-R82	1
R81	Glycosuria	18	R80-R82	1
R82	Other abnormal findings in urine	18	R80-R82	0
R82.0	Chyluria	18	R80-R82	1
R82.1	Myoglobinuria	18	R80-R82	1
R82.2	Biliuria	18	R80-R82	1
R82.3	Haemoglobinuria	18	R80-R82	1
R82.4	Acetonuria	18	R80-R82	1
R82.5	Elevated urine levels of drugs, medicaments and biological substances	18	R80-R82	1
R82.6	Abnormal urine levels of substances chiefly nonmedicinal as to source	18	R80-R82	1
R82.7	Abnormal findings on microbiological examination of urine	18	R80-R82	1
R82.8	Abnormal findings on cytological and histological examination of urine	18	R80-R82	1
R82.9	Other and unspecified abnormal findings in urine	18	R80-R82	1
R83	Abnormal findings in cerebrospinal fluid	18	R83-R89	0
R83.0	Abnormal findings in cerebrospinal fluid: Abnormal level of enzymes	18	R83-R89	1
R83.1	Abnormal findings in cerebrospinal fluid: Abnormal level of hormones	18	R83-R89	1
R83.2	Abnormal findings in cerebrospinal fluid: Abnormal level of other drugs, medicaments and biological substances	18	R83-R89	1
R83.3	Abnormal findings in cerebrospinal fluid: Abnormal level of substances chiefly nonmedicinal as to source	18	R83-R89	1
R83.4	Abnormal findings in cerebrospinal fluid: Abnormal immunological findings	18	R83-R89	1
R83.5	Abnormal findings in cerebrospinal fluid: Abnormal microbiological findings	18	R83-R89	1
R83.6	Abnormal findings in cerebrospinal fluid: Abnormal cytological findings	18	R83-R89	1
R83.7	Abnormal findings in cerebrospinal fluid: Abnormal histological findings	18	R83-R89	1
R83.8	Abnormal findings in cerebrospinal fluid: Other abnormal findings	18	R83-R89	1
R83.9	Abnormal findings in cerebrospinal fluid: Unspecified abnormal finding	18	R83-R89	1
R84	Abnormal findings in specimens from respiratory organs and thorax	18	R83-R89	0
R84.0	Abnormal findings in specimens from respiratory organs and thorax: Abnormal level of enzymes	18	R83-R89	1
R84.1	Abnormal findings in specimens from respiratory organs and thorax: Abnormal level of hormones	18	R83-R89	1
R84.2	Abnormal findings in specimens from respiratory organs and thorax: Abnormal level of other drugs, medicaments and biological substances	18	R83-R89	1
R84.3	Abnormal findings in specimens from respiratory organs and thorax: Abnormal level of substances chiefly nonmedicinal as to source	18	R83-R89	1
R84.4	Abnormal findings in specimens from respiratory organs and thorax: Abnormal immunological findings	18	R83-R89	1
R84.5	Abnormal findings in specimens from respiratory organs and thorax: Abnormal microbiological findings	18	R83-R89	1
R84.6	Abnormal findings in specimens from respiratory organs and thorax: Abnormal cytological findings	18	R83-R89	1
R84.7	Abnormal findings in specimens from respiratory organs and thorax: Abnormal histological findings	18	R83-R89	1
R84.8	Abnormal findings in specimens from respiratory organs and thorax: Other abnormal findings	18	R83-R89	1
R84.9	Abnormal findings in specimens from respiratory organs and thorax: Unspecified abnormal finding	18	R83-R89	1
R85	Abnormal findings in specimens from digestive organs and abdominal cavity	18	R83-R89	0
R85.0	Abnormal findings in specimens from digestive organs and abdominal cavity: Abnormal level of enzymes	18	R83-R89	1
R85.1	Abnormal findings in specimens from digestive organs and abdominal cavity: Abnormal level of hormones	18	R83-R89	1
R85.2	Abnormal findings in specimens from digestive organs and abdominal cavity: Abnormal level of other drugs, medicaments and biological substances	18	R83-R89	1
R85.3	Abnormal findings in specimens from digestive organs and abdominal cavity: Abnormal level of substances chiefly nonmedicinal as to source	18	R83-R89	1
R85.4	Abnormal findings in specimens from digestive organs and abdominal cavity: Abnormal immunological findings	18	R83-R89	1
R85.5	Abnormal findings in specimens from digestive organs and abdominal cavity: Abnormal microbiological findings	18	R83-R89	1
R85.6	Abnormal findings in specimens from digestive organs and abdominal cavity: Abnormal cytological findings	18	R83-R89	1
R85.7	Abnormal findings in specimens from digestive organs and abdominal cavity: Abnormal histological findings	18	R83-R89	1
R85.8	Abnormal findings in specimens from digestive organs and abdominal cavity: Other abnormal findings	18	R83-R89	1
R85.9	Abnormal findings in specimens from digestive organs and abdominal cavity: Unspecified abnormal finding	18	R83-R89	1
R86	Abnormal findings in specimens from male genital organs	18	R83-R89	0
R86.0	Abnormal findings in specimens from male genital organs: Abnormal level of enzymes	18	R83-R89	1
R86.1	Abnormal findings in specimens from male genital organs: Abnormal level of hormones	18	R83-R89	1
R86.2	Abnormal findings in specimens from male genital organs: Abnormal level of other drugs, medicaments and biological substances	18	R83-R89	1
R86.3	Abnormal findings in specimens from male genital organs: Abnormal level of substances chiefly nonmedicinal as to source	18	R83-R89	1
R86.4	Abnormal findings in specimens from male genital organs: Abnormal immunological findings	18	R83-R89	1
R86.5	Abnormal findings in specimens from male genital organs: Abnormal microbiological findings	18	R83-R89	1
R86.6	Abnormal findings in specimens from male genital organs: Abnormal cytological findings	18	R83-R89	1
R86.7	Abnormal findings in specimens from male genital organs: Abnormal histological findings	18	R83-R89	1
R86.8	Abnormal findings in specimens from male genital organs: Other abnormal findings	18	R83-R89	1
R86.9	Abnormal findings in specimens from male genital organs: Unspecified abnormal finding	18	R83-R89	1
R87	Abnormal findings in specimens from female genital organs	18	R83-R89	0
R87.0	Abnormal findings in specimens from female genital organs: Abnormal level of enzymes	18	R83-R89	1
R87.1	Abnormal findings in specimens from female genital organs: Abnormal level of hormones	18	R83-R89	1
R87.2	Abnormal findings in specimens from female genital organs: Abnormal level of other drugs, medicaments and biological substances	18	R83-R89	1
R87.3	Abnormal findings in specimens from female genital organs: Abnormal level of substances chiefly nonmedicinal as to source	18	R83-R89	1
R87.4	Abnormal findings in specimens from female genital organs: Abnormal immunological findings	18	R83-R89	1
R87.5	Abnormal findings in specimens from female genital organs: Abnormal microbiological findings	18	R83-R89	1
R87.6	Abnormal findings in specimens from female genital organs: Abnormal cytological findings	18	R83-R89	1
R87.7	Abnormal findings in specimens from female genital organs: Abnormal histological findings	18	R83-R89	1
R87.8	Abnormal findings in specimens from female genital organs: Other abnormal findings	18	R83-R89	1
R87.9	Abnormal findings in specimens from female genital organs: Unspecified abnormal finding	18	R83-R89	1
R89	Abnormal findings in specimens from other organs, systems and tissues	18	R83-R89	0
R89.0	Abnormal findings in specimens from other organs, systems and tissues: Abnormal level of enzymes	18	R83-R89	1
R89.1	Abnormal findings in specimens from other organs, systems and tissues: Abnormal level of hormones	18	R83-R89	1
R89.2	Abnormal findings in specimens from other organs, systems and tissues: Abnormal level of other drugs, medicaments and biological substances	18	R83-R89	1
R89.3	Abnormal findings in specimens from other organs, systems and tissues: Abnormal level of substances chiefly nonmedicinal as to source	18	R83-R89	1
R89.4	Abnormal findings in specimens from other organs, systems and tissues: Abnormal immunological findings	18	R83-R89	1
R89.5	Abnormal findings in specimens from other organs, systems and tissues: Abnormal microbiological findings	18	R83-R89	1
R89.6	Abnormal findings in specimens from other organs, systems and tissues: Abnormal cytological findings	18	R83-R89	1
R89.7	Abnormal findings in specimens from other organs, systems and tissues: Abnormal histological findings	18	R83-R89	1
R89.8	Abnormal findings in specimens from other organs, systems and tissues: Other abnormal findings	18	R83-R89	1
R89.9	Abnormal findings in specimens from other organs, systems and tissues: Unspecified abnormal finding	18	R83-R89	1
R90	Abnormal findings on diagnostic imaging of central nervous system	18	R90-R94	0
R90.0	Intracranial space-occupying lesion	18	R90-R94	1
R90.8	Other abnormal findings on diagnostic imaging of central nervous system	18	R90-R94	1
R91	Abnormal findings on diagnostic imaging of lung	18	R90-R94	1
R92	Abnormal findings on diagnostic imaging of breast	18	R90-R94	1
R93	Abnormal findings on diagnostic imaging of other body structures	18	R90-R94	0
R93.0	Abnormal findings on diagnostic imaging of skull and head, not elsewhere classified	18	R90-R94	1
R93.1	Abnormal findings on diagnostic imaging of heart and coronary circulation	18	R90-R94	1
R93.2	Abnormal findings on diagnostic imaging of liver and biliary tract	18	R90-R94	1
R93.3	Abnormal findings on diagnostic imaging of other parts of digestive tract	18	R90-R94	1
R93.4	Abnormal findings on diagnostic imaging of urinary organs	18	R90-R94	1
R93.5	Abnormal findings on diagnostic imaging of other abdominal regions, including retroperitoneum	18	R90-R94	1
R93.6	Abnormal findings on diagnostic imaging of limbs	18	R90-R94	1
R93.7	Abnormal findings on diagnostic imaging of other parts of musculoskeletal system	18	R90-R94	1
R93.8	Abnormal findings on diagnostic imaging of other specified body structures	18	R90-R94	1
R94	Abnormal results of function studies	18	R90-R94	0
R94.0	Abnormal results of function studies of central nervous system	18	R90-R94	1
R94.1	Abnormal results of function studies of peripheral nervous system and special senses	18	R90-R94	1
R94.2	Abnormal results of pulmonary function studies	18	R90-R94	1
R94.3	Abnormal results of cardiovascular function studies	18	R90-R94	1
R94.4	Abnormal results of kidney function studies	18	R90-R94	1
R94.5	Abnormal results of liver function studies	18	R90-R94	1
R94.6	Abnormal results of thyroid function studies	18	R90-R94	1
R94.7	Abnormal results of other endocrine function studies	18	R90-R94	1
R94.8	Abnormal results of function studies of other organs and systems	18	R90-R94	1
R95	Sudden infant death syndrome	18	R95-R99	0
R95.0	Sudden infant death syndrome with mention of autopsy	18	R95-R99	1
R95.9	Sudden infant death syndrome without mention of autopsy	18	R95-R99	1
R96	Other sudden death, cause unknown	18	R95-R99	0
R96.0	Instantaneous death	18	R95-R99	1
R96.1	Death occurring less than 24 hours from onset of symptoms, not otherwise explained	18	R95-R99	1
R98	Unattended death	18	R95-R99	1
R99	Other ill-defined and unspecified causes of mortality	18	R95-R99	1
S00	Superficial injury of head	19	S00-S09	0
S00.0	Superficial injury of scalp	19	S00-S09	1
S00.1	Contusion of eyelid and periocular area	19	S00-S09	1
S00.2	Other superficial injuries of eyelid and periocular area	19	S00-S09	1
S00.3	Superficial injury of nose	19	S00-S09	1
S00.4	Superficial injury of ear	19	S00-S09	1
S00.5	Superficial injury of lip and oral cavity	19	S00-S09	1
S00.7	Multiple superficial injuries of head	19	S00-S09	1
S00.8	Superficial injury of other parts of head	19	S00-S09	1
S00.9	Superficial injury of head, part unspecified	19	S00-S09	1
S01	Open wound of head	19	S00-S09	0
S01.0	Open wound of scalp	19	S00-S09	1
S01.1	Open wound of eyelid and periocular area	19	S00-S09	1
S01.2	Open wound of nose	19	S00-S09	1
S01.3	Open wound of ear	19	S00-S09	1
S01.4	Open wound of cheek and temporomandibular area	19	S00-S09	1
S01.5	Open wound of lip and oral cavity	19	S00-S09	1
S01.7	Multiple open wounds of head	19	S00-S09	1
S01.8	Open wound of other parts of head	19	S00-S09	1
S01.9	Open wound of head, part unspecified	19	S00-S09	1
S02	Fracture of skull and facial bones	19	S00-S09	0
S02.0	Fracture of vault of skull	19	S00-S09	1
S02.1	Fracture of base of skull	19	S00-S09	1
S02.2	Fracture of nasal bones	19	S00-S09	1
S02.3	Fracture of orbital floor	19	S00-S09	1
S02.4	Fracture of malar and maxillary bones	19	S00-S09	1
S02.5	Fracture of tooth	19	S00-S09	1
S02.6	Fracture of mandible	19	S00-S09	1
S02.7	Multiple fractures involving skull and facial bones	19	S00-S09	1
S02.8	Fractures of other skull and facial bones	19	S00-S09	1
S02.9	Fracture of skull and facial bones, part unspecified	19	S00-S09	1
S03	Dislocation, sprain and strain of joints and ligaments of head	19	S00-S09	0
S03.0	Dislocation of jaw	19	S00-S09	1
S03.1	Dislocation of septal cartilage of nose	19	S00-S09	1
S03.2	Dislocation of tooth	19	S00-S09	1
S03.3	Dislocation of other and unspecified parts of head	19	S00-S09	1
S03.4	Sprain and strain of jaw	19	S00-S09	1
S03.5	Sprain and strain of joints and ligaments of other and unspecified parts of head	19	S00-S09	1
S04	Injury of cranial nerves	19	S00-S09	0
S04.0	Injury of optic nerve and pathways	19	S00-S09	1
S04.1	Injury of oculomotor nerve	19	S00-S09	1
S04.2	Injury of trochlear nerve	19	S00-S09	1
S04.3	Injury of trigeminal nerve	19	S00-S09	1
S04.4	Injury of abducent nerve	19	S00-S09	1
S04.5	Injury of facial nerve	19	S00-S09	1
S04.6	Injury of acoustic nerve	19	S00-S09	1
S04.7	Injury of accessory nerve	19	S00-S09	1
S04.8	Injury of other cranial nerves	19	S00-S09	1
S04.9	Injury of unspecified cranial nerve	19	S00-S09	1
S05	Injury of eye and orbit	19	S00-S09	0
S05.0	Injury of conjunctiva and corneal abrasion without mention of foreign body	19	S00-S09	1
S05.1	Contusion of eyeball and orbital tissues	19	S00-S09	1
S05.2	Ocular laceration and rupture with prolapse or loss of intraocular tissue	19	S00-S09	1
S05.3	Ocular laceration without prolapse or loss of intraocular tissue	19	S00-S09	1
S05.4	Penetrating wound of orbit with or without foreign body	19	S00-S09	1
S05.5	Penetrating wound of eyeball with foreign body	19	S00-S09	1
S05.6	Penetrating wound of eyeball without foreign body	19	S00-S09	1
S05.7	Avulsion of eye	19	S00-S09	1
S05.8	Other injuries of eye and orbit	19	S00-S09	1
S05.9	Injury of eye and orbit, unspecified	19	S00-S09	1
S06	Intracranial injury	19	S00-S09	0
S06.0	Concussion	19	S00-S09	1
S06.1	Traumatic cerebral oedema	19	S00-S09	1
S06.2	Diffuse brain injury	19	S00-S09	1
S06.3	Focal brain injury	19	S00-S09	1
S06.4	Epidural haemorrhage	19	S00-S09	1
S06.5	Traumatic subdural haemorrhage	19	S00-S09	1
S06.6	Traumatic subarachnoid haemorrhage	19	S00-S09	1
S06.7	Intracranial injury with prolonged coma	19	S00-S09	1
S06.8	Other intracranial injuries	19	S00-S09	1
S06.9	Intracranial injury, unspecified	19	S00-S09	1
S07	Crushing injury of head	19	S00-S09	0
S07.0	Crushing injury of face	19	S00-S09	1
S07.1	Crushing injury of skull	19	S00-S09	1
S07.8	Crushing injury of other parts of head	19	S00-S09	1
S07.9	Crushing injury of head, part unspecified	19	S00-S09	1
S08	Traumatic amputation of part of head	19	S00-S09	0
S08.0	Avulsion of scalp	19	S00-S09	1
S08.1	Traumatic amputation of ear	19	S00-S09	1
S08.8	Traumatic amputation of other parts of head	19	S00-S09	1
S08.9	Traumatic amputation of unspecified part of head	19	S00-S09	1
S09	Other and unspecified injuries of head	19	S00-S09	0
S09.0	Injury of blood vessels of head, not elsewhere classified	19	S00-S09	1
S09.1	Injury of muscle and tendon of head	19	S00-S09	1
S09.2	Traumatic rupture of ear drum	19	S00-S09	1
S09.7	Multiple injuries of head	19	S00-S09	1
S09.8	Other specified injuries of head	19	S00-S09	1
S09.9	Unspecified injury of head	19	S00-S09	1
S10	Superficial injury of neck	19	S10-S19	0
S10.0	Contusion of throat	19	S10-S19	1
S10.1	Other and unspecified superficial injuries of throat	19	S10-S19	1
S10.7	Multiple superficial injuries of neck	19	S10-S19	1
S10.8	Superficial injury of other parts of neck	19	S10-S19	1
S10.9	Superficial injury of neck, part unspecified	19	S10-S19	1
S11	Open wound of neck	19	S10-S19	0
S11.0	Open wound involving larynx and trachea	19	S10-S19	1
S11.1	Open wound involving thyroid gland	19	S10-S19	1
S11.2	Open wound involving pharynx and cervical oesophagus	19	S10-S19	1
S11.7	Multiple open wounds of neck	19	S10-S19	1
S11.8	Open wound of other parts of neck	19	S10-S19	1
S11.9	Open wound of neck, part unspecified	19	S10-S19	1
S12	Fracture of neck	19	S10-S19	0
S12.0	Fracture of first cervical vertebra	19	S10-S19	1
S12.1	Fracture of second cervical vertebra	19	S10-S19	1
S12.2	Fracture of other specified cervical vertebra	19	S10-S19	1
S12.7	Multiple fractures of cervical spine	19	S10-S19	1
S12.8	Fracture of other parts of neck	19	S10-S19	1
S12.9	Fracture of neck, part unspecified	19	S10-S19	1
S13	Dislocation, sprain and strain of joints and ligaments at neck level	19	S10-S19	0
S13.0	Traumatic rupture of cervical intervertebral disc	19	S10-S19	1
S13.1	Dislocation of cervical vertebra	19	S10-S19	1
S13.2	Dislocation of other and unspecified parts of neck	19	S10-S19	1
S13.3	Multiple dislocations of neck	19	S10-S19	1
S13.4	Sprain and strain of cervical spine	19	S10-S19	1
S13.5	Sprain and strain of thyroid region	19	S10-S19	1
S13.6	Sprain and strain of joints and ligaments of other and unspecified parts of neck	19	S10-S19	1
S14	Injury of nerves and spinal cord at neck level	19	S10-S19	0
S14.0	Concussion and oedema of cervical spinal cord	19	S10-S19	1
S14.1	Other and unspecified injuries of cervical spinal cord	19	S10-S19	1
S14.2	Injury of nerve root of cervical spine	19	S10-S19	1
S14.3	Injury of brachial plexus	19	S10-S19	1
S14.4	Injury of peripheral nerves of neck	19	S10-S19	1
S14.5	Injury of cervical sympathetic nerves	19	S10-S19	1
S14.6	Injury of other and unspecified nerves of neck	19	S10-S19	1
S15	Injury of blood vessels at neck level	19	S10-S19	0
S15.0	Injury of carotid artery	19	S10-S19	1
S15.1	Injury of vertebral artery	19	S10-S19	1
S15.2	Injury of external jugular vein	19	S10-S19	1
S15.3	Injury of internal jugular vein	19	S10-S19	1
S15.7	Injury of multiple blood vessels at neck level	19	S10-S19	1
S15.8	Injury of other blood vessels at neck level	19	S10-S19	1
S15.9	Injury of unspecified blood vessel at neck level	19	S10-S19	1
S16	Injury of muscle and tendon at neck level	19	S10-S19	1
S17	Crushing injury of neck	19	S10-S19	0
S17.0	Crushing injury of larynx and trachea	19	S10-S19	1
S17.8	Crushing injury of other parts of neck	19	S10-S19	1
S17.9	Crushing injury of neck, part unspecified	19	S10-S19	1
S18	Traumatic amputation at neck level	19	S10-S19	1
S19	Other and unspecified injuries of neck	19	S10-S19	0
S19.7	Multiple injuries of neck	19	S10-S19	1
S19.8	Other specified injuries of neck	19	S10-S19	1
S19.9	Unspecified injury of neck	19	S10-S19	1
S20	Superficial injury of thorax	19	S20-S29	0
S20.0	Contusion of breast	19	S20-S29	1
S20.1	Other and unspecified superficial injuries of breast	19	S20-S29	1
S20.2	Contusion of thorax	19	S20-S29	1
S20.3	Other superficial injuries of front wall of thorax	19	S20-S29	1
S20.4	Other superficial injuries of back wall of thorax	19	S20-S29	1
S20.7	Multiple superficial injuries of thorax	19	S20-S29	1
S20.8	Superficial injury of other and unspecified parts of thorax	19	S20-S29	1
S21	Open wound of thorax	19	S20-S29	0
S21.0	Open wound of breast	19	S20-S29	1
S21.1	Open wound of front wall of thorax	19	S20-S29	1
S21.2	Open wound of back wall of thorax	19	S20-S29	1
S21.7	Multiple open wounds of thoracic wall	19	S20-S29	1
S21.8	Open wound of other parts of thorax	19	S20-S29	1
S21.9	Open wound of thorax, part unspecified	19	S20-S29	1
S22	Fracture of rib(s), sternum and thoracic spine	19	S20-S29	0
S22.0	Fracture of thoracic vertebra	19	S20-S29	1
S22.1	Multiple fractures of thoracic spine	19	S20-S29	1
S22.2	Fracture of sternum	19	S20-S29	1
S22.3	Fracture of rib	19	S20-S29	1
S22.4	Multiple fractures of ribs	19	S20-S29	1
S22.5	Flail chest	19	S20-S29	1
S22.8	Fracture of other parts of bony thorax	19	S20-S29	1
S22.9	Fracture of bony thorax, part unspecified	19	S20-S29	1
S23	Dislocation, sprain and strain of joints and ligaments of thorax	19	S20-S29	0
S23.0	Traumatic rupture of thoracic intervertebral disc	19	S20-S29	1
S23.1	Dislocation of thoracic vertebra	19	S20-S29	1
S23.2	Dislocation of other and unspecified parts of thorax	19	S20-S29	1
S23.3	Sprain and strain of thoracic spine	19	S20-S29	1
S23.4	Sprain and strain of ribs and sternum	19	S20-S29	1
S23.5	Sprain and strain of other and unspecified parts of thorax	19	S20-S29	1
S24	Injury of nerves and spinal cord at thorax level	19	S20-S29	0
S24.0	Concussion and oedema of thoracic spinal cord	19	S20-S29	1
S24.1	Other and unspecified injuries of thoracic spinal cord	19	S20-S29	1
S24.2	Injury of nerve root of thoracic spine	19	S20-S29	1
S24.3	Injury of peripheral nerves of thorax	19	S20-S29	1
S24.4	Injury of thoracic sympathetic nerves	19	S20-S29	1
S24.5	Injury of other nerves of thorax	19	S20-S29	1
S24.6	Injury of unspecified nerve of thorax	19	S20-S29	1
S25	Injury of blood vessels of thorax	19	S20-S29	0
S25.0	Injury of thoracic aorta	19	S20-S29	1
S25.1	Injury of innominate or subclavian artery	19	S20-S29	1
S25.2	Injury of superior vena cava	19	S20-S29	1
S25.3	Injury of innominate or subclavian vein	19	S20-S29	1
S25.4	Injury of pulmonary blood vessels	19	S20-S29	1
S25.5	Injury of intercostal blood vessels	19	S20-S29	1
S25.7	Injury of multiple blood vessels of thorax	19	S20-S29	1
S25.8	Injury of other blood vessels of thorax	19	S20-S29	1
S25.9	Injury of unspecified blood vessel of thorax	19	S20-S29	1
S26	Injury of heart	19	S20-S29	0
S26.0	Injury of heart with haemopericardium	19	S20-S29	1
S26.8	Other injuries of heart	19	S20-S29	1
S26.9	Injury of heart, unspecified	19	S20-S29	1
S27	Injury of other and unspecified intrathoracic organs	19	S20-S29	0
S27.0	Traumatic pneumothorax	19	S20-S29	1
S27.1	Traumatic haemothorax	19	S20-S29	1
S27.2	Traumatic haemopneumothorax	19	S20-S29	1
S27.3	Other injuries of lung	19	S20-S29	1
S27.4	Injury of bronchus	19	S20-S29	1
S27.5	Injury of thoracic trachea	19	S20-S29	1
S27.6	Injury of pleura	19	S20-S29	1
S27.7	Multiple injuries of intrathoracic organs	19	S20-S29	1
S27.8	Injury of other specified intrathoracic organs	19	S20-S29	1
S27.9	Injury of unspecified intrathoracic organ	19	S20-S29	1
S28	Crushing injury of thorax and traumatic amputation of part of thorax	19	S20-S29	0
S28.0	Crushed chest	19	S20-S29	1
S28.1	Traumatic amputation of part of thorax	19	S20-S29	1
S29	Other and unspecified injuries of thorax	19	S20-S29	0
S29.0	Injury of muscle and tendon at thorax level	19	S20-S29	1
S29.7	Multiple injuries of thorax	19	S20-S29	1
S29.8	Other specified injuries of thorax	19	S20-S29	1
S29.9	Unspecified injury of thorax	19	S20-S29	1
S30	Superficial injury of abdomen, lower back and pelvis	19	S30-S39	0
S30.0	Contusion of lower back and pelvis	19	S30-S39	1
S30.1	Contusion of abdominal wall	19	S30-S39	1
S30.2	Contusion of external genital organs	19	S30-S39	1
S30.7	Multiple superficial injuries of abdomen, lower back and pelvis	19	S30-S39	1
S30.8	Other superficial injuries of abdomen, lower back and pelvis	19	S30-S39	1
S30.9	Superficial injury of abdomen, lower back and pelvis, part unspecified	19	S30-S39	1
S31	Open wound of abdomen, lower back and pelvis	19	S30-S39	0
S31.0	Open wound of lower back and pelvis	19	S30-S39	1
S31.1	Open wound of abdominal wall	19	S30-S39	1
S31.2	Open wound of penis	19	S30-S39	1
S31.3	Open wound of scrotum and testes	19	S30-S39	1
S31.4	Open wound of vagina and vulva	19	S30-S39	1
S31.5	Open wound of other and unspecified external genital organs	19	S30-S39	1
S31.7	Multiple open wounds of abdomen, lower back and pelvis	19	S30-S39	1
S31.8	Open wound of other and unspecified parts of abdomen	19	S30-S39	1
S32	Fracture of lumbar spine and pelvis	19	S30-S39	0
S32.0	Fracture of lumbar vertebra	19	S30-S39	1
S32.1	Fracture of sacrum	19	S30-S39	1
S32.2	Fracture of coccyx	19	S30-S39	1
S32.3	Fracture of ilium	19	S30-S39	1
S32.4	Fracture of acetabulum	19	S30-S39	1
S32.5	Fracture of pubis	19	S30-S39	1
S32.7	Multiple fractures of lumbar spine and pelvis	19	S30-S39	1
S32.8	Fracture of other and unspecified parts of lumbar spine and pelvis	19	S30-S39	1
S33	Dislocation, sprain and strain of joints and ligaments of lumbar spine and pelvis	19	S30-S39	0
S33.0	Traumatic rupture of lumbar intervertebral disc	19	S30-S39	1
S33.1	Dislocation of lumbar vertebra	19	S30-S39	1
S33.2	Dislocation of sacroiliac and sacrococcygeal joint	19	S30-S39	1
S33.3	Dislocation of other and unspecified parts of lumbar spine and pelvis	19	S30-S39	1
S33.4	Traumatic rupture of symphysis pubis	19	S30-S39	1
S33.5	Sprain and strain of lumbar spine	19	S30-S39	1
S33.6	Sprain and strain of sacroiliac joint	19	S30-S39	1
S33.7	Sprain and strain of other and unspecified parts of lumbar spine and pelvis	19	S30-S39	1
S34	Injury of nerves and lumbar spinal cord at abdomen, lower back and pelvis level	19	S30-S39	0
S34.0	Concussion and oedema of lumbar spinal cord	19	S30-S39	1
S34.1	Other injury of lumbar spinal cord	19	S30-S39	1
S34.2	Injury of nerve root of lumbar and sacral spine	19	S30-S39	1
S34.3	Injury of cauda equina	19	S30-S39	1
S34.4	Injury of lumbosacral plexus	19	S30-S39	1
S34.5	Injury of lumbar, sacral and pelvic sympathetic nerves	19	S30-S39	1
S34.6	Injury of peripheral nerve(s) of abdomen, lower back and pelvis	19	S30-S39	1
S34.8	Injury of other and unspecified nerves at abdomen, lower back and pelvis level	19	S30-S39	1
S35	Injury of blood vessels at abdomen, lower back and pelvis level	19	S30-S39	0
S35.0	Injury of abdominal aorta	19	S30-S39	1
S35.1	Injury of inferior vena cava	19	S30-S39	1
S35.2	Injury of coeliac or mesenteric artery	19	S30-S39	1
S35.3	Injury of portal or splenic vein	19	S30-S39	1
S35.4	Injury of renal blood vessels	19	S30-S39	1
S35.5	Injury of iliac blood vessels	19	S30-S39	1
S35.7	Injury of multiple blood vessels at abdomen, lower back and pelvis level	19	S30-S39	1
S35.8	Injury of other blood vessels at abdomen, lower back and pelvis level	19	S30-S39	1
S35.9	Injury of unspecified blood vessel at abdomen, lower back and pelvis level	19	S30-S39	1
S36	Injury of intra-abdominal organs	19	S30-S39	0
S36.0	Injury of spleen	19	S30-S39	1
S36.1	Injury of liver or gallbladder	19	S30-S39	1
S36.2	Injury of pancreas	19	S30-S39	1
S36.3	Injury of stomach	19	S30-S39	1
S36.4	Injury of small intestine	19	S30-S39	1
S36.5	Injury of colon	19	S30-S39	1
S36.6	Injury of rectum	19	S30-S39	1
S36.7	Injury of multiple intra-abdominal organs	19	S30-S39	1
S36.8	Injury of other intra-abdominal organs	19	S30-S39	1
S36.9	Injury of unspecified intra-abdominal organ	19	S30-S39	1
S37	Injury of urinary and pelvic organs	19	S30-S39	0
S37.0	Injury of kidney	19	S30-S39	1
S37.1	Injury of ureter	19	S30-S39	1
S37.2	Injury of bladder	19	S30-S39	1
S37.3	Injury of urethra	19	S30-S39	1
S37.4	Injury of ovary	19	S30-S39	1
S37.5	Injury of fallopian tube	19	S30-S39	1
S37.6	Injury of uterus	19	S30-S39	1
S37.7	Injury of multiple pelvic organs	19	S30-S39	1
S37.8	Injury of other pelvic organs	19	S30-S39	1
S37.9	Injury of unspecified pelvic organ	19	S30-S39	1
S38	Crushing injury and traumatic amputation of part of abdomen, lower back and pelvis	19	S30-S39	0
S38.0	Crushing injury of external genital organs	19	S30-S39	1
S38.1	Crushing injury of other and unspecified parts of abdomen, lower back and pelvis	19	S30-S39	1
S38.2	Traumatic amputation of external genital organs	19	S30-S39	1
S38.3	Traumatic amputation of other and unspecified parts of abdomen, lower back and pelvis	19	S30-S39	1
S39	Other and unspecified injuries of abdomen, lower back and pelvis	19	S30-S39	0
S39.0	Injury of muscle and tendon of abdomen, lower back and pelvis	19	S30-S39	1
S39.6	Injury of intra-abdominal organ(s) with pelvic organ(s)	19	S30-S39	1
S39.7	Other multiple injuries of abdomen, lower back and pelvis	19	S30-S39	1
S39.8	Other specified injuries of abdomen, lower back and pelvis	19	S30-S39	1
S39.9	Unspecified injury of abdomen, lower back and pelvis	19	S30-S39	1
S40	Superficial injury of shoulder and upper arm	19	S40-S49	0
S40.0	Contusion of shoulder and upper arm	19	S40-S49	1
S40.7	Multiple superficial injuries of shoulder and upper arm	19	S40-S49	1
S40.8	Other superficial injuries of shoulder and upper arm	19	S40-S49	1
S40.9	Superficial injury of shoulder and upper arm, unspecified	19	S40-S49	1
S41	Open wound of shoulder and upper arm	19	S40-S49	0
S41.0	Open wound of shoulder	19	S40-S49	1
S41.1	Open wound of upper arm	19	S40-S49	1
S41.7	Multiple open wounds of shoulder and upper arm	19	S40-S49	1
S41.8	Open wound of other and unspecified parts of shoulder girdle	19	S40-S49	1
S42	Fracture of shoulder and upper arm	19	S40-S49	0
S42.0	Fracture of clavicle	19	S40-S49	1
S42.1	Fracture of scapula	19	S40-S49	1
S42.2	Fracture of upper end of humerus	19	S40-S49	1
S42.3	Fracture of shaft of humerus	19	S40-S49	1
S42.4	Fracture of lower end of humerus	19	S40-S49	1
S42.7	Multiple fractures of clavicle, scapula and humerus	19	S40-S49	1
S42.8	Fracture of other parts of shoulder and upper arm	19	S40-S49	1
S42.9	Fracture of shoulder girdle, part unspecified	19	S40-S49	1
S43	Dislocation, sprain and strain of joints and ligaments of shoulder girdle	19	S40-S49	0
S43.0	Dislocation of shoulder joint	19	S40-S49	1
S43.1	Dislocation of acromioclavicular joint	19	S40-S49	1
S43.2	Dislocation of sternoclavicular joint	19	S40-S49	1
S43.3	Dislocation of other and unspecified parts of shoulder girdle	19	S40-S49	1
S43.4	Sprain and strain of shoulder joint	19	S40-S49	1
S43.5	Sprain and strain of acromioclavicular joint	19	S40-S49	1
S43.6	Sprain and strain of sternoclavicular joint	19	S40-S49	1
S43.7	Sprain and strain of other and unspecified parts of shoulder girdle	19	S40-S49	1
S44	Injury of nerves at shoulder and upper arm level	19	S40-S49	0
S44.0	Injury of ulnar nerve at upper arm level	19	S40-S49	1
S44.1	Injury of median nerve at upper arm level	19	S40-S49	1
S44.2	Injury of radial nerve at upper arm level	19	S40-S49	1
S44.3	Injury of axillary nerve	19	S40-S49	1
S44.4	Injury of musculocutaneous nerve	19	S40-S49	1
S44.5	Injury of cutaneous sensory nerve at shoulder and upper arm level	19	S40-S49	1
S44.7	Injury of multiple nerves at shoulder and upper arm level	19	S40-S49	1
S44.8	Injury of other nerves at shoulder and upper arm level	19	S40-S49	1
S44.9	Injury of unspecified nerve at shoulder and upper arm level	19	S40-S49	1
S45	Injury of blood vessels at shoulder and upper arm level	19	S40-S49	0
S45.0	Injury of axillary artery	19	S40-S49	1
S45.1	Injury of brachial artery	19	S40-S49	1
S45.2	Injury of axillary or brachial vein	19	S40-S49	1
S45.3	Injury of superficial vein at shoulder and upper arm level	19	S40-S49	1
S45.7	Injury of multiple blood vessels at shoulder and upper arm level	19	S40-S49	1
S45.8	Injury of other blood vessels at shoulder and upper arm level	19	S40-S49	1
S45.9	Injury of unspecified blood vessel at shoulder and upper arm level	19	S40-S49	1
S46	Injury of muscle and tendon at shoulder and upper arm level	19	S40-S49	0
S46.0	Injury of muscle(s) and tendon(s) of the rotator cuff of shoulder	19	S40-S49	1
S46.1	Injury of muscle and tendon of long head of biceps	19	S40-S49	1
S46.2	Injury of muscle and tendon of other parts of biceps	19	S40-S49	1
S46.3	Injury of muscle and tendon of triceps	19	S40-S49	1
S46.7	Injury of multiple muscles and tendons at shoulder and upper arm level	19	S40-S49	1
S46.8	Injury of other muscles and tendons at shoulder and upper arm level	19	S40-S49	1
S46.9	Injury of unspecified muscle and tendon at shoulder and upper arm level	19	S40-S49	1
S47	Crushing injury of shoulder and upper arm	19	S40-S49	1
S48	Traumatic amputation of shoulder and upper arm	19	S40-S49	0
S48.0	Traumatic amputation at shoulder joint	19	S40-S49	1
S48.1	Traumatic amputation at level between shoulder and elbow	19	S40-S49	1
S48.9	Traumatic amputation of shoulder and upper arm, level unspecified	19	S40-S49	1
S49	Other and unspecified injuries of shoulder and upper arm	19	S40-S49	0
S49.7	Multiple injuries of shoulder and upper arm	19	S40-S49	1
S49.8	Other specified injuries of shoulder and upper arm	19	S40-S49	1
S49.9	Unspecified injury of shoulder and upper arm	19	S40-S49	1
S50	Superficial injury of forearm	19	S50-S59	0
S50.0	Contusion of elbow	19	S50-S59	1
S50.1	Contusion of other and unspecified parts of forearm	19	S50-S59	1
S50.7	Multiple superficial injuries of forearm	19	S50-S59	1
S50.8	Other superficial injuries of forearm	19	S50-S59	1
S50.9	Superficial injury of forearm, unspecified	19	S50-S59	1
S51	Open wound of forearm	19	S50-S59	0
S51.0	Open wound of elbow	19	S50-S59	1
S51.7	Multiple open wounds of forearm	19	S50-S59	1
S51.8	Open wound of other parts of forearm	19	S50-S59	1
S51.9	Open wound of forearm, part unspecified	19	S50-S59	1
S52	Fracture of forearm	19	S50-S59	0
S52.0	Fracture of upper end of ulna	19	S50-S59	1
S52.1	Fracture of upper end of radius	19	S50-S59	1
S52.2	Fracture of shaft of ulna	19	S50-S59	1
S52.3	Fracture of shaft of radius	19	S50-S59	1
S52.4	Fracture of shafts of both ulna and radius	19	S50-S59	1
S52.5	Fracture of lower end of radius	19	S50-S59	1
S52.6	Fracture of lower end of both ulna and radius	19	S50-S59	1
S52.7	Multiple fractures of forearm	19	S50-S59	1
S52.8	Fracture of other parts of forearm	19	S50-S59	1
S52.9	Fracture of forearm, part unspecified	19	S50-S59	1
S53	Dislocation, sprain and strain of joints and ligaments of elbow	19	S50-S59	0
S53.0	Dislocation of radial head	19	S50-S59	1
S53.1	Dislocation of elbow, unspecified	19	S50-S59	1
S53.2	Traumatic rupture of radial collateral ligament	19	S50-S59	1
S53.3	Traumatic rupture of ulnar collateral ligament	19	S50-S59	1
S53.4	Sprain and strain of elbow	19	S50-S59	1
S54	Injury of nerves at forearm level	19	S50-S59	0
S54.0	Injury of ulnar nerve at forearm level	19	S50-S59	1
S54.1	Injury of median nerve at forearm level	19	S50-S59	1
S54.2	Injury of radial nerve at forearm level	19	S50-S59	1
S54.3	Injury of cutaneous sensory nerve at forearm level	19	S50-S59	1
S54.7	Injury of multiple nerves at forearm level	19	S50-S59	1
S54.8	Injury of other nerves at forearm level	19	S50-S59	1
S54.9	Injury of unspecified nerve at forearm level	19	S50-S59	1
S55	Injury of blood vessels at forearm level	19	S50-S59	0
S55.0	Injury of ulnar artery at forearm level	19	S50-S59	1
S55.1	Injury of radial artery at forearm level	19	S50-S59	1
S55.2	Injury of vein at forearm level	19	S50-S59	1
S55.7	Injury of multiple blood vessels at forearm level	19	S50-S59	1
S55.8	Injury of other blood vessels at forearm level	19	S50-S59	1
S55.9	Injury of unspecified blood vessel at forearm level	19	S50-S59	1
S56	Injury of muscle and tendon at forearm level	19	S50-S59	0
S56.0	Injury of flexor muscle and tendon of thumb at forearm level	19	S50-S59	1
S56.1	Injury of long flexor muscle and tendon of other finger(s) at forearm level	19	S50-S59	1
S56.2	Injury of other flexor muscle and tendon at forearm level	19	S50-S59	1
S56.3	Injury of extensor or abductor muscles and tendons of thumb at forearm level	19	S50-S59	1
S56.4	Injury of extensor muscle and tendon of other finger(s) at forearm level	19	S50-S59	1
S56.5	Injury of other extensor muscle and tendon at forearm level	19	S50-S59	1
S56.7	Injury of multiple muscles and tendons at forearm level	19	S50-S59	1
S56.8	Injury of other and unspecified muscles and tendons at forearm level	19	S50-S59	1
S57	Crushing injury of forearm	19	S50-S59	0
S57.0	Crushing injury of elbow	19	S50-S59	1
S57.8	Crushing injury of other parts of forearm	19	S50-S59	1
S57.9	Crushing injury of forearm, part unspecified	19	S50-S59	1
S58	Traumatic amputation of forearm	19	S50-S59	0
S58.0	Traumatic amputation at elbow level	19	S50-S59	1
S58.1	Traumatic amputation at level between elbow and wrist	19	S50-S59	1
S58.9	Traumatic amputation of forearm, level unspecified	19	S50-S59	1
S59	Other and unspecified injuries of forearm	19	S50-S59	0
S59.7	Multiple injuries of forearm	19	S50-S59	1
S59.8	Other specified injuries of forearm	19	S50-S59	1
S59.9	Unspecified injury of forearm	19	S50-S59	1
S60	Superficial injury of wrist and hand	19	S60-S69	0
S60.0	Contusion of finger(s) without damage to nail	19	S60-S69	1
S60.1	Contusion of finger(s) with damage to nail	19	S60-S69	1
S60.2	Contusion of other parts of wrist and hand	19	S60-S69	1
S60.7	Multiple superficial injuries of wrist and hand	19	S60-S69	1
S60.8	Other superficial injuries of wrist and hand	19	S60-S69	1
S60.9	Superficial injury of wrist and hand, unspecified	19	S60-S69	1
S61	Open wound of wrist and hand	19	S60-S69	0
S61.0	Open wound of finger(s) without damage to nail	19	S60-S69	1
S61.1	Open wound of finger(s) with damage to nail	19	S60-S69	1
S61.7	Multiple open wounds of wrist and hand	19	S60-S69	1
S61.8	Open wound of other parts of wrist and hand	19	S60-S69	1
S61.9	Open wound of wrist and hand, part unspecified	19	S60-S69	1
S62	Fracture at wrist and hand level	19	S60-S69	0
S62.0	Fracture of navicular [scaphoid] bone of hand	19	S60-S69	1
S62.1	Fracture of other carpal bone(s)	19	S60-S69	1
S62.2	Fracture of first metacarpal bone	19	S60-S69	1
S62.3	Fracture of other metacarpal bone	19	S60-S69	1
S62.4	Multiple fractures of metacarpal bones	19	S60-S69	1
S62.5	Fracture of thumb	19	S60-S69	1
S62.6	Fracture of other finger	19	S60-S69	1
S62.7	Multiple fractures of fingers	19	S60-S69	1
S62.8	Fracture of other and unspecified parts of wrist and hand	19	S60-S69	1
S63	Dislocation, sprain and strain of joints and ligaments at wrist and hand level	19	S60-S69	0
S63.0	Dislocation of wrist	19	S60-S69	1
S63.1	Dislocation of finger	19	S60-S69	1
S63.2	Multiple dislocations of fingers	19	S60-S69	1
S63.3	Traumatic rupture of ligament of wrist and carpus	19	S60-S69	1
S63.4	Traumatic rupture of ligament of finger at metacarpophalangeal and interphalangeal joint(s)	19	S60-S69	1
S63.5	Sprain and strain of wrist	19	S60-S69	1
S63.6	Sprain and strain of finger(s)	19	S60-S69	1
S63.7	Sprain and strain of other and unspecified parts of hand	19	S60-S69	1
S64	Injury of nerves at wrist and hand level	19	S60-S69	0
S64.0	Injury of ulnar nerve at wrist and hand level	19	S60-S69	1
S64.1	Injury of median nerve at wrist and hand level	19	S60-S69	1
S64.2	Injury of radial nerve at wrist and hand level	19	S60-S69	1
S64.3	Injury of digital nerve of thumb	19	S60-S69	1
S64.4	Injury of digital nerve of other finger	19	S60-S69	1
S64.7	Injury of multiple nerves at wrist and hand level	19	S60-S69	1
S64.8	Injury of other nerves at wrist and hand level	19	S60-S69	1
S64.9	Injury of unspecified nerve at wrist and hand level	19	S60-S69	1
S65	Injury of blood vessels at wrist and hand level	19	S60-S69	0
S65.0	Injury of ulnar artery at wrist and hand level	19	S60-S69	1
S65.1	Injury of radial artery at wrist and hand level	19	S60-S69	1
S65.2	Injury of superficial palmar arch	19	S60-S69	1
S65.3	Injury of deep palmar arch	19	S60-S69	1
S65.4	Injury of blood vessel(s) of thumb	19	S60-S69	1
S65.5	Injury of blood vessel(s) of other finger	19	S60-S69	1
S65.7	Injury of multiple blood vessels at wrist and hand level	19	S60-S69	1
S65.8	Injury of other blood vessels at wrist and hand level	19	S60-S69	1
S65.9	Injury of unspecified blood vessel at wrist and hand level	19	S60-S69	1
S66	Injury of muscle and tendon at wrist and hand level	19	S60-S69	0
S66.0	Injury of long flexor muscle and tendon of thumb at wrist and hand level	19	S60-S69	1
S66.1	Injury of flexor muscle and tendon of other finger at wrist and hand level	19	S60-S69	1
S66.2	Injury of extensor muscle and tendon of thumb at wrist and hand level	19	S60-S69	1
S66.3	Injury of extensor muscle and tendon of other finger at wrist and hand level	19	S60-S69	1
S66.4	Injury of intrinsic muscle and tendon of thumb at wrist and hand level	19	S60-S69	1
S66.5	Injury of intrinsic muscle and tendon of other finger at wrist and hand level	19	S60-S69	1
S66.6	Injury of multiple flexor muscles and tendons at wrist and hand level	19	S60-S69	1
S66.7	Injury of multiple extensor muscles and tendons at wrist and hand level	19	S60-S69	1
S66.8	Injury of other muscles and tendons at wrist and hand level	19	S60-S69	1
S66.9	Injury of unspecified muscle and tendon at wrist and hand level	19	S60-S69	1
S67	Crushing injury of wrist and hand	19	S60-S69	0
S67.0	Crushing injury of thumb and other finger(s)	19	S60-S69	1
S67.8	Crushing injury of other and unspecified parts of wrist and hand	19	S60-S69	1
S68	Traumatic amputation of wrist and hand	19	S60-S69	0
S68.0	Traumatic amputation of thumb (complete)(partial)	19	S60-S69	1
S68.1	Traumatic amputation of other single finger (complete)(partial)	19	S60-S69	1
S68.2	Traumatic amputation of two or more fingers alone (complete)(partial)	19	S60-S69	1
S68.3	Combined traumatic amputation of (part of) finger(s) with other parts of wrist and hand	19	S60-S69	1
S68.4	Traumatic amputation of hand at wrist level	19	S60-S69	1
S68.8	Traumatic amputation of other parts of wrist and hand	19	S60-S69	1
S68.9	Traumatic amputation of wrist and hand, level unspecified	19	S60-S69	1
S69	Other and unspecified injuries of wrist and hand	19	S60-S69	0
S69.7	Multiple injuries of wrist and hand	19	S60-S69	1
S69.8	Other specified injuries of wrist and hand	19	S60-S69	1
S69.9	Unspecified injury of wrist and hand	19	S60-S69	1
S70	Superficial injury of hip and thigh	19	S70-S79	0
S70.0	Contusion of hip	19	S70-S79	1
S70.1	Contusion of thigh	19	S70-S79	1
S70.7	Multiple superficial injuries of hip and thigh	19	S70-S79	1
S70.8	Other superficial injuries of hip and thigh	19	S70-S79	1
S70.9	Superficial injury of hip and thigh, unspecified	19	S70-S79	1
S71	Open wound of hip and thigh	19	S70-S79	0
S71.0	Open wound of hip	19	S70-S79	1
S71.1	Open wound of thigh	19	S70-S79	1
S71.7	Multiple open wounds of hip and thigh	19	S70-S79	1
S71.8	Open wound of other and unspecified parts of pelvic girdle	19	S70-S79	1
S72	Fracture of femur	19	S70-S79	0
S72.0	Fracture of neck of femur	19	S70-S79	1
S72.1	Pertrochanteric fracture	19	S70-S79	1
S72.2	Subtrochanteric fracture	19	S70-S79	1
S72.3	Fracture of shaft of femur	19	S70-S79	1
S72.4	Fracture of lower end of femur	19	S70-S79	1
S72.7	Multiple fractures of femur	19	S70-S79	1
S72.8	Fractures of other parts of femur	19	S70-S79	1
S72.9	Fracture of femur, part unspecified	19	S70-S79	1
S73	Dislocation, sprain and strain of joint and ligaments of hip	19	S70-S79	0
S73.0	Dislocation of hip	19	S70-S79	1
S73.1	Sprain and strain of hip	19	S70-S79	1
S74	Injury of nerves at hip and thigh level	19	S70-S79	0
S74.0	Injury of sciatic nerve at hip and thigh level	19	S70-S79	1
S74.1	Injury of femoral nerve at hip and thigh level	19	S70-S79	1
S74.2	Injury of cutaneous sensory nerve at hip and thigh level	19	S70-S79	1
S74.7	Injury of multiple nerves at hip and thigh level	19	S70-S79	1
S74.8	Injury of other nerves at hip and thigh level	19	S70-S79	1
S74.9	Injury of unspecified nerve at hip and thigh level	19	S70-S79	1
S75	Injury of blood vessels at hip and thigh level	19	S70-S79	0
S75.0	Injury of femoral artery	19	S70-S79	1
S75.1	Injury of femoral vein at hip and thigh level	19	S70-S79	1
S75.2	Injury of greater saphenous vein at hip and thigh level	19	S70-S79	1
S75.7	Injury of multiple blood vessels at hip and thigh level	19	S70-S79	1
S75.8	Injury of other blood vessels at hip and thigh level	19	S70-S79	1
S75.9	Injury of unspecified blood vessel at hip and thigh level	19	S70-S79	1
S76	Injury of muscle and tendon at hip and thigh level	19	S70-S79	0
S76.0	Injury of muscle and tendon of hip	19	S70-S79	1
S76.1	Injury of quadriceps muscle and tendon	19	S70-S79	1
S76.2	Injury of adductor muscle and tendon of thigh	19	S70-S79	1
S76.3	Injury of muscle and tendon of the posterior muscle group at thigh level	19	S70-S79	1
S76.4	Injury of other and unspecified muscles and tendons at thigh level	19	S70-S79	1
S76.7	Injury of multiple muscles and tendons at hip and thigh level	19	S70-S79	1
S77	Crushing injury of hip and thigh	19	S70-S79	0
S77.0	Crushing injury of hip	19	S70-S79	1
S77.1	Crushing injury of thigh	19	S70-S79	1
S77.2	Crushing injury of hip with thigh	19	S70-S79	1
S78	Traumatic amputation of hip and thigh	19	S70-S79	0
S78.0	Traumatic amputation at hip joint	19	S70-S79	1
S78.1	Traumatic amputation at level between hip and knee	19	S70-S79	1
S78.9	Traumatic amputation of hip and thigh, level unspecified	19	S70-S79	1
S79	Other and unspecified injuries of hip and thigh	19	S70-S79	0
S79.7	Multiple injuries of hip and thigh	19	S70-S79	1
S79.8	Other specified injuries of hip and thigh	19	S70-S79	1
S79.9	Unspecified injury of hip and thigh	19	S70-S79	1
S80	Superficial injury of lower leg	19	S80-S89	0
S80.0	Contusion of knee	19	S80-S89	1
S80.1	Contusion of other and unspecified parts of lower leg	19	S80-S89	1
S80.7	Multiple superficial injuries of lower leg	19	S80-S89	1
S80.8	Other superficial injuries of lower leg	19	S80-S89	1
S80.9	Superficial injury of lower leg, unspecified	19	S80-S89	1
S81	Open wound of lower leg	19	S80-S89	0
S81.0	Open wound of knee	19	S80-S89	1
S81.7	Multiple open wounds of lower leg	19	S80-S89	1
S81.8	Open wound of other parts of lower leg	19	S80-S89	1
S81.9	Open wound of lower leg, part unspecified	19	S80-S89	1
S82	Fracture of lower leg, including ankle	19	S80-S89	0
S82.0	Fracture of patella	19	S80-S89	1
S82.1	Fracture of upper end of tibia	19	S80-S89	1
S82.2	Fracture of shaft of tibia	19	S80-S89	1
S82.3	Fracture of lower end of tibia	19	S80-S89	1
S82.4	Fracture of fibula alone	19	S80-S89	1
S82.5	Fracture of medial malleolus	19	S80-S89	1
S82.6	Fracture of lateral malleolus	19	S80-S89	1
S82.7	Multiple fractures of lower leg	19	S80-S89	1
S82.8	Fractures of other parts of lower leg	19	S80-S89	1
S82.9	Fracture of lower leg, part unspecified	19	S80-S89	1
S83	Dislocation, sprain and strain of joints and ligaments of knee	19	S80-S89	0
S83.0	Dislocation of patella	19	S80-S89	1
S83.1	Dislocation of knee	19	S80-S89	1
S83.2	Tear of meniscus, current	19	S80-S89	1
S83.3	Tear of articular cartilage of knee, current	19	S80-S89	1
S83.4	Sprain and strain involving (fibular)(tibial) collateral ligament of knee	19	S80-S89	1
S83.5	Sprain and strain involving (anterior)(posterior) cruciate ligament of knee	19	S80-S89	1
S83.6	Sprain and strain of other and unspecified parts of knee	19	S80-S89	1
S83.7	Injury to multiple structures of knee	19	S80-S89	1
S84	Injury of nerves at lower leg level	19	S80-S89	0
S84.0	Injury of tibial nerve at lower leg level	19	S80-S89	1
S84.1	Injury of peroneal nerve at lower leg level	19	S80-S89	1
S84.2	Injury of cutaneous sensory nerve at lower leg level	19	S80-S89	1
S84.7	Injury of multiple nerves at lower leg level	19	S80-S89	1
S84.8	Injury of other nerves at lower leg level	19	S80-S89	1
S84.9	Injury of unspecified nerve at lower leg level	19	S80-S89	1
S85	Injury of blood vessels at lower leg level	19	S80-S89	0
S85.0	Injury of popliteal artery	19	S80-S89	1
S85.1	Injury of (anterior)(posterior) tibial artery	19	S80-S89	1
S85.2	Injury of peroneal artery	19	S80-S89	1
S85.3	Injury of greater saphenous vein at lower leg level	19	S80-S89	1
S85.4	Injury of lesser saphenous vein at lower leg level	19	S80-S89	1
S85.5	Injury of popliteal vein	19	S80-S89	1
S85.7	Injury of multiple blood vessels at lower leg level	19	S80-S89	1
S85.8	Injury of other blood vessels at lower leg level	19	S80-S89	1
S85.9	Injury of unspecified blood vessel at lower leg level	19	S80-S89	1
S86	Injury of muscle and tendon at lower leg level	19	S80-S89	0
S86.0	Injury of Achilles tendon	19	S80-S89	1
S86.1	Injury of other muscle(s) and tendon(s) of posterior muscle group at lower leg level	19	S80-S89	1
S86.2	Injury of muscle(s) and tendon(s) of anterior muscle group at lower leg level	19	S80-S89	1
S86.3	Injury of muscle(s) and tendon(s) of peroneal muscle group at lower leg level	19	S80-S89	1
S86.7	Injury of multiple muscles and tendons at lower leg level	19	S80-S89	1
S86.8	Injury of other muscles and tendons at lower leg level	19	S80-S89	1
S86.9	Injury of unspecified muscle and tendon at lower leg level	19	S80-S89	1
S87	Crushing injury of lower leg	19	S80-S89	0
S87.0	Crushing injury of knee	19	S80-S89	1
S87.8	Crushing injury of other and unspecified parts of lower leg	19	S80-S89	1
S88	Traumatic amputation of lower leg	19	S80-S89	0
S88.0	Traumatic amputation at knee level	19	S80-S89	1
S88.1	Traumatic amputation at level between knee and ankle	19	S80-S89	1
S88.9	Traumatic amputation of lower leg, level unspecified	19	S80-S89	1
S89	Other and unspecified injuries of lower leg	19	S80-S89	0
S89.7	Multiple injuries of lower leg	19	S80-S89	1
S89.8	Other specified injuries of lower leg	19	S80-S89	1
S89.9	Unspecified injury of lower leg	19	S80-S89	1
S90	Superficial injury of ankle and foot	19	S90-S99	0
S90.0	Contusion of ankle	19	S90-S99	1
S90.1	Contusion of toe(s) without damage to nail	19	S90-S99	1
S90.2	Contusion of toe(s) with damage to nail	19	S90-S99	1
S90.3	Contusion of other and unspecified parts of foot	19	S90-S99	1
S90.7	Multiple superficial injuries of ankle and foot	19	S90-S99	1
S90.8	Other superficial injuries of ankle and foot	19	S90-S99	1
S90.9	Superficial injury of ankle and foot, unspecified	19	S90-S99	1
S91	Open wound of ankle and foot	19	S90-S99	0
S91.0	Open wound of ankle	19	S90-S99	1
S91.1	Open wound of toe(s) without damage to nail	19	S90-S99	1
S91.2	Open wound of toe(s) with damage to nail	19	S90-S99	1
S91.3	Open wound of other parts of foot	19	S90-S99	1
S91.7	Multiple open wounds of ankle and foot	19	S90-S99	1
S92	Fracture of foot, except ankle	19	S90-S99	0
S92.0	Fracture of calcaneus	19	S90-S99	1
S92.1	Fracture of talus	19	S90-S99	1
S92.2	Fracture of other tarsal bone(s)	19	S90-S99	1
S92.3	Fracture of metatarsal bone	19	S90-S99	1
S92.4	Fracture of great toe	19	S90-S99	1
S92.5	Fracture of other toe	19	S90-S99	1
S92.7	Multiple fractures of foot	19	S90-S99	1
S92.9	Fracture of foot, unspecified	19	S90-S99	1
S93	Dislocation, sprain and strain of joints and ligaments at ankle and foot level	19	S90-S99	0
S93.0	Dislocation of ankle joint	19	S90-S99	1
S93.1	Dislocation of toe(s)	19	S90-S99	1
S93.2	Rupture of ligaments at ankle and foot level	19	S90-S99	1
S93.3	Dislocation of other and unspecified parts of foot	19	S90-S99	1
S93.4	Sprain and strain of ankle	19	S90-S99	1
S93.5	Sprain and strain of toe(s)	19	S90-S99	1
S93.6	Sprain and strain of other and unspecified parts of foot	19	S90-S99	1
S94	Injury of nerves at ankle and foot level	19	S90-S99	0
S94.0	Injury of lateral plantar nerve	19	S90-S99	1
S94.1	Injury of medial plantar nerve	19	S90-S99	1
S94.2	Injury of deep peroneal nerve at ankle and foot level	19	S90-S99	1
S94.3	Injury of cutaneous sensory nerve at ankle and foot level	19	S90-S99	1
S94.7	Injury of multiple nerves at ankle and foot level	19	S90-S99	1
S94.8	Injury of other nerves at ankle and foot level	19	S90-S99	1
S94.9	Injury of unspecified nerve at ankle and foot level	19	S90-S99	1
S95	Injury of blood vessels at ankle and foot level	19	S90-S99	0
S95.0	Injury of dorsal artery of foot	19	S90-S99	1
S95.1	Injury of plantar artery of foot	19	S90-S99	1
S95.2	Injury of dorsal vein of foot	19	S90-S99	1
S95.7	Injury of multiple blood vessels at ankle and foot level	19	S90-S99	1
S95.8	Injury of other blood vessels at ankle and foot level	19	S90-S99	1
S95.9	Injury of unspecified blood vessel at ankle and foot level	19	S90-S99	1
S96	Injury of muscle and tendon at ankle and foot level	19	S90-S99	0
S96.0	Injury of muscle and tendon of long flexor muscle of toe at ankle and foot level	19	S90-S99	1
S96.1	Injury of muscle and tendon of long extensor muscle of toe at ankle and foot level	19	S90-S99	1
S96.2	Injury of intrinsic muscle and tendon at ankle and foot level	19	S90-S99	1
S96.7	Injury of multiple muscles and tendons at ankle and foot level	19	S90-S99	1
S96.8	Injury of other muscles and tendons at ankle and foot level	19	S90-S99	1
S96.9	Injury of unspecified muscle and tendon at ankle and foot level	19	S90-S99	1
S97	Crushing injury of ankle and foot	19	S90-S99	0
S97.0	Crushing injury of ankle	19	S90-S99	1
S97.1	Crushing injury of toe(s)	19	S90-S99	1
S97.8	Crushing injury of other parts of ankle and foot	19	S90-S99	1
S98	Traumatic amputation of ankle and foot	19	S90-S99	0
S98.0	Traumatic amputation of foot at ankle level	19	S90-S99	1
S98.1	Traumatic amputation of one toe	19	S90-S99	1
S98.2	Traumatic amputation of two or more toes	19	S90-S99	1
S98.3	Traumatic amputation of other parts of foot	19	S90-S99	1
S98.4	Traumatic amputation of foot, level unspecified	19	S90-S99	1
S99	Other and unspecified injuries of ankle and foot	19	S90-S99	0
S99.7	Multiple injuries of ankle and foot	19	S90-S99	1
S99.8	Other specified injuries of ankle and foot	19	S90-S99	1
S99.9	Unspecified injury of ankle and foot	19	S90-S99	1
T00	Superficial injuries involving multiple body regions	19	T00-T07	0
T00.0	Superficial injuries involving head with neck	19	T00-T07	1
T00.1	Superficial injuries involving thorax with abdomen, lower back and pelvis	19	T00-T07	1
T00.2	Superficial injuries involving multiple regions of upper limb(s)	19	T00-T07	1
T00.3	Superficial injuries involving multiple regions of lower limb(s)	19	T00-T07	1
T00.6	Superficial injuries involving multiple regions of upper limb(s) with lower limb(s)	19	T00-T07	1
T00.8	Superficial injuries involving other combinations of body regions	19	T00-T07	1
T00.9	Multiple superficial injuries, unspecified	19	T00-T07	1
T01	Open wounds involving multiple body regions	19	T00-T07	0
T01.0	Open wounds involving head with neck	19	T00-T07	1
T01.1	Open wounds involving thorax with abdomen, lower back and pelvis	19	T00-T07	1
T01.2	Open wounds involving multiple regions of upper limb(s)	19	T00-T07	1
T01.3	Open wounds involving multiple regions of lower limb(s)	19	T00-T07	1
T01.6	Open wounds involving multiple regions of upper limb(s) with lower limb(s)	19	T00-T07	1
T01.8	Open wounds involving other combinations of body regions	19	T00-T07	1
T01.9	Multiple open wounds, unspecified	19	T00-T07	1
T02	Fractures involving multiple body regions	19	T00-T07	0
T02.0	Fractures involving head with neck	19	T00-T07	1
T02.1	Fractures involving thorax with lower back and pelvis	19	T00-T07	1
T02.2	Fractures involving multiple regions of one upper limb	19	T00-T07	1
T02.3	Fractures involving multiple regions of one lower limb	19	T00-T07	1
T02.4	Fractures involving multiple regions of both upper limbs	19	T00-T07	1
T02.5	Fractures involving multiple regions of both lower limbs	19	T00-T07	1
T02.6	Fractures involving multiple regions of upper limb(s) with lower limb(s)	19	T00-T07	1
T02.7	Fractures involving thorax with lower back and pelvis with limb(s)	19	T00-T07	1
T02.8	Fractures involving other combinations of body regions	19	T00-T07	1
T02.9	Multiple fractures, unspecified	19	T00-T07	1
T03	Dislocations, sprains and strains involving multiple body regions	19	T00-T07	0
T03.0	Dislocations, sprains and strains involving head with neck	19	T00-T07	1
T03.1	Dislocations, sprains and strains involving thorax with lower back and pelvis	19	T00-T07	1
T03.2	Dislocations, sprains and strains involving multiple regions of upper limb(s)	19	T00-T07	1
T03.3	Dislocations, sprains and strains involving multiple regions of lower limb(s)	19	T00-T07	1
T03.4	Dislocations, sprains and strains involving multiple regions of upper limb(s) with lower limb(s)	19	T00-T07	1
T03.8	Dislocations, sprains and strains involving other combinations of body regions	19	T00-T07	1
T03.9	Multiple dislocations, sprains and strains, unspecified	19	T00-T07	1
T04	Crushing injuries involving multiple body regions	19	T00-T07	0
T04.0	Crushing injuries involving head with neck	19	T00-T07	1
T04.1	Crushing injuries involving thorax with abdomen, lower back and pelvis	19	T00-T07	1
T04.2	Crushing injuries involving multiple regions of upper limb(s)	19	T00-T07	1
T04.3	Crushing injuries involving multiple regions of lower limb(s)	19	T00-T07	1
T04.4	Crushing injuries involving multiple regions of upper limb(s) with lower limb(s)	19	T00-T07	1
T04.7	Crushing injuries of thorax with abdomen, lower back and pelvis with limb(s)	19	T00-T07	1
T04.8	Crushing injuries involving other combinations of body regions	19	T00-T07	1
T04.9	Multiple crushing injuries, unspecified	19	T00-T07	1
T05	Traumatic amputations involving multiple body regions	19	T00-T07	0
T05.0	Traumatic amputation of both hands	19	T00-T07	1
T05.1	Traumatic amputation of one hand and other arm [any level, except hand]	19	T00-T07	1
T05.2	Traumatic amputation of both arms [any level]	19	T00-T07	1
T05.3	Traumatic amputation of both feet	19	T00-T07	1
T05.4	Traumatic amputation of one foot and other leg [any level, except foot]	19	T00-T07	1
T05.5	Traumatic amputation of both legs [any level]	19	T00-T07	1
T05.6	Traumatic amputation of upper and lower limbs, any combination [any level]	19	T00-T07	1
T05.8	Traumatic amputations involving other combinations of body regions	19	T00-T07	1
T05.9	Multiple traumatic amputations, unspecified	19	T00-T07	1
T06	Other injuries involving multiple body regions, not elsewhere classified	19	T00-T07	0
T06.0	Injuries of brain and cranial nerves with injuries of nerves and spinal cord at neck level	19	T00-T07	1
T06.1	Injuries of nerves and spinal cord involving other multiple body regions	19	T00-T07	1
T06.2	Injuries of nerves involving multiple body regions	19	T00-T07	1
T06.3	Injuries of blood vessels involving multiple body regions	19	T00-T07	1
T06.4	Injuries of muscles and tendons involving multiple body regions	19	T00-T07	1
T06.5	Injuries of intrathoracic organs with intra-abdominal and pelvic organs	19	T00-T07	1
T06.8	Other specified injuries involving multiple body regions	19	T00-T07	1
T07	Unspecified multiple injuries	19	T00-T07	1
T08	Fracture of spine, level unspecified	19	T08-T14	1
T09	Other injuries of spine and trunk, level unspecified	19	T08-T14	0
T09.0	Superficial injury of trunk, level unspecified	19	T08-T14	1
T09.1	Open wound of trunk, level unspecified	19	T08-T14	1
T09.2	Dislocation, sprain and strain of unspecified joint and ligament of trunk	19	T08-T14	1
T09.3	Injury of spinal cord, level unspecified	19	T08-T14	1
T09.4	Injury of unspecified nerve, spinal nerve root and plexus of trunk	19	T08-T14	1
T09.5	Injury of unspecified muscle and tendon of trunk	19	T08-T14	1
T09.6	Traumatic amputation of trunk, level unspecified	19	T08-T14	1
T09.8	Other specified injuries of trunk, level unspecified	19	T08-T14	1
T09.9	Unspecified injury of trunk, level unspecified	19	T08-T14	1
T10	Fracture of upper limb, level unspecified	19	T08-T14	1
T11	Other injuries of upper limb, level unspecified	19	T08-T14	0
T11.0	Superficial injury of upper limb, level unspecified	19	T08-T14	1
T11.1	Open wound of upper limb, level unspecified	19	T08-T14	1
T11.2	Dislocation, sprain and strain of unspecified joint and ligament of upper limb, level unspecified	19	T08-T14	1
T11.3	Injury of unspecified nerve of upper limb, level unspecified	19	T08-T14	1
T11.4	Injury of unspecified blood vessel of upper limb, level unspecified	19	T08-T14	1
T11.5	Injury of unspecified muscle and tendon of upper limb, level unspecified	19	T08-T14	1
T11.6	Traumatic amputation of upper limb, level unspecified	19	T08-T14	1
T11.8	Other specified injuries of upper limb, level unspecified	19	T08-T14	1
T11.9	Unspecified injury of upper limb, level unspecified	19	T08-T14	1
T12	Fracture of lower limb, level unspecified	19	T08-T14	1
T13	Other injuries of lower limb, level unspecified	19	T08-T14	0
T13.0	Superficial injury of lower limb, level unspecified	19	T08-T14	1
T13.1	Open wound of lower limb, level unspecified	19	T08-T14	1
T13.2	Dislocation, sprain and strain of unspecified joint and ligament of lower limb, level unspecified	19	T08-T14	1
T13.3	Injury of unspecified nerve of lower limb, level unspecified	19	T08-T14	1
T13.4	Injury of unspecified blood vessel of lower limb, level unspecified	19	T08-T14	1
T13.5	Injury of unspecified muscle and tendon of lower limb, level unspecified	19	T08-T14	1
T13.6	Traumatic amputation of lower limb, level unspecified	19	T08-T14	1
T13.8	Other specified injuries of lower limb, level unspecified	19	T08-T14	1
T13.9	Unspecified injury of lower limb, level unspecified	19	T08-T14	1
T14	Injury of unspecified body region	19	T08-T14	0
T14.0	Superficial injury of unspecified body region	19	T08-T14	1
T14.1	Open wound of unspecified body region	19	T08-T14	1
T14.2	Fracture of unspecified body region	19	T08-T14	1
T14.3	Dislocation, sprain and strain of unspecified body region	19	T08-T14	1
T14.4	Injury of nerve(s) of unspecified body region	19	T08-T14	1
T14.5	Injury of blood vessel(s) of unspecified body region	19	T08-T14	1
T14.6	Injury of muscles and tendons of unspecified body region	19	T08-T14	1
T14.7	Crushing injury and traumatic amputation of unspecified body region	19	T08-T14	1
T14.8	Other injuries of unspecified body region	19	T08-T14	1
T14.9	Injury, unspecified	19	T08-T14	1
T15	Foreign body on external eye	19	T15-T19	0
T15.0	Foreign body in cornea	19	T15-T19	1
T15.1	Foreign body in conjunctival sac	19	T15-T19	1
T15.8	Foreign body in other and multiple parts of external eye	19	T15-T19	1
T15.9	Foreign body on external eye, part unspecified	19	T15-T19	1
T16	Foreign body in ear	19	T15-T19	1
T17	Foreign body in respiratory tract	19	T15-T19	0
T17.0	Foreign body in nasal sinus	19	T15-T19	1
T17.1	Foreign body in nostril	19	T15-T19	1
T17.2	Foreign body in pharynx	19	T15-T19	1
T17.3	Foreign body in larynx	19	T15-T19	1
T17.4	Foreign body in trachea	19	T15-T19	1
T17.5	Foreign body in bronchus	19	T15-T19	1
T17.8	Foreign body in other and multiple parts of respiratory tract	19	T15-T19	1
T17.9	Foreign body in respiratory tract, part unspecified	19	T15-T19	1
T18	Foreign body in alimentary tract	19	T15-T19	0
T18.0	Foreign body in mouth	19	T15-T19	1
T18.1	Foreign body in oesophagus	19	T15-T19	1
T18.2	Foreign body in stomach	19	T15-T19	1
T18.3	Foreign body in small intestine	19	T15-T19	1
T18.4	Foreign body in colon	19	T15-T19	1
T18.5	Foreign body in anus and rectum	19	T15-T19	1
T18.8	Foreign body in other and multiple parts of alimentary tract	19	T15-T19	1
T18.9	Foreign body in alimentary tract, part unspecified	19	T15-T19	1
T19	Foreign body in genitourinary tract	19	T15-T19	0
T19.0	Foreign body in urethra	19	T15-T19	1
T19.1	Foreign body in bladder	19	T15-T19	1
T19.2	Foreign body in vulva and vagina	19	T15-T19	1
T19.3	Foreign body in uterus [any part]	19	T15-T19	1
T19.8	Foreign body in other and multiple parts of genitourinary tract	19	T15-T19	1
T19.9	Foreign body in genitourinary tract, part unspecified	19	T15-T19	1
T20	Burn and corrosion of head and neck	19	T20-T25	0
T20.0	Burn of unspecified degree of head and neck	19	T20-T25	1
T20.1	Burn of first degree of head and neck	19	T20-T25	1
T20.2	Burn of second degree of head and neck	19	T20-T25	1
T20.3	Burn of third degree of head and neck	19	T20-T25	1
T20.4	Corrosion of unspecified degree of head and neck	19	T20-T25	1
T20.5	Corrosion of first degree of head and neck	19	T20-T25	1
T20.6	Corrosion of second degree of head and neck	19	T20-T25	1
T20.7	Corrosion of third degree of head and neck	19	T20-T25	1
T21	Burn and corrosion of trunk	19	T20-T25	0
T21.0	Burn of unspecified degree of trunk	19	T20-T25	1
T21.1	Burn of first degree of trunk	19	T20-T25	1
T21.2	Burn of second degree of trunk	19	T20-T25	1
T21.3	Burn of third degree of trunk	19	T20-T25	1
T21.4	Corrosion of unspecified degree of trunk	19	T20-T25	1
T21.5	Corrosion of first degree of trunk	19	T20-T25	1
T21.6	Corrosion of second degree of trunk	19	T20-T25	1
T21.7	Corrosion of third degree of trunk	19	T20-T25	1
T22	Burn and corrosion of shoulder and upper limb, except wrist and hand	19	T20-T25	0
T22.0	Burn of unspecified degree of shoulder and upper limb, except wrist and hand	19	T20-T25	1
T22.1	Burn of first degree of shoulder and upper limb, except wrist and hand	19	T20-T25	1
T22.2	Burn of second degree of shoulder and upper limb, except wrist and hand	19	T20-T25	1
T22.3	Burn of third degree of shoulder and upper limb, except wrist and hand	19	T20-T25	1
T22.4	Corrosion of unspecified degree of shoulder and upper limb, except wrist and hand	19	T20-T25	1
T22.5	Corrosion of first degree of shoulder and upper limb, except wrist and hand	19	T20-T25	1
T22.6	Corrosion of second degree of shoulder and upper limb, except wrist and hand	19	T20-T25	1
T22.7	Corrosion of third degree of shoulder and upper limb, except wrist and hand	19	T20-T25	1
T23	Burn and corrosion of wrist and hand	19	T20-T25	0
T23.0	Burn of unspecified degree of wrist and hand	19	T20-T25	1
T23.1	Burn of first degree of wrist and hand	19	T20-T25	1
T23.2	Burn of second degree of wrist and hand	19	T20-T25	1
T23.3	Burn of third degree of wrist and hand	19	T20-T25	1
T23.4	Corrosion of unspecified degree of wrist and hand	19	T20-T25	1
T23.5	Corrosion of first degree of wrist and hand	19	T20-T25	1
T23.6	Corrosion of second degree of wrist and hand	19	T20-T25	1
T23.7	Corrosion of third degree of wrist and hand	19	T20-T25	1
T24	Burn and corrosion of hip and lower limb, except ankle and foot	19	T20-T25	0
T24.0	Burn of unspecified degree of hip and lower limb, except ankle and foot	19	T20-T25	1
T24.1	Burn of first degree of hip and lower limb, except ankle and foot	19	T20-T25	1
T24.2	Burn of second degree of hip and lower limb, except ankle and foot	19	T20-T25	1
T24.3	Burn of third degree of hip and lower limb, except ankle and foot	19	T20-T25	1
T24.4	Corrosion of unspecified degree of hip and lower limb, except ankle and foot	19	T20-T25	1
T24.5	Corrosion of first degree of hip and lower limb, except ankle and foot	19	T20-T25	1
T24.6	Corrosion of second degree of hip and lower limb, except ankle and foot	19	T20-T25	1
T24.7	Corrosion of third degree of hip and lower limb, except ankle and foot	19	T20-T25	1
T25	Burn and corrosion of ankle and foot	19	T20-T25	0
T25.0	Burn of unspecified degree of ankle and foot	19	T20-T25	1
T25.1	Burn of first degree of ankle and foot	19	T20-T25	1
T25.2	Burn of second degree of ankle and foot	19	T20-T25	1
T25.3	Burn of third degree of ankle and foot	19	T20-T25	1
T25.4	Corrosion of unspecified degree of ankle and foot	19	T20-T25	1
T25.5	Corrosion of first degree of ankle and foot	19	T20-T25	1
T25.6	Corrosion of second degree of ankle and foot	19	T20-T25	1
T25.7	Corrosion of third degree of ankle and foot	19	T20-T25	1
T26	Burn and corrosion confined to eye and adnexa	19	T26-T28	0
T26.0	Burn of eyelid and periocular area	19	T26-T28	1
T26.1	Burn of cornea and conjunctival sac	19	T26-T28	1
T26.2	Burn with resulting rupture and destruction of eyeball	19	T26-T28	1
T26.3	Burn of other parts of eye and adnexa	19	T26-T28	1
T26.4	Burn of eye and adnexa, part unspecified	19	T26-T28	1
T26.5	Corrosion of eyelid and periocular area	19	T26-T28	1
T26.6	Corrosion of cornea and conjunctival sac	19	T26-T28	1
T26.7	Corrosion with resulting rupture and destruction of eyeball	19	T26-T28	1
T26.8	Corrosion of other parts of eye and adnexa	19	T26-T28	1
T26.9	Corrosion of eye and adnexa, part unspecified	19	T26-T28	1
T27	Burn and corrosion of respiratory tract	19	T26-T28	0
T27.0	Burn of larynx and trachea	19	T26-T28	1
T27.1	Burn involving larynx and trachea with lung	19	T26-T28	1
T27.2	Burn of other parts of respiratory tract	19	T26-T28	1
T27.3	Burn of respiratory tract, part unspecified	19	T26-T28	1
T27.4	Corrosion of larynx and trachea	19	T26-T28	1
T27.5	Corrosion involving larynx and trachea with lung	19	T26-T28	1
T27.6	Corrosion of other parts of respiratory tract	19	T26-T28	1
T27.7	Corrosion of respiratory tract, part unspecified	19	T26-T28	1
T28	Burn and corrosion of other internal organs	19	T26-T28	0
T28.0	Burn of mouth and pharynx	19	T26-T28	1
T28.1	Burn of oesophagus	19	T26-T28	1
T28.2	Burn of other parts of alimentary tract	19	T26-T28	1
T28.3	Burn of internal genitourinary organs	19	T26-T28	1
T28.4	Burn of other and unspecified internal organs	19	T26-T28	1
T28.5	Corrosion of mouth and pharynx	19	T26-T28	1
T28.6	Corrosion of oesophagus	19	T26-T28	1
T28.7	Corrosion of other parts of alimentary tract	19	T26-T28	1
T28.8	Corrosion of internal genitourinary organs	19	T26-T28	1
T28.9	Corrosion of other and unspecified internal organs	19	T26-T28	1
T29	Burns and corrosions of multiple body regions	19	T29-T32	0
T29.0	Burns of multiple regions, unspecified degree	19	T29-T32	1
T29.1	Burns of multiple regions, no more than first-degree burns mentioned	19	T29-T32	1
T29.2	Burns of multiple regions, no more than second-degree burns mentioned	19	T29-T32	1
T29.3	Burns of multiple regions, at least one burn of third degree mentioned	19	T29-T32	1
T29.4	Corrosions of multiple regions, unspecified degree	19	T29-T32	1
T29.5	Corrosions of multiple regions, no more than first-degree corrosions mentioned	19	T29-T32	1
T29.6	Corrosions of multiple regions, no more than second-degree corrosions mentioned	19	T29-T32	1
T29.7	Corrosions of multiple regions, at least one corrosion of third degree mentioned	19	T29-T32	1
T30	Burn and corrosion, body region unspecified	19	T29-T32	0
T30.0	Burn of unspecified body region, unspecified degree	19	T29-T32	1
T30.1	Burn of first degree, body region unspecified	19	T29-T32	1
T30.2	Burn of second degree, body region unspecified	19	T29-T32	1
T30.3	Burn of third degree, body region unspecified	19	T29-T32	1
T30.4	Corrosion of unspecified body region, unspecified degree	19	T29-T32	1
T30.5	Corrosion of first degree, body region unspecified	19	T29-T32	1
T30.6	Corrosion of second degree, body region unspecified	19	T29-T32	1
T30.7	Corrosion of third degree, body region unspecified	19	T29-T32	1
T31	Burns classified according to extent of body surface involved	19	T29-T32	0
T31.0	Burns involving less than 10% of body surface	19	T29-T32	1
T31.1	Burns involving 10-19% of body surface	19	T29-T32	1
T31.2	Burns involving 20-29% of body surface	19	T29-T32	1
T31.3	Burns involving 30-39% of body surface	19	T29-T32	1
T31.4	Burns involving 40-49% of body surface	19	T29-T32	1
T31.5	Burns involving 50-59% of body surface	19	T29-T32	1
T31.6	Burns involving 60-69% of body surface	19	T29-T32	1
T31.7	Burns involving 70-79% of body surface	19	T29-T32	1
T31.8	Burns involving 80-89% of body surface	19	T29-T32	1
T31.9	Burns involving 90% or more of body surface	19	T29-T32	1
T32	Corrosions classified according to extent of body surface involved	19	T29-T32	0
T32.0	Corrosions involving less than 10% of body surface	19	T29-T32	1
T32.1	Corrosions involving 10-19% of body surface	19	T29-T32	1
T32.2	Corrosions involving 20-29% of body surface	19	T29-T32	1
T32.3	Corrosions involving 30-39% of body surface	19	T29-T32	1
T32.4	Corrosions involving 40-49% of body surface	19	T29-T32	1
T32.5	Corrosions involving 50-59% of body surface	19	T29-T32	1
T32.6	Corrosions involving 60-69% of body surface	19	T29-T32	1
T32.7	Corrosions involving 70-79% of body surface	19	T29-T32	1
T32.8	Corrosions involving 80-89% of body surface	19	T29-T32	1
T32.9	Corrosions involving 90% or more of body surface	19	T29-T32	1
T33	Superficial frostbite	19	T33-T35	0
T33.0	Superficial frostbite of head	19	T33-T35	1
T33.1	Superficial frostbite of neck	19	T33-T35	1
T33.2	Superficial frostbite of thorax	19	T33-T35	1
T33.3	Superficial frostbite of abdominal wall, lower back and pelvis	19	T33-T35	1
T33.4	Superficial frostbite of arm	19	T33-T35	1
T33.5	Superficial frostbite of wrist and hand	19	T33-T35	1
T33.6	Superficial frostbite of hip and thigh	19	T33-T35	1
T33.7	Superficial frostbite of knee and lower leg	19	T33-T35	1
T33.8	Superficial frostbite of ankle and foot	19	T33-T35	1
T33.9	Superficial frostbite of other and unspecified sites	19	T33-T35	1
T34	Frostbite with tissue necrosis	19	T33-T35	0
T34.0	Frostbite with tissue necrosis of head	19	T33-T35	1
T34.1	Frostbite with tissue necrosis of neck	19	T33-T35	1
T34.2	Frostbite with tissue necrosis of thorax	19	T33-T35	1
T34.3	Frostbite with tissue necrosis of abdominal wall, lower back and pelvis	19	T33-T35	1
T34.4	Frostbite with tissue necrosis of arm	19	T33-T35	1
T34.5	Frostbite with tissue necrosis of wrist and hand	19	T33-T35	1
T34.6	Frostbite with tissue necrosis of hip and thigh	19	T33-T35	1
T34.7	Frostbite with tissue necrosis of knee and lower leg	19	T33-T35	1
T34.8	Frostbite with tissue necrosis of ankle and foot	19	T33-T35	1
T34.9	Frostbite with tissue necrosis of other and unspecified sites	19	T33-T35	1
T35	Frostbite involving multiple body regions and unspecified frostbite	19	T33-T35	0
T35.0	Superficial frostbite involving multiple body regions	19	T33-T35	1
T35.1	Frostbite with tissue necrosis involving multiple body regions	19	T33-T35	1
T35.2	Unspecified frostbite of head and neck	19	T33-T35	1
T35.3	Unspecified frostbite of thorax, abdomen, lower back and pelvis	19	T33-T35	1
T35.4	Unspecified frostbite of upper limb	19	T33-T35	1
T35.5	Unspecified frostbite of lower limb	19	T33-T35	1
T35.6	Unspecified frostbite involving multiple body regions	19	T33-T35	1
T35.7	Unspecified frostbite of unspecified site	19	T33-T35	1
T36	Poisoning by systemic antibiotics	19	T36-T50	0
T36.0	Poisoning: Penicillins	19	T36-T50	1
T36.1	Poisoning: Cefalosporins and other beta-lactam antibiotics	19	T36-T50	1
T36.2	Poisoning: Chloramphenicol group	19	T36-T50	1
T36.3	Poisoning: Macrolides	19	T36-T50	1
T36.4	Poisoning: Tetracyclines	19	T36-T50	1
T36.5	Poisoning: Aminoglycosides	19	T36-T50	1
T36.6	Poisoning: Rifamycins	19	T36-T50	1
T36.7	Poisoning: Antifungal antibiotics, systemically used	19	T36-T50	1
T36.8	Poisoning: Other systemic antibiotics	19	T36-T50	1
T36.9	Poisoning: Systemic antibiotic, unspecified	19	T36-T50	1
T37	Poisoning by other systemic anti-infectives and antiparasitics	19	T36-T50	0
T37.0	Poisoning: Sulfonamides	19	T36-T50	1
T37.1	Poisoning: Antimycobacterial drugs	19	T36-T50	1
T37.2	Poisoning: Antimalarials and drugs acting on other blood protozoa	19	T36-T50	1
T37.3	Poisoning: Other antiprotozoal drugs	19	T36-T50	1
T37.4	Poisoning: Anthelminthics	19	T36-T50	1
T37.5	Poisoning: Antiviral drugs	19	T36-T50	1
T37.8	Poisoning: Other specified systemic anti-infectives and antiparasitics	19	T36-T50	1
T37.9	Poisoning: Systemic anti-infective and antiparasitic, unspecified	19	T36-T50	1
T38	Poisoning by hormones and their synthetic substitutes and antagonists, not elsewhere classified	19	T36-T50	0
T38.0	Poisoning: Glucocorticoids and synthetic analogues	19	T36-T50	1
T38.1	Poisoning: Thyroid hormones and substitutes	19	T36-T50	1
T38.2	Poisoning: Antithyroid drugs	19	T36-T50	1
T38.3	Poisoning: Insulin and oral hypoglycaemic [antidiabetic] drugs	19	T36-T50	1
T38.4	Poisoning: Oral contraceptives	19	T36-T50	1
T38.5	Poisoning: Other estrogens and progestogens	19	T36-T50	1
T38.6	Poisoning: Antigonadotrophins, antiestrogens, antiandrogens, not elsewhere classified	19	T36-T50	1
T38.7	Poisoning: Androgens and anabolic congeners	19	T36-T50	1
T38.8	Poisoning: Other and unspecified hormones and their synthetic substitutes	19	T36-T50	1
T38.9	Poisoning: Other and unspecified hormone antagonists	19	T36-T50	1
T39	Poisoning by nonopioid analgesics, antipyretics and antirheumatics	19	T36-T50	0
T39.0	Poisoning: Salicylates	19	T36-T50	1
T39.1	Poisoning: 4-Aminophenol derivatives	19	T36-T50	1
T39.2	Poisoning: Pyrazolone derivatives	19	T36-T50	1
T39.3	Poisoning: Other nonsteroidal anti-inflammatory drugs [NSAID]	19	T36-T50	1
T39.4	Poisoning: Antirheumatics, not elsewhere classified	19	T36-T50	1
T39.8	Poisoning: Other nonopioid analgesics and antipyretics, not elsewhere classified	19	T36-T50	1
T39.9	Poisoning: Nonopioid analgesic, antipyretic and antirheumatic, unspecified	19	T36-T50	1
T40	Poisoning by narcotics and psychodysleptics [hallucinogens]	19	T36-T50	0
T40.0	Poisoning: Opium	19	T36-T50	1
T40.1	Poisoning: Heroin	19	T36-T50	1
T40.2	Poisoning: Other opioids	19	T36-T50	1
T40.3	Poisoning: Methadone	19	T36-T50	1
T40.4	Poisoning: Other synthetic narcotics	19	T36-T50	1
T40.5	Poisoning: Cocaine	19	T36-T50	1
T40.6	Poisoning: Other and unspecified narcotics	19	T36-T50	1
T40.7	Poisoning: Cannabis (derivatives)	19	T36-T50	1
T40.8	Poisoning: Lysergide [LSD]	19	T36-T50	1
T40.9	Poisoning: Other and unspecified psychodysleptics [hallucinogens]	19	T36-T50	1
T41	Poisoning by anaesthetics and therapeutic gases	19	T36-T50	0
T41.0	Poisoning: Inhaled anaesthetics	19	T36-T50	1
T41.1	Poisoning: Intravenous anaesthetics	19	T36-T50	1
T41.2	Poisoning: Other and unspecified general anaesthetics	19	T36-T50	1
T41.3	Poisoning: Local anaesthetics	19	T36-T50	1
T41.4	Poisoning: Anaesthetic, unspecified	19	T36-T50	1
T41.5	Poisoning: Therapeutic gases	19	T36-T50	1
T42	Poisoning by antiepileptic, sedative-hypnotic and antiparkinsonism drugs	19	T36-T50	0
T42.0	Poisoning: Hydantoin derivatives	19	T36-T50	1
T42.1	Poisoning: Iminostilbenes	19	T36-T50	1
T42.2	Poisoning: Succinimides and oxazolidinediones	19	T36-T50	1
T42.3	Poisoning: Barbiturates	19	T36-T50	1
T42.4	Poisoning: Benzodiazepines	19	T36-T50	1
T42.5	Poisoning: Mixed antiepileptics, not elsewhere classified	19	T36-T50	1
T42.6	Poisoning: Other antiepileptic and sedative-hypnotic drugs	19	T36-T50	1
T42.7	Poisoning: Antiepileptic and sedative-hypnotic drugs, unspecified	19	T36-T50	1
T42.8	Poisoning: Antiparkinsonism drugs and other central muscle-tone depressants	19	T36-T50	1
T43	Poisoning by psychotropic drugs, not elsewhere classified	19	T36-T50	0
T43.0	Poisoning: Tricyclic and tetracyclic antidepressants	19	T36-T50	1
T43.1	Poisoning: Monoamine-oxidase-inhibitor antidepressants	19	T36-T50	1
T43.2	Poisoning: Other and unspecified antidepressants	19	T36-T50	1
T43.3	Poisoning: Phenothiazine antipsychotics and neuroleptics	19	T36-T50	1
T43.4	Poisoning: Butyrophenone and thioxanthene neuroleptics	19	T36-T50	1
T43.5	Poisoning: Other and unspecified antipsychotics and neuroleptics	19	T36-T50	1
T43.6	Poisoning: Psychostimulants with abuse potential	19	T36-T50	1
T43.8	Poisoning: Other psychotropic drugs, not elsewhere classified	19	T36-T50	1
T43.9	Poisoning: Psychotropic drug, unspecified	19	T36-T50	1
T44	Poisoning by drugs primarily affecting the autonomic nervous system	19	T36-T50	0
T44.0	Poisoning: Anticholinesterase agents	19	T36-T50	1
T44.1	Poisoning: Other parasympathomimetics [cholinergics]	19	T36-T50	1
T44.2	Poisoning: Ganglionic blocking drugs, not elsewhere classified	19	T36-T50	1
T44.3	Poisoning: Other parasympatholytics [anticholinergics and antimuscarinics] and spasmolytics, not elsewhere classified	19	T36-T50	1
T44.4	Poisoning: Predominantly alpha-adrenoreceptor agonists, not elsewhere classified	19	T36-T50	1
T44.5	Poisoning: Predominantly beta-adrenoreceptor agonists, not elsewhere classified	19	T36-T50	1
T44.6	Poisoning: Alpha-adrenoreceptor antagonists, not elsewhere classified	19	T36-T50	1
T44.7	Poisoning: Beta-adrenoreceptor antagonists, not elsewhere classified	19	T36-T50	1
T44.8	Poisoning: Centrally acting and adrenergic-neuron-blocking agents, not elsewhere classified	19	T36-T50	1
T44.9	Poisoning: Other and unspecified drugs primarily affecting the autonomic nervous system	19	T36-T50	1
T45	Poisoning by primarily systemic and haematological agents, not elsewhere classified	19	T36-T50	0
T45.0	Poisoning: Antiallergic and antiemetic drugs	19	T36-T50	1
T45.1	Poisoning: Antineoplastic and immunosuppressive drugs	19	T36-T50	1
T45.2	Poisoning: Vitamins, not elsewhere classified	19	T36-T50	1
T45.3	Poisoning: Enzymes, not elsewhere classified	19	T36-T50	1
T45.4	Poisoning: Iron and its compounds	19	T36-T50	1
T45.5	Poisoning: Anticoagulants	19	T36-T50	1
T45.6	Poisoning: Fibrinolysis-affecting drugs	19	T36-T50	1
T45.7	Poisoning: Anticoagulant antagonists, vitamin K and other coagulants	19	T36-T50	1
T45.8	Poisoning: Other primarily systemic and haematological agents	19	T36-T50	1
T45.9	Poisoning: Primarily systemic and haematological agent, unspecified	19	T36-T50	1
T46	Poisoning by agents primarily affecting the cardiovascular system	19	T36-T50	0
T46.0	Poisoning: Cardiac-stimulant glycosides and drugs of similar action	19	T36-T50	1
T46.1	Poisoning: Calcium-channel blockers	19	T36-T50	1
T46.2	Poisoning: Other antidysrhythmic drugs, not elsewhere classified	19	T36-T50	1
T46.3	Poisoning: Coronary vasodilators, not elsewhere classified	19	T36-T50	1
T46.4	Poisoning: Angiotensin-converting-enzyme inhibitors	19	T36-T50	1
T46.5	Poisoning: Other antihypertensive drugs, not elsewhere classified	19	T36-T50	1
T46.6	Poisoning: Antihyperlipidaemic and antiarteriosclerotic drugs	19	T36-T50	1
T46.7	Poisoning: Peripheral vasodilators	19	T36-T50	1
T46.8	Poisoning: Antivaricose drugs, including sclerosing agents	19	T36-T50	1
T46.9	Poisoning: Other and unspecified agents primarily affecting the cardiovascular system	19	T36-T50	1
T47	Poisoning by agents primarily affecting the gastrointestinal system	19	T36-T50	0
T47.0	Poisoning: Histamine H2-receptor antagonists	19	T36-T50	1
T47.1	Poisoning: Other antacids and anti-gastric-secretion drugs	19	T36-T50	1
T47.2	Poisoning: Stimulant laxatives	19	T36-T50	1
T47.3	Poisoning: Saline and osmotic laxatives	19	T36-T50	1
T47.4	Poisoning: Other laxatives	19	T36-T50	1
T47.5	Poisoning: Digestants	19	T36-T50	1
T47.6	Poisoning: Antidiarrhoeal drugs	19	T36-T50	1
T47.7	Poisoning: Emetics	19	T36-T50	1
T47.8	Poisoning: Other agents primarily affecting the gastrointestinal system	19	T36-T50	1
T47.9	Poisoning: Agent primarily affecting the gastrointestinal system, unspecified	19	T36-T50	1
T48	Poisoning by agents primarily acting on smooth and skeletal muscles and the respiratory system	19	T36-T50	0
T48.0	Poisoning: Oxytocic drugs	19	T36-T50	1
T48.1	Poisoning: Skeletal muscle relaxants [neuromuscular blocking agents]	19	T36-T50	1
T48.2	Poisoning: Other and unspecified agents primarily acting on muscles	19	T36-T50	1
T48.3	Poisoning: Antitussives	19	T36-T50	1
T48.4	Poisoning: Expectorants	19	T36-T50	1
T48.5	Poisoning: Anti-common-cold drugs	19	T36-T50	1
T48.6	Poisoning: Antiasthmatics, not elsewhere classified	19	T36-T50	1
T48.7	Poisoning: Other and unspecified agents primarily acting on the respiratory system	19	T36-T50	1
T49	Poisoning by topical agents primarily affecting skin and mucous membrane and by ophthalmological, otorhinolaryngological and dental drugs	19	T36-T50	0
T49.0	Poisoning: Local antifungal, anti-infective and anti-inflammatory drugs, not elsewhere classified	19	T36-T50	1
T49.1	Poisoning: Antipruritics	19	T36-T50	1
T49.2	Poisoning: Local astringents and local detergents	19	T36-T50	1
T49.3	Poisoning: Emollients, demulcents and protectants	19	T36-T50	1
T49.4	Poisoning: Keratolytics, keratoplastics and other hair treatment drugs and preparations	19	T36-T50	1
T49.5	Poisoning: Ophthalmological drugs and preparations	19	T36-T50	1
T49.6	Poisoning: Otorhinolaryngological drugs and preparations	19	T36-T50	1
T49.7	Poisoning: Dental drugs, topically applied	19	T36-T50	1
T49.8	Poisoning: Other topical agents	19	T36-T50	1
T49.9	Poisoning: Topical agent, unspecified	19	T36-T50	1
T50	Poisoning by diuretics and other and unspecified drugs, medicaments and biological substances	19	T36-T50	0
T50.0	Poisoning: Mineralocorticoids and their antagonists	19	T36-T50	1
T50.1	Poisoning: Loop [high-ceiling] diuretics	19	T36-T50	1
T50.2	Poisoning: Carbonic-anhydrase inhibitors, benzothiadiazides and other diuretics	19	T36-T50	1
T50.3	Poisoning: Electrolytic, caloric and water-balance agents	19	T36-T50	1
T50.4	Poisoning: Drugs affecting uric acid metabolism	19	T36-T50	1
T50.5	Poisoning: Appetite depressants	19	T36-T50	1
T50.6	Poisoning: Antidotes and chelating agents, not elsewhere classified	19	T36-T50	1
T50.7	Poisoning: Analeptics and opioid receptor antagonists	19	T36-T50	1
T50.8	Poisoning: Diagnostic agents	19	T36-T50	1
T50.9	Poisoning: Other and unspecified drugs, medicaments and biological substances	19	T36-T50	1
T51	Toxic effect of alcohol	19	T51-T65	0
T51.0	Toxic effect: Ethanol	19	T51-T65	1
T51.1	Toxic effect: Methanol	19	T51-T65	1
T51.2	Toxic effect: 2-Propanol	19	T51-T65	1
T51.3	Toxic effect: Fusel oil	19	T51-T65	1
T51.8	Toxic effect: Other alcohols	19	T51-T65	1
T51.9	Toxic effect: Alcohol, unspecified	19	T51-T65	1
T52	Toxic effect of organic solvents	19	T51-T65	0
T52.0	Toxic effect: Petroleum products	19	T51-T65	1
T52.1	Toxic effect: Benzene	19	T51-T65	1
T52.2	Toxic effect: Homologues of benzene	19	T51-T65	1
T52.3	Toxic effect: Glycols	19	T51-T65	1
T52.4	Toxic effect: Ketones	19	T51-T65	1
T52.8	Toxic effect: Other organic solvents	19	T51-T65	1
T52.9	Toxic effect: Organic solvent, unspecified	19	T51-T65	1
T53	Toxic effect of halogen derivatives of aliphatic and aromatic hydrocarbons	19	T51-T65	0
T53.0	Toxic effect: Carbon tetrachloride	19	T51-T65	1
T53.1	Toxic effect: Chloroform	19	T51-T65	1
T53.2	Toxic effect: Trichloroethylene	19	T51-T65	1
T53.3	Toxic effect: Tetrachloroethylene	19	T51-T65	1
T53.4	Toxic effect: Dichloromethane	19	T51-T65	1
T53.5	Toxic effect: Chlorofluorocarbons	19	T51-T65	1
T53.6	Toxic effect: Other halogen derivatives of aliphatic hydrocarbons	19	T51-T65	1
T53.7	Toxic effect: Other halogen derivatives of aromatic hydrocarbons	19	T51-T65	1
T53.9	Toxic effect: Halogen derivative of aliphatic and aromatic hydrocarbons, unspecified	19	T51-T65	1
T54	Toxic effect of corrosive substances	19	T51-T65	0
T54.0	Toxic effect: Phenol and phenol homologues	19	T51-T65	1
T54.1	Toxic effect: Other corrosive organic compounds	19	T51-T65	1
T54.2	Toxic effect: Corrosive acids and acid-like substances	19	T51-T65	1
T54.3	Toxic effect: Corrosive alkalis and alkali-like substances	19	T51-T65	1
T54.9	Toxic effect: Corrosive substance, unspecified	19	T51-T65	1
T55	Toxic effect of soaps and detergents	19	T51-T65	1
T56	Toxic effect of metals	19	T51-T65	0
T56.0	Toxic effect: Lead and its compounds	19	T51-T65	1
T56.1	Toxic effect: Mercury and its compounds	19	T51-T65	1
T56.2	Toxic effect: Chromium and its compounds	19	T51-T65	1
T56.3	Toxic effect: Cadmium and its compounds	19	T51-T65	1
T56.4	Toxic effect: Copper and its compounds	19	T51-T65	1
T56.5	Toxic effect: Zinc and its compounds	19	T51-T65	1
T56.6	Toxic effect: Tin and its compounds	19	T51-T65	1
T56.7	Toxic effect: Beryllium and its compounds	19	T51-T65	1
T56.8	Toxic effect: Other metals	19	T51-T65	1
T56.9	Toxic effect: Metal, unspecified	19	T51-T65	1
T57	Toxic effect of other inorganic substances	19	T51-T65	0
T57.0	Toxic effect: Arsenic and its compounds	19	T51-T65	1
T57.1	Toxic effect: Phosphorus and its compounds	19	T51-T65	1
T57.2	Toxic effect: Manganese and its compounds	19	T51-T65	1
T57.3	Toxic effect: Hydrogen cyanide	19	T51-T65	1
T57.8	Toxic effect: Other specified inorganic substances	19	T51-T65	1
T57.9	Toxic effect: Inorganic substance, unspecified	19	T51-T65	1
T58	Toxic effect of carbon monoxide	19	T51-T65	1
T59	Toxic effect of other gases, fumes and vapours	19	T51-T65	0
T59.0	Toxic effect: Nitrogen oxides	19	T51-T65	1
T59.1	Toxic effect: Sulfur dioxide	19	T51-T65	1
T59.2	Toxic effect: Formaldehyde	19	T51-T65	1
T59.3	Toxic effect: Lacrimogenic gas	19	T51-T65	1
T59.4	Toxic effect: Chlorine gas	19	T51-T65	1
T59.5	Toxic effect: Fluorine gas and hydrogen fluoride	19	T51-T65	1
T59.6	Toxic effect: Hydrogen sulfide	19	T51-T65	1
T59.7	Toxic effect: Carbon dioxide	19	T51-T65	1
T59.8	Toxic effect: Other specified gases, fumes and vapours	19	T51-T65	1
T59.9	Toxic effect: Gases, fumes and vapours, unspecified	19	T51-T65	1
T60	Toxic effect of pesticides	19	T51-T65	0
T60.0	Toxic effect: Organophosphate and carbamate insecticides	19	T51-T65	1
T60.1	Toxic effect: Halogenated insecticides	19	T51-T65	1
T60.2	Toxic effect: Other and unspecified insecticides	19	T51-T65	1
T60.3	Toxic effect: Herbicides and fungicides	19	T51-T65	1
T60.4	Toxic effect: Rodenticides	19	T51-T65	1
T60.8	Toxic effect: Other pesticides	19	T51-T65	1
T60.9	Toxic effect: Pesticide, unspecified	19	T51-T65	1
T61	Toxic effect of noxious substances eaten as seafood	19	T51-T65	0
T61.0	Toxic effect: Ciguatera fish poisoning	19	T51-T65	1
T61.1	Toxic effect: Scombroid fish poisoning	19	T51-T65	1
T61.2	Toxic effect: Other fish and shellfish poisoning	19	T51-T65	1
T61.8	Toxic effect: Toxic effect of other seafoods	19	T51-T65	1
T61.9	Toxic effect: Toxic effect of unspecified seafood	19	T51-T65	1
T62	Toxic effect of other noxious substances eaten as food	19	T51-T65	0
T62.0	Toxic effect: Ingested mushrooms	19	T51-T65	1
T62.1	Toxic effect: Ingested berries	19	T51-T65	1
T62.2	Toxic effect: Other ingested (parts of) plant(s)	19	T51-T65	1
T62.8	Toxic effect: Other specified noxious substances eaten as food	19	T51-T65	1
T62.9	Toxic effect: Noxious substance eaten as food, unspecified	19	T51-T65	1
T63	Toxic effect of contact with venomous animals	19	T51-T65	0
T63.0	Toxic effect: Snake venom	19	T51-T65	1
T63.1	Toxic effect: Venom of other reptiles	19	T51-T65	1
T63.2	Toxic effect: Venom of scorpion	19	T51-T65	1
T63.3	Toxic effect: Venom of spider	19	T51-T65	1
T63.4	Toxic effect: Venom of other arthropods	19	T51-T65	1
T63.5	Toxic effect: Toxic effect of contact with fish	19	T51-T65	1
T63.6	Toxic effect: Toxic effect of contact with other marine animals	19	T51-T65	1
T63.8	Toxic effect: Toxic effect of contact with other venomous animals	19	T51-T65	1
T63.9	Toxic effect: Toxic effect of contact with unspecified venomous animal	19	T51-T65	1
T64	Toxic effect of aflatoxin and other mycotoxin food contaminants	19	T51-T65	1
T65	Toxic effect of other and unspecified substances	19	T51-T65	0
T65.0	Toxic effect: Cyanides	19	T51-T65	1
T65.1	Toxic effect: Strychnine and its salts	19	T51-T65	1
T65.2	Toxic effect: Tobacco and nicotine	19	T51-T65	1
T65.3	Toxic effect: Nitroderivatives and aminoderivatives of benzene and its homologues	19	T51-T65	1
T65.4	Toxic effect: Carbon disulfide	19	T51-T65	1
T65.5	Toxic effect: Nitroglycerin and other nitric acids and esters	19	T51-T65	1
T65.6	Toxic effect: Paints and dyes, not elsewhere classified	19	T51-T65	1
T65.8	Toxic effect: Toxic effect of other specified substances	19	T51-T65	1
T65.9	Toxic effect: Toxic effect of unspecified substance	19	T51-T65	1
T66	Unspecified effects of radiation	19	T66-T78	1
T67	Effects of heat and light	19	T66-T78	0
T67.0	Heatstroke and sunstroke	19	T66-T78	1
T67.1	Heat syncope	19	T66-T78	1
T67.2	Heat cramp	19	T66-T78	1
T67.3	Heat exhaustion, anhydrotic	19	T66-T78	1
T67.4	Heat exhaustion due to salt depletion	19	T66-T78	1
T67.5	Heat exhaustion, unspecified	19	T66-T78	1
T67.6	Heat fatigue, transient	19	T66-T78	1
T67.7	Heat oedema	19	T66-T78	1
T67.8	Other effects of heat and light	19	T66-T78	1
T67.9	Effect of heat and light, unspecified	19	T66-T78	1
T68	Hypothermia	19	T66-T78	1
T69	Other effects of reduced temperature	19	T66-T78	0
T69.0	Immersion hand and foot	19	T66-T78	1
T69.1	Chilblains	19	T66-T78	1
T69.8	Other specified effects of reduced temperature	19	T66-T78	1
T69.9	Effect of reduced temperature, unspecified	19	T66-T78	1
T70	Effects of air pressure and water pressure	19	T66-T78	0
T70.0	Otitic barotrauma	19	T66-T78	1
T70.1	Sinus barotrauma	19	T66-T78	1
T70.2	Other and unspecified effects of high altitude	19	T66-T78	1
T70.3	Caisson disease [decompression sickness]	19	T66-T78	1
T70.4	Effects of high-pressure fluids	19	T66-T78	1
T70.8	Other effects of air pressure and water pressure	19	T66-T78	1
T70.9	Effect of air pressure and water pressure, unspecified	19	T66-T78	1
T71	Asphyxiation	19	T66-T78	1
T73	Effects of other deprivation	19	T66-T78	0
T73.0	Effects of hunger	19	T66-T78	1
T73.1	Effects of thirst	19	T66-T78	1
T73.2	Exhaustion due to exposure	19	T66-T78	1
T73.3	Exhaustion due to excessive exertion	19	T66-T78	1
T73.8	Other effects of deprivation	19	T66-T78	1
T73.9	Effect of deprivation, unspecified	19	T66-T78	1
T74	Maltreatment syndromes	19	T66-T78	0
T74.0	Neglect or abandonment	19	T66-T78	1
T74.1	Physical abuse	19	T66-T78	1
T74.2	Sexual abuse	19	T66-T78	1
T74.3	Psychological abuse	19	T66-T78	1
T74.8	Other maltreatment syndromes	19	T66-T78	1
T74.9	Maltreatment syndrome, unspecified	19	T66-T78	1
T75	Effects of other external causes	19	T66-T78	0
T75.0	Effects of lightning	19	T66-T78	1
T75.1	Drowning and nonfatal submersion	19	T66-T78	1
T75.2	Effects of vibration	19	T66-T78	1
T75.3	Motion sickness	19	T66-T78	1
T75.4	Effects of electric current	19	T66-T78	1
T75.8	Other specified effects of other external causes	19	T66-T78	1
T76	Unspecified effects of external causes	19	T66-T78	1
T78	Adverse effects, not elsewhere classified	19	T66-T78	0
T78.0	Anaphylactic shock due to adverse food reaction	19	T66-T78	1
T78.1	Other adverse food reactions, not elsewhere classified	19	T66-T78	1
T78.2	Anaphylactic shock, unspecified	19	T66-T78	1
T78.3	Angioneurotic oedema	19	T66-T78	1
T78.4	Allergy, unspecified	19	T66-T78	1
T78.8	Other adverse effects, not elsewhere classified	19	T66-T78	1
T78.9	Adverse effect, unspecified	19	T66-T78	1
T79	Certain early complications of trauma, not elsewhere classified	19	T79-T79	0
T79.0	Air embolism (traumatic)	19	T79-T79	1
T79.1	Fat embolism (traumatic)	19	T79-T79	1
T79.2	Traumatic secondary and recurrent haemorrhage	19	T79-T79	1
T79.3	Post-traumatic wound infection, not elsewhere classified	19	T79-T79	1
T79.4	Traumatic shock	19	T79-T79	1
T79.5	Traumatic anuria	19	T79-T79	1
T79.6	Traumatic ischaemia of muscle	19	T79-T79	1
T79.7	Traumatic subcutaneous emphysema	19	T79-T79	1
T79.8	Other early complications of trauma	19	T79-T79	1
T79.9	Unspecified early complication of trauma	19	T79-T79	1
T80	Complications following infusion, transfusion and therapeutic injection	19	T80-T88	0
T80.0	Air embolism following infusion, transfusion and therapeutic injection	19	T80-T88	1
T80.1	Vascular complications following infusion, transfusion and therapeutic injection	19	T80-T88	1
T80.2	Infections following infusion, transfusion and therapeutic injection	19	T80-T88	1
T80.3	ABO incompatibility reaction	19	T80-T88	1
T80.4	Rh incompatibility reaction	19	T80-T88	1
T80.5	Anaphylactic shock due to serum	19	T80-T88	1
T80.6	Other serum reactions	19	T80-T88	1
T80.8	Other complications following infusion, transfusion and therapeutic injection	19	T80-T88	1
T80.9	Unspecified complication following infusion, transfusion and therapeutic injection	19	T80-T88	1
T81	Complications of procedures, not elsewhere classified	19	T80-T88	0
T81.0	Haemorrhage and haematoma complicating a procedure, not elsewhere classified	19	T80-T88	1
T81.1	Shock during or resulting from a procedure, not elsewhere classified	19	T80-T88	1
T81.2	Accidental puncture and laceration during a procedure, not elsewhere classified	19	T80-T88	1
T81.3	Disruption of operation wound, not elsewhere classified	19	T80-T88	1
T81.4	Infection following a procedure, not elsewhere classified	19	T80-T88	1
T81.5	Foreign body accidentally left in body cavity or operation wound following a procedure	19	T80-T88	1
T81.6	Acute reaction to foreign substance accidentally left during a procedure	19	T80-T88	1
T81.7	Vascular complications following a procedure, not elsewhere classified	19	T80-T88	1
T81.8	Other complications of procedures, not elsewhere classified	19	T80-T88	1
T81.9	Unspecified complication of procedure	19	T80-T88	1
T82	Complications of cardiac and vascular prosthetic devices, implants and grafts	19	T80-T88	0
T82.0	Mechanical complication of heart valve prosthesis	19	T80-T88	1
T82.1	Mechanical complication of cardiac electronic device	19	T80-T88	1
T82.2	Mechanical complication of coronary artery bypass and valve grafts	19	T80-T88	1
T82.3	Mechanical complication of other vascular grafts	19	T80-T88	1
T82.4	Mechanical complication of vascular dialysis catheter	19	T80-T88	1
T82.5	Mechanical complication of other cardiac and vascular devices and implants	19	T80-T88	1
T82.6	Infection and inflammatory reaction due to cardiac valve prosthesis	19	T80-T88	1
T82.7	Infection and inflammatory reaction due to other cardiac and vascular devices, implants and grafts	19	T80-T88	1
T82.8	Other specified complications of cardiac and vascular prosthetic devices, implants and grafts	19	T80-T88	1
T82.9	Unspecified complication of cardiac and vascular prosthetic device, implant and graft	19	T80-T88	1
T83	Complications of genitourinary prosthetic devices, implants and grafts	19	T80-T88	0
T83.0	Mechanical complication of urinary (indwelling) catheter	19	T80-T88	1
T83.1	Mechanical complication of other urinary devices and implants	19	T80-T88	1
T83.2	Mechanical complication of graft of urinary organ	19	T80-T88	1
T83.3	Mechanical complication of intrauterine contraceptive device	19	T80-T88	1
T83.4	Mechanical complication of other prosthetic devices, implants and grafts in genital tract	19	T80-T88	1
T83.5	Infection and inflammatory reaction due to prosthetic device, implant and graft in urinary system	19	T80-T88	1
T83.6	Infection and inflammatory reaction due to prosthetic device, implant and graft in genital tract	19	T80-T88	1
T83.8	Other complications of genitourinary prosthetic devices, implants and grafts	19	T80-T88	1
T83.9	Unspecified complication of genitourinary prosthetic device, implant and graft	19	T80-T88	1
T84	Complications of internal orthopaedic prosthetic devices, implants and grafts	19	T80-T88	0
T84.0	Mechanical complication of internal joint prosthesis	19	T80-T88	1
T84.1	Mechanical complication of internal fixation device of bones of limb	19	T80-T88	1
T84.2	Mechanical complication of internal fixation device of other bones	19	T80-T88	1
T84.3	Mechanical complication of other bone devices, implants and grafts	19	T80-T88	1
T84.4	Mechanical complication of other internal orthopaedic devices, implants and grafts	19	T80-T88	1
T84.5	Infection and inflammatory reaction due to internal joint prosthesis	19	T80-T88	1
T84.6	Infection and inflammatory reaction due to internal fixation device [any site]	19	T80-T88	1
T84.7	Infection and inflammatory reaction due to other internal orthopaedic prosthetic devices, implants and grafts	19	T80-T88	1
T84.8	Other complications of internal orthopaedic prosthetic devices, implants and grafts	19	T80-T88	1
T84.9	Unspecified complication of internal orthopaedic prosthetic device, implant and graft	19	T80-T88	1
T85	Complications of other internal prosthetic devices, implants and grafts	19	T80-T88	0
T85.0	Mechanical complication of ventricular intracranial (communicating) shunt	19	T80-T88	1
T85.1	Mechanical complication of implanted electronic stimulator of nervous system	19	T80-T88	1
T85.2	Mechanical complication of intraocular lens	19	T80-T88	1
T85.3	Mechanical complication of other ocular prosthetic devices, implants and grafts	19	T80-T88	1
T85.4	Mechanical complication of breast prosthesis and implant	19	T80-T88	1
T85.5	Mechanical complication of gastrointestinal prosthetic devices, implants and grafts	19	T80-T88	1
T85.6	Mechanical complication of other specified internal prosthetic devices, implants and grafts	19	T80-T88	1
T85.7	Infection and inflammatory reaction due to other internal prosthetic devices, implants and grafts	19	T80-T88	1
T85.8	Other complications of internal prosthetic devices, implants and grafts, not elsewhere classified	19	T80-T88	1
T85.9	Unspecified complication of internal prosthetic device, implant and graft	19	T80-T88	1
T86	Failure and rejection of transplanted organs and tissues	19	T80-T88	0
T86.0	Bone-marrow transplant rejection	19	T80-T88	1
T86.1	Kidney transplant failure and rejection	19	T80-T88	1
T86.2	Heart transplant failure and rejection	19	T80-T88	1
T86.3	Heart-lung transplant failure and rejection	19	T80-T88	1
T86.4	Liver transplant failure and rejection	19	T80-T88	1
T86.8	Failure and rejection of other transplanted organs and tissues	19	T80-T88	1
T86.9	Failure and rejection of unspecified transplanted organ and tissue	19	T80-T88	1
T87	Complications peculiar to reattachment and amputation	19	T80-T88	0
T87.0	Complications of reattached (part of) upper extremity	19	T80-T88	1
T87.1	Complications of reattached (part of) lower extremity	19	T80-T88	1
T87.2	Complications of other reattached body part	19	T80-T88	1
T87.3	Neuroma of amputation stump	19	T80-T88	1
T87.4	Infection of amputation stump	19	T80-T88	1
T87.5	Necrosis of amputation stump	19	T80-T88	1
T87.6	Other and unspecified complications of amputation stump	19	T80-T88	1
T88	Other complications of surgical and medical care, not elsewhere classified	19	T80-T88	0
T88.0	Infection following immunization	19	T80-T88	1
T88.1	Other complications following immunization, not elsewhere classified	19	T80-T88	1
T88.2	Shock due to anaesthesia	19	T80-T88	1
T88.3	Malignant hyperthermia due to anaesthesia	19	T80-T88	1
T88.4	Failed or difficult intubation	19	T80-T88	1
T88.5	Other complications of anaesthesia	19	T80-T88	1
T88.6	Anaphylactic shock due to adverse effect of correct drug or medicament properly administered	19	T80-T88	1
T88.7	Unspecified adverse effect of drug or medicament	19	T80-T88	1
T88.8	Other specified complications of surgical and medical care, not elsewhere classified	19	T80-T88	1
T88.9	Complication of surgical and medical care, unspecified	19	T80-T88	1
T90	Sequelae of injuries of head	19	T90-T98	0
T90.0	Sequelae of superficial injury of head	19	T90-T98	1
T90.1	Sequelae of open wound of head	19	T90-T98	1
T90.2	Sequelae of fracture of skull and facial bones	19	T90-T98	1
T90.3	Sequelae of injury of cranial nerves	19	T90-T98	1
T90.4	Sequelae of injury of eye and orbit	19	T90-T98	1
T90.5	Sequelae of intracranial injury	19	T90-T98	1
T90.8	Sequelae of other specified injuries of head	19	T90-T98	1
T90.9	Sequelae of unspecified injury of head	19	T90-T98	1
T91	Sequelae of injuries of neck and trunk	19	T90-T98	0
T91.0	Sequelae of superficial injury and open wound of neck and trunk	19	T90-T98	1
T91.1	Sequelae of fracture of spine	19	T90-T98	1
T91.2	Sequelae of other fracture of thorax and pelvis	19	T90-T98	1
T91.3	Sequelae of injury of spinal cord	19	T90-T98	1
T91.4	Sequelae of injury of intrathoracic organs	19	T90-T98	1
T91.5	Sequelae of injury of intra-abdominal and pelvic organs	19	T90-T98	1
T91.8	Sequelae of other specified injuries of neck and trunk	19	T90-T98	1
T91.9	Sequelae of unspecified injury of neck and trunk	19	T90-T98	1
T92	Sequelae of injuries of upper limb	19	T90-T98	0
T92.0	Sequelae of open wound of upper limb	19	T90-T98	1
T92.1	Sequelae of fracture of arm	19	T90-T98	1
T92.2	Sequelae of fracture at wrist and hand level	19	T90-T98	1
T92.3	Sequelae of dislocation, sprain and strain of upper limb	19	T90-T98	1
T92.4	Sequelae of injury of nerve of upper limb	19	T90-T98	1
T92.5	Sequelae of injury of muscle and tendon of upper limb	19	T90-T98	1
T92.6	Sequelae of crushing injury and traumatic amputation of upper limb	19	T90-T98	1
T92.8	Sequelae of other specified injuries of upper limb	19	T90-T98	1
T92.9	Sequelae of unspecified injury of upper limb	19	T90-T98	1
T93	Sequelae of injuries of lower limb	19	T90-T98	0
T93.0	Sequelae of open wound of lower limb	19	T90-T98	1
T93.1	Sequelae of fracture of femur	19	T90-T98	1
T93.2	Sequelae of other fractures of lower limb	19	T90-T98	1
T93.3	Sequelae of dislocation, sprain and strain of lower limb	19	T90-T98	1
T93.4	Sequelae of injury of nerve of lower limb	19	T90-T98	1
T93.5	Sequelae of injury of muscle and tendon of lower limb	19	T90-T98	1
T93.6	Sequelae of crushing injury and traumatic amputation of lower limb	19	T90-T98	1
T93.8	Sequelae of other specified injuries of lower limb	19	T90-T98	1
T93.9	Sequelae of unspecified injury of lower limb	19	T90-T98	1
T94	Sequelae of injuries involving multiple and unspecified body regions	19	T90-T98	0
T94.0	Sequelae of injuries involving multiple body regions	19	T90-T98	1
T94.1	Sequelae of injuries, not specified by body region	19	T90-T98	1
T95	Sequelae of burns, corrosions and frostbite	19	T90-T98	0
T95.0	Sequelae of burn, corrosion and frostbite of head and neck	19	T90-T98	1
T95.1	Sequelae of burn, corrosion and frostbite of trunk	19	T90-T98	1
T95.2	Sequelae of burn, corrosion and frostbite of upper limb	19	T90-T98	1
T95.3	Sequelae of burn, corrosion and frostbite of lower limb	19	T90-T98	1
T95.4	Sequelae of burn and corrosion classifiable only according to extent of body surface involved	19	T90-T98	1
T95.8	Sequelae of other specified burn, corrosion and frostbite	19	T90-T98	1
T95.9	Sequelae of unspecified burn, corrosion and frostbite	19	T90-T98	1
T96	Sequelae of poisoning by drugs, medicaments and biological substances	19	T90-T98	1
T97	Sequelae of toxic effects of substances chiefly nonmedicinal as to source	19	T90-T98	1
T98	Sequelae of other and unspecified effects of external causes	19	T90-T98	0
T98.0	Sequelae of effects of foreign body entering through natural orifice	19	T90-T98	1
T98.1	Sequelae of other and unspecified effects of external causes	19	T90-T98	1
T98.2	Sequelae of certain early complications of trauma	19	T90-T98	1
T98.3	Sequelae of complications of surgical and medical care, not elsewhere classified	19	T90-T98	1
V01	Pedestrian injured in collision with pedal cycle	20	V01-V09	0
V01.0	Pedestrian injured in collision with pedal cycle: Nontraffic accident	20	V01-V09	1
V01.1	Pedestrian injured in collision with pedal cycle: Traffic accident	20	V01-V09	1
V01.9	Pedestrian injured in collision with pedal cycle: Unspecified whether traffic or nontraffic accident	20	V01-V09	1
V02	Pedestrian injured in collision with two- or three-wheeled motor vehicle	20	V01-V09	0
V02.0	Pedestrian injured in collision with two- or three-wheeled motor vehicle: Nontraffic accident	20	V01-V09	1
V02.1	Pedestrian injured in collision with two- or three-wheeled motor vehicle: Traffic accident	20	V01-V09	1
V02.9	Pedestrian injured in collision with two- or three-wheeled motor vehicle: Unspecified whether traffic or nontraffic accident	20	V01-V09	1
V03	Pedestrian injured in collision with car, pick-up truck or van	20	V01-V09	0
V03.0	Pedestrian injured in collision with car, pick-up truck or van: Nontraffic accident	20	V01-V09	1
V03.1	Pedestrian injured in collision with car, pick-up truck or van: Traffic accident	20	V01-V09	1
V03.9	Pedestrian injured in collision with car, pick-up truck or van: Unspecified whether traffic or nontraffic accident	20	V01-V09	1
V04	Pedestrian injured in collision with heavy transport vehicle or bus	20	V01-V09	0
V04.0	Pedestrian injured in collision with heavy transport vehicle or bus: Nontraffic accident	20	V01-V09	1
V04.1	Pedestrian injured in collision with heavy transport vehicle or bus: Traffic accident	20	V01-V09	1
V04.9	Pedestrian injured in collision with heavy transport vehicle or bus: Unspecified whether traffic or nontraffic accident	20	V01-V09	1
V05	Pedestrian injured in collision with railway train or railway vehicle	20	V01-V09	0
V05.0	Pedestrian injured in collision with railway train or railway vehicle: Nontraffic accident	20	V01-V09	1
V05.1	Pedestrian injured in collision with railway train or railway vehicle: Traffic accident	20	V01-V09	1
V05.9	Pedestrian injured in collision with railway train or railway vehicle: Unspecified whether traffic or nontraffic accident	20	V01-V09	1
V06	Pedestrian injured in collision with other nonmotor vehicle	20	V01-V09	0
V06.0	Pedestrian injured in collision with other nonmotor vehicle: Nontraffic accident	20	V01-V09	1
V06.1	Pedestrian injured in collision with other nonmotor vehicle: Traffic accident	20	V01-V09	1
V06.9	Pedestrian injured in collision with other nonmotor vehicle: Unspecified whether traffic or nontraffic accident	20	V01-V09	1
V09	Pedestrian injured in other and unspecified transport accidents	20	V01-V09	0
V09.0	Pedestrian injured in nontraffic accident involving other and unspecified motor vehicles	20	V01-V09	1
V09.1	Pedestrian injured in unspecified nontraffic accident	20	V01-V09	1
V09.2	Pedestrian injured in traffic accident involving other and unspecified motor vehicles	20	V01-V09	1
V09.3	Pedestrian injured in unspecified traffic accident	20	V01-V09	1
V09.9	Pedestrian injured in unspecified transport accident	20	V01-V09	1
V10	Pedal cyclist injured in collision with pedestrian or animal	20	V10-V19	0
V10.0	Pedal cyclist injured in collision with pedestrian or animal: Driver injured in nontraffic accident	20	V10-V19	1
V10.1	Pedal cyclist injured in collision with pedestrian or animal: Passenger injured in nontraffic accident	20	V10-V19	1
V10.2	Pedal cyclist injured in collision with pedestrian or animal: Unspecified pedal cyclist injured in nontraffic accident	20	V10-V19	1
V10.3	Pedal cyclist injured in collision with pedestrian or animal: Person injured while boarding or alighting	20	V10-V19	1
V10.4	Pedal cyclist injured in collision with pedestrian or animal: Driver injured in traffic accident	20	V10-V19	1
V10.5	Pedal cyclist injured in collision with pedestrian or animal: Passenger injured in traffic accident	20	V10-V19	1
V10.9	Pedal cyclist injured in collision with pedestrian or animal: Unspecified pedal cyclist injured in traffic accident	20	V10-V19	1
V11	Pedal cyclist injured in collision with other pedal cycle	20	V10-V19	0
V11.0	Pedal cyclist injured in collision with other pedal cycle: Driver injured in nontraffic accident	20	V10-V19	1
V11.1	Pedal cyclist injured in collision with other pedal cycle: Passenger injured in nontraffic accident	20	V10-V19	1
V11.2	Pedal cyclist injured in collision with other pedal cycle: Unspecified pedal cyclist injured in nontraffic accident	20	V10-V19	1
V11.3	Pedal cyclist injured in collision with other pedal cycle: Person injured while boarding or alighting	20	V10-V19	1
V11.4	Pedal cyclist injured in collision with other pedal cycle: Driver injured in traffic accident	20	V10-V19	1
V11.5	Pedal cyclist injured in collision with other pedal cycle: Passenger injured in traffic accident	20	V10-V19	1
V11.9	Pedal cyclist injured in collision with other pedal cycle: Unspecified pedal cyclist injured in traffic accident	20	V10-V19	1
V12	Pedal cyclist injured in collision with two- or three-wheeled motor vehicle	20	V10-V19	0
V12.0	Pedal cyclist injured in collision with two- or three-wheeled motor vehicle: Driver injured in nontraffic accident	20	V10-V19	1
V12.1	Pedal cyclist injured in collision with two- or three-wheeled motor vehicle: Passenger injured in nontraffic accident	20	V10-V19	1
V12.2	Pedal cyclist injured in collision with two- or three-wheeled motor vehicle: Unspecified pedal cyclist injured in nontraffic accident	20	V10-V19	1
V12.3	Pedal cyclist injured in collision with two- or three-wheeled motor vehicle: Person injured while boarding or alighting	20	V10-V19	1
V12.4	Pedal cyclist injured in collision with two- or three-wheeled motor vehicle: Driver injured in traffic accident	20	V10-V19	1
V12.5	Pedal cyclist injured in collision with two- or three-wheeled motor vehicle: Passenger injured in traffic accident	20	V10-V19	1
V12.9	Pedal cyclist injured in collision with two- or three-wheeled motor vehicle: Unspecified pedal cyclist injured in traffic accident	20	V10-V19	1
V13	Pedal cyclist injured in collision with car, pick-up truck or van	20	V10-V19	0
V13.0	Pedal cyclist injured in collision with car, pick-up truck or van: Driver injured in nontraffic accident	20	V10-V19	1
V13.1	Pedal cyclist injured in collision with car, pick-up truck or van: Passenger injured in nontraffic accident	20	V10-V19	1
V13.2	Pedal cyclist injured in collision with car, pick-up truck or van: Unspecified pedal cyclist injured in nontraffic accident	20	V10-V19	1
V13.3	Pedal cyclist injured in collision with car, pick-up truck or van: Person injured while boarding or alighting	20	V10-V19	1
V13.4	Pedal cyclist injured in collision with car, pick-up truck or van: Driver injured in traffic accident	20	V10-V19	1
V13.5	Pedal cyclist injured in collision with car, pick-up truck or van: Passenger injured in traffic accident	20	V10-V19	1
V13.9	Pedal cyclist injured in collision with car, pick-up truck or van: Unspecified pedal cyclist injured in traffic accident	20	V10-V19	1
V14	Pedal cyclist injured in collision with heavy transport vehicle or bus	20	V10-V19	0
V14.0	Pedal cyclist injured in collision with heavy transport vehicle or bus: Driver injured in nontraffic accident	20	V10-V19	1
V14.1	Pedal cyclist injured in collision with heavy transport vehicle or bus: Passenger injured in nontraffic accident	20	V10-V19	1
V14.2	Pedal cyclist injured in collision with heavy transport vehicle or bus: Unspecified pedal cyclist injured in nontraffic accident	20	V10-V19	1
V14.3	Pedal cyclist injured in collision with heavy transport vehicle or bus: Person injured while boarding or alighting	20	V10-V19	1
V14.4	Pedal cyclist injured in collision with heavy transport vehicle or bus: Driver injured in traffic accident	20	V10-V19	1
V14.5	Pedal cyclist injured in collision with heavy transport vehicle or bus: Passenger injured in traffic accident	20	V10-V19	1
V14.9	Pedal cyclist injured in collision with heavy transport vehicle or bus: Unspecified pedal cyclist injured in traffic accident	20	V10-V19	1
V15	Pedal cyclist injured in collision with railway train or railway vehicle	20	V10-V19	0
V15.0	Pedal cyclist injured in collision with railway train or railway vehicle: Driver injured in nontraffic accident	20	V10-V19	1
V15.1	Pedal cyclist injured in collision with railway train or railway vehicle: Passenger injured in nontraffic accident	20	V10-V19	1
V15.2	Pedal cyclist injured in collision with railway train or railway vehicle: Unspecified pedal cyclist injured in nontraffic accident	20	V10-V19	1
V15.3	Pedal cyclist injured in collision with railway train or railway vehicle: Person injured while boarding or alighting	20	V10-V19	1
V15.4	Pedal cyclist injured in collision with railway train or railway vehicle: Driver injured in traffic accident	20	V10-V19	1
V15.5	Pedal cyclist injured in collision with railway train or railway vehicle: Passenger injured in traffic accident	20	V10-V19	1
V15.9	Pedal cyclist injured in collision with railway train or railway vehicle: Unspecified pedal cyclist injured in traffic accident	20	V10-V19	1
V16	Pedal cyclist injured in collision with other nonmotor vehicle	20	V10-V19	0
V16.0	Pedal cyclist injured in collision with other nonmotor vehicle: Driver injured in nontraffic accident	20	V10-V19	1
V16.1	Pedal cyclist injured in collision with other nonmotor vehicle: Passenger injured in nontraffic accident	20	V10-V19	1
V16.2	Pedal cyclist injured in collision with other nonmotor vehicle: Unspecified pedal cyclist injured in nontraffic accident	20	V10-V19	1
V16.3	Pedal cyclist injured in collision with other nonmotor vehicle: Person injured while boarding or alighting	20	V10-V19	1
V16.4	Pedal cyclist injured in collision with other nonmotor vehicle: Driver injured in traffic accident	20	V10-V19	1
V16.5	Pedal cyclist injured in collision with other nonmotor vehicle: Passenger injured in traffic accident	20	V10-V19	1
V16.9	Pedal cyclist injured in collision with other nonmotor vehicle: Unspecified pedal cyclist injured in traffic accident	20	V10-V19	1
V17	Pedal cyclist injured in collision with fixed or stationary object	20	V10-V19	0
V17.0	Pedal cyclist injured in collision with fixed or stationary object: Driver injured in nontraffic accident	20	V10-V19	1
V17.1	Pedal cyclist injured in collision with fixed or stationary object: Passenger injured in nontraffic accident	20	V10-V19	1
V17.2	Pedal cyclist injured in collision with fixed or stationary object: Unspecified pedal cyclist injured in nontraffic accident	20	V10-V19	1
V17.3	Pedal cyclist injured in collision with fixed or stationary object: Person injured while boarding or alighting	20	V10-V19	1
V17.4	Pedal cyclist injured in collision with fixed or stationary object: Driver injured in traffic accident	20	V10-V19	1
V17.5	Pedal cyclist injured in collision with fixed or stationary object: Passenger injured in traffic accident	20	V10-V19	1
V17.9	Pedal cyclist injured in collision with fixed or stationary object: Unspecified pedal cyclist injured in traffic accident	20	V10-V19	1
V18	Pedal cyclist injured in noncollision transport accident	20	V10-V19	0
V18.0	Pedal cyclist injured in noncollision transport accident: Driver injured in nontraffic accident	20	V10-V19	1
V18.1	Pedal cyclist injured in noncollision transport accident: Passenger injured in nontraffic accident	20	V10-V19	1
V18.2	Pedal cyclist injured in noncollision transport accident: Unspecified pedal cyclist injured in nontraffic accident	20	V10-V19	1
V18.3	Pedal cyclist injured in noncollision transport accident: Person injured while boarding or alighting	20	V10-V19	1
V18.4	Pedal cyclist injured in noncollision transport accident: Driver injured in traffic accident	20	V10-V19	1
V18.5	Pedal cyclist injured in noncollision transport accident: Passenger injured in traffic accident	20	V10-V19	1
V18.9	Pedal cyclist injured in noncollision transport accident: Unspecified pedal cyclist injured in traffic accident	20	V10-V19	1
V19	Pedal cyclist injured in other and unspecified transport accidents	20	V10-V19	0
V19.0	Driver injured in collision with other and unspecified motor vehicles in nontraffic accident	20	V10-V19	1
V19.1	Passenger injured in collision with other and unspecified motor vehicles in nontraffic accident	20	V10-V19	1
V19.2	Unspecified pedal cyclist injured in collision with other and unspecified motor vehicles in nontraffic accident	20	V10-V19	1
V19.3	Pedal cyclist [any] injured in unspecified nontraffic accident	20	V10-V19	1
V19.4	Driver injured in collision with other and unspecified motor vehicles in traffic accident	20	V10-V19	1
V19.5	Passenger injured in collision with other and unspecified motor vehicles in traffic accident	20	V10-V19	1
V19.6	Unspecified pedal cyclist injured in collision with other and unspecified motor vehicles in traffic accident	20	V10-V19	1
V19.8	Pedal cyclist [any] injured in other specified transport accidents	20	V10-V19	1
V19.9	Pedal cyclist [any] injured in unspecified traffic accident	20	V10-V19	1
V20	Motorcycle rider injured in collision with pedestrian or animal	20	V20-V29	0
V20.0	Motorcycle rider injured in collision with pedestrian or animal: Driver injured in nontraffic accident	20	V20-V29	1
V20.1	Motorcycle rider injured in collision with pedestrian or animal: Passenger injured in nontraffic accident	20	V20-V29	1
V20.2	Motorcycle rider injured in collision with pedestrian or animal: Unspecified motorcycle rider injured in nontraffic accident	20	V20-V29	1
V20.3	Motorcycle rider injured in collision with pedestrian or animal: Person injured while boarding or alighting	20	V20-V29	1
V20.4	Motorcycle rider injured in collision with pedestrian or animal: Driver injured in traffic accident	20	V20-V29	1
V20.5	Motorcycle rider injured in collision with pedestrian or animal: Passenger injured in traffic accident	20	V20-V29	1
V20.9	Motorcycle rider injured in collision with pedestrian or animal: Unspecified motorcycle rider injured in traffic accident	20	V20-V29	1
V21	Motorcycle rider injured in collision with pedal cycle	20	V20-V29	0
V21.0	Motorcycle rider injured in collision with pedal cycle: Driver injured in nontraffic accident	20	V20-V29	1
V21.1	Motorcycle rider injured in collision with pedal cycle: Passenger injured in nontraffic accident	20	V20-V29	1
V21.2	Motorcycle rider injured in collision with pedal cycle: Unspecified motorcycle rider injured in nontraffic accident	20	V20-V29	1
V21.3	Motorcycle rider injured in collision with pedal cycle: Person injured while boarding or alighting	20	V20-V29	1
V21.4	Motorcycle rider injured in collision with pedal cycle: Driver injured in traffic accident	20	V20-V29	1
V21.5	Motorcycle rider injured in collision with pedal cycle: Passenger injured in traffic accident	20	V20-V29	1
V21.9	Motorcycle rider injured in collision with pedal cycle: Unspecified motorcycle rider injured in traffic accident	20	V20-V29	1
V22	Motorcycle rider injured in collision with two- or three-wheeled motor vehicle	20	V20-V29	0
V22.0	Motorcycle rider injured in collision with two- or three-wheeled motor vehicle: Driver injured in nontraffic accident	20	V20-V29	1
V22.1	Motorcycle rider injured in collision with two- or three-wheeled motor vehicle: Passenger injured in nontraffic accident	20	V20-V29	1
V22.2	Motorcycle rider injured in collision with two- or three-wheeled motor vehicle: Unspecified motorcycle rider injured in nontraffic accident	20	V20-V29	1
V22.3	Motorcycle rider injured in collision with two- or three-wheeled motor vehicle: Person injured while boarding or alighting	20	V20-V29	1
V22.4	Motorcycle rider injured in collision with two- or three-wheeled motor vehicle: Driver injured in traffic accident	20	V20-V29	1
V22.5	Motorcycle rider injured in collision with two- or three-wheeled motor vehicle: Passenger injured in traffic accident	20	V20-V29	1
V22.9	Motorcycle rider injured in collision with two- or three-wheeled motor vehicle: Unspecified motorcycle rider injured in traffic accident	20	V20-V29	1
V23	Motorcycle rider injured in collision with car, pick-up truck or van	20	V20-V29	0
V23.0	Motorcycle rider injured in collision with car, pick-up truck or van: Driver injured in nontraffic accident	20	V20-V29	1
V23.1	Motorcycle rider injured in collision with car, pick-up truck or van: Passenger injured in nontraffic accident	20	V20-V29	1
V23.2	Motorcycle rider injured in collision with car, pick-up truck or van: Unspecified motorcycle rider injured in nontraffic accident	20	V20-V29	1
V23.3	Motorcycle rider injured in collision with car, pick-up truck or van: Person injured while boarding or alighting	20	V20-V29	1
V23.4	Motorcycle rider injured in collision with car, pick-up truck or van: Driver injured in traffic accident	20	V20-V29	1
V23.5	Motorcycle rider injured in collision with car, pick-up truck or van: Passenger injured in traffic accident	20	V20-V29	1
V23.9	Motorcycle rider injured in collision with car, pick-up truck or van: Unspecified motorcycle rider injured in traffic accident	20	V20-V29	1
V24	Motorcycle rider injured in collision with heavy transport vehicle or bus	20	V20-V29	0
V24.0	Motorcycle rider injured in collision with heavy transport vehicle or bus: Driver injured in nontraffic accident	20	V20-V29	1
V24.1	Motorcycle rider injured in collision with heavy transport vehicle or bus: Passenger injured in nontraffic accident	20	V20-V29	1
V24.2	Motorcycle rider injured in collision with heavy transport vehicle or bus: Unspecified motorcycle rider injured in nontraffic accident	20	V20-V29	1
V24.3	Motorcycle rider injured in collision with heavy transport vehicle or bus: Person injured while boarding or alighting	20	V20-V29	1
V24.4	Motorcycle rider injured in collision with heavy transport vehicle or bus: Driver injured in traffic accident	20	V20-V29	1
V24.5	Motorcycle rider injured in collision with heavy transport vehicle or bus: Passenger injured in traffic accident	20	V20-V29	1
V24.9	Motorcycle rider injured in collision with heavy transport vehicle or bus: Unspecified motorcycle rider injured in traffic accident	20	V20-V29	1
V25	Motorcycle rider injured in collision with railway train or railway vehicle	20	V20-V29	0
V25.0	Motorcycle rider injured in collision with railway train or railway vehicle: Driver injured in nontraffic accident	20	V20-V29	1
V25.1	Motorcycle rider injured in collision with railway train or railway vehicle: Passenger injured in nontraffic accident	20	V20-V29	1
V25.2	Motorcycle rider injured in collision with railway train or railway vehicle: Unspecified motorcycle rider injured in nontraffic accident	20	V20-V29	1
V25.3	Motorcycle rider injured in collision with railway train or railway vehicle: Person injured while boarding or alighting	20	V20-V29	1
V25.4	Motorcycle rider injured in collision with railway train or railway vehicle: Driver injured in traffic accident	20	V20-V29	1
V25.5	Motorcycle rider injured in collision with railway train or railway vehicle: Passenger injured in traffic accident	20	V20-V29	1
V25.9	Motorcycle rider injured in collision with railway train or railway vehicle: Unspecified motorcycle rider injured in traffic accident	20	V20-V29	1
V26	Motorcycle rider injured in collision with other nonmotor vehicle	20	V20-V29	0
V26.0	Motorcycle rider injured in collision with other nonmotor vehicle: Driver injured in nontraffic accident	20	V20-V29	1
V26.1	Motorcycle rider injured in collision with other nonmotor vehicle: Passenger injured in nontraffic accident	20	V20-V29	1
V26.2	Motorcycle rider injured in collision with other nonmotor vehicle: Unspecified motorcycle rider injured in nontraffic accident	20	V20-V29	1
V26.3	Motorcycle rider injured in collision with other nonmotor vehicle: Person injured while boarding or alighting	20	V20-V29	1
V26.4	Motorcycle rider injured in collision with other nonmotor vehicle: Driver injured in traffic accident	20	V20-V29	1
V26.5	Motorcycle rider injured in collision with other nonmotor vehicle: Passenger injured in traffic accident	20	V20-V29	1
V26.9	Motorcycle rider injured in collision with other nonmotor vehicle: Unspecified motorcycle rider injured in traffic accident	20	V20-V29	1
V27	Motorcycle rider injured in collision with fixed or stationary object	20	V20-V29	0
V27.0	Motorcycle rider injured in collision with fixed or stationary object: Driver injured in nontraffic accident	20	V20-V29	1
V27.1	Motorcycle rider injured in collision with fixed or stationary object: Passenger injured in nontraffic accident	20	V20-V29	1
V27.2	Motorcycle rider injured in collision with fixed or stationary object: Unspecified motorcycle rider injured in nontraffic accident	20	V20-V29	1
V27.3	Motorcycle rider injured in collision with fixed or stationary object: Person injured while boarding or alighting	20	V20-V29	1
V27.4	Motorcycle rider injured in collision with fixed or stationary object: Driver injured in traffic accident	20	V20-V29	1
V27.5	Motorcycle rider injured in collision with fixed or stationary object: Passenger injured in traffic accident	20	V20-V29	1
V27.9	Motorcycle rider injured in collision with fixed or stationary object: Unspecified motorcycle rider injured in traffic accident	20	V20-V29	1
V28	Motorcycle rider injured in noncollision transport accident	20	V20-V29	0
V28.0	Motorcycle rider injured in noncollision transport accident: Driver injured in nontraffic accident	20	V20-V29	1
V28.1	Motorcycle rider injured in noncollision transport accident: Passenger injured in nontraffic accident	20	V20-V29	1
V28.2	Motorcycle rider injured in noncollision transport accident: Unspecified motorcycle rider injured in nontraffic accident	20	V20-V29	1
V28.3	Motorcycle rider injured in noncollision transport accident: Person injured while boarding or alighting	20	V20-V29	1
V28.4	Motorcycle rider injured in noncollision transport accident: Driver injured in traffic accident	20	V20-V29	1
V28.5	Motorcycle rider injured in noncollision transport accident: Passenger injured in traffic accident	20	V20-V29	1
V28.9	Motorcycle rider injured in noncollision transport accident: Unspecified motorcycle rider injured in traffic accident	20	V20-V29	1
V29	Motorcycle rider injured in other and unspecified transport accidents	20	V20-V29	0
V29.0	Driver injured in collision with other and unspecified motor vehicles in nontraffic accident	20	V20-V29	1
V29.1	Passenger injured in collision with other and unspecified motor vehicles in nontraffic accident	20	V20-V29	1
V29.2	Unspecified motorcycle rider injured in collision with other and unspecified motor vehicles in nontraffic accident	20	V20-V29	1
V29.3	Motorcycle rider [any] injured in unspecified nontraffic accident	20	V20-V29	1
V29.4	Driver injured in collision with other and unspecified motor vehicles in traffic accident	20	V20-V29	1
V29.5	Passenger injured in collision with other and unspecified motor vehicles in traffic accident	20	V20-V29	1
V29.6	Unspecified motorcycle rider injured in collision with other and unspecified motor vehicles in traffic accident	20	V20-V29	1
V29.8	Motorcycle rider [any] injured in other specified transport accidents	20	V20-V29	1
V29.9	Motorcycle rider [any] injured in unspecified traffic accident	20	V20-V29	1
V30	Occupant of three-wheeled motor vehicle injured in collision with pedestrian or animal	20	V30-V39	0
V30.0	Occupant of three-wheeled motor vehicle injured in collision with pedestrian or animal: Driver injured in nontraffic accident	20	V30-V39	1
V30.1	Occupant of three-wheeled motor vehicle injured in collision with pedestrian or animal: Passenger injured in nontraffic accident	20	V30-V39	1
V30.2	Occupant of three-wheeled motor vehicle injured in collision with pedestrian or animal: Person on outside of vehicle injured in nontraffic accident	20	V30-V39	1
V30.3	Occupant of three-wheeled motor vehicle injured in collision with pedestrian or animal: Unspecified occupant of three-wheeled motor vehicle injured in nontraffic accident	20	V30-V39	1
V30.4	Occupant of three-wheeled motor vehicle injured in collision with pedestrian or animal: Person injured while boarding or alighting	20	V30-V39	1
V30.5	Occupant of three-wheeled motor vehicle injured in collision with pedestrian or animal: Driver injured in traffic accident	20	V30-V39	1
V30.6	Occupant of three-wheeled motor vehicle injured in collision with pedestrian or animal: Passenger injured in traffic accident	20	V30-V39	1
V30.7	Occupant of three-wheeled motor vehicle injured in collision with pedestrian or animal: Person on outside of vehicle injured in traffic accident	20	V30-V39	1
V30.9	Occupant of three-wheeled motor vehicle injured in collision with pedestrian or animal: Unspecified occupant of three-wheeled motor vehicle injured in traffic accident	20	V30-V39	1
V31	Occupant of three-wheeled motor vehicle injured in collision with pedal cycle	20	V30-V39	0
V31.0	Occupant of three-wheeled motor vehicle injured in collision with pedal cycle: Driver injured in nontraffic accident	20	V30-V39	1
V31.1	Occupant of three-wheeled motor vehicle injured in collision with pedal cycle: Passenger injured in nontraffic accident	20	V30-V39	1
V31.2	Occupant of three-wheeled motor vehicle injured in collision with pedal cycle: Person on outside of vehicle injured in nontraffic accident	20	V30-V39	1
V31.3	Occupant of three-wheeled motor vehicle injured in collision with pedal cycle: Unspecified occupant of three-wheeled motor vehicle injured in nontraffic accident	20	V30-V39	1
V31.4	Occupant of three-wheeled motor vehicle injured in collision with pedal cycle: Person injured while boarding or alighting	20	V30-V39	1
V31.5	Occupant of three-wheeled motor vehicle injured in collision with pedal cycle: Driver injured in traffic accident	20	V30-V39	1
V31.6	Occupant of three-wheeled motor vehicle injured in collision with pedal cycle: Passenger injured in traffic accident	20	V30-V39	1
V31.7	Occupant of three-wheeled motor vehicle injured in collision with pedal cycle: Person on outside of vehicle injured in traffic accident	20	V30-V39	1
V31.9	Occupant of three-wheeled motor vehicle injured in collision with pedal cycle: Unspecified occupant of three-wheeled motor vehicle injured in traffic accident	20	V30-V39	1
V32	Occupant of three-wheeled motor vehicle injured in collision with two- or three-wheeled motor vehicle	20	V30-V39	0
V32.0	Occupant of three-wheeled motor vehicle injured in collision with two- or three-wheeled motor vehicle: Driver injured in nontraffic accident	20	V30-V39	1
V32.1	Occupant of three-wheeled motor vehicle injured in collision with two- or three-wheeled motor vehicle: Passenger injured in nontraffic accident	20	V30-V39	1
V32.2	Occupant of three-wheeled motor vehicle injured in collision with two- or three-wheeled motor vehicle: Person on outside of vehicle injured in nontraffic accident	20	V30-V39	1
V32.3	Occupant of three-wheeled motor vehicle injured in collision with two- or three-wheeled motor vehicle: Unspecified occupant of three-wheeled motor vehicle injured in nontraffic accident	20	V30-V39	1
V32.4	Occupant of three-wheeled motor vehicle injured in collision with two- or three-wheeled motor vehicle: Person injured while boarding or alighting	20	V30-V39	1
V32.5	Occupant of three-wheeled motor vehicle injured in collision with two- or three-wheeled motor vehicle: Driver injured in traffic accident	20	V30-V39	1
V32.6	Occupant of three-wheeled motor vehicle injured in collision with two- or three-wheeled motor vehicle: Passenger injured in traffic accident	20	V30-V39	1
V32.7	Occupant of three-wheeled motor vehicle injured in collision with two- or three-wheeled motor vehicle: Person on outside of vehicle injured in traffic accident	20	V30-V39	1
V32.9	Occupant of three-wheeled motor vehicle injured in collision with two- or three-wheeled motor vehicle: Unspecified occupant of three-wheeled motor vehicle injured in traffic accident	20	V30-V39	1
V33	Occupant of three-wheeled motor vehicle injured in collision with car, pick-up truck or van	20	V30-V39	0
V33.0	Occupant of three-wheeled motor vehicle injured in collision with car, pick-up truck or van: Driver injured in nontraffic accident	20	V30-V39	1
V33.1	Occupant of three-wheeled motor vehicle injured in collision with car, pick-up truck or van: Passenger injured in nontraffic accident	20	V30-V39	1
V33.2	Occupant of three-wheeled motor vehicle injured in collision with car, pick-up truck or van: Person on outside of vehicle injured in nontraffic accident	20	V30-V39	1
V33.3	Occupant of three-wheeled motor vehicle injured in collision with car, pick-up truck or van: Unspecified occupant of three-wheeled motor vehicle injured in nontraffic accident	20	V30-V39	1
V33.4	Occupant of three-wheeled motor vehicle injured in collision with car, pick-up truck or van: Person injured while boarding or alighting	20	V30-V39	1
V33.5	Occupant of three-wheeled motor vehicle injured in collision with car, pick-up truck or van: Driver injured in traffic accident	20	V30-V39	1
V33.6	Occupant of three-wheeled motor vehicle injured in collision with car, pick-up truck or van: Passenger injured in traffic accident	20	V30-V39	1
V33.7	Occupant of three-wheeled motor vehicle injured in collision with car, pick-up truck or van: Person on outside of vehicle injured in traffic accident	20	V30-V39	1
V33.9	Occupant of three-wheeled motor vehicle injured in collision with car, pick-up truck or van: Unspecified occupant of three-wheeled motor vehicle injured in traffic accident	20	V30-V39	1
V34	Occupant of three-wheeled motor vehicle injured in collision with heavy transport vehicle or bus	20	V30-V39	0
V34.0	Occupant of three-wheeled motor vehicle injured in collision with heavy transport vehicle or bus: Driver injured in nontraffic accident	20	V30-V39	1
V34.1	Occupant of three-wheeled motor vehicle injured in collision with heavy transport vehicle or bus: Passenger injured in nontraffic accident	20	V30-V39	1
V34.2	Occupant of three-wheeled motor vehicle injured in collision with heavy transport vehicle or bus: Person on outside of vehicle injured in nontraffic accident	20	V30-V39	1
V34.3	Occupant of three-wheeled motor vehicle injured in collision with heavy transport vehicle or bus: Unspecified occupant of three-wheeled motor vehicle injured in nontraffic accident	20	V30-V39	1
V34.4	Occupant of three-wheeled motor vehicle injured in collision with heavy transport vehicle or bus: Person injured while boarding or alighting	20	V30-V39	1
V34.5	Occupant of three-wheeled motor vehicle injured in collision with heavy transport vehicle or bus: Driver injured in traffic accident	20	V30-V39	1
V34.6	Occupant of three-wheeled motor vehicle injured in collision with heavy transport vehicle or bus: Passenger injured in traffic accident	20	V30-V39	1
V34.7	Occupant of three-wheeled motor vehicle injured in collision with heavy transport vehicle or bus: Person on outside of vehicle injured in traffic accident	20	V30-V39	1
V34.9	Occupant of three-wheeled motor vehicle injured in collision with heavy transport vehicle or bus: Unspecified occupant of three-wheeled motor vehicle injured in traffic accident	20	V30-V39	1
V35	Occupant of three-wheeled motor vehicle injured in collision with railway train or railway vehicle	20	V30-V39	0
V35.0	Occupant of three-wheeled motor vehicle injured in collision with railway train or railway vehicle: Driver injured in nontraffic accident	20	V30-V39	1
V35.1	Occupant of three-wheeled motor vehicle injured in collision with railway train or railway vehicle: Passenger injured in nontraffic accident	20	V30-V39	1
V35.2	Occupant of three-wheeled motor vehicle injured in collision with railway train or railway vehicle: Person on outside of vehicle injured in nontraffic accident	20	V30-V39	1
V35.3	Occupant of three-wheeled motor vehicle injured in collision with railway train or railway vehicle: Unspecified occupant of three-wheeled motor vehicle injured in nontraffic accident	20	V30-V39	1
V35.4	Occupant of three-wheeled motor vehicle injured in collision with railway train or railway vehicle: Person injured while boarding or alighting	20	V30-V39	1
V35.5	Occupant of three-wheeled motor vehicle injured in collision with railway train or railway vehicle: Driver injured in traffic accident	20	V30-V39	1
V35.6	Occupant of three-wheeled motor vehicle injured in collision with railway train or railway vehicle: Passenger injured in traffic accident	20	V30-V39	1
V35.7	Occupant of three-wheeled motor vehicle injured in collision with railway train or railway vehicle: Person on outside of vehicle injured in traffic accident	20	V30-V39	1
V35.9	Occupant of three-wheeled motor vehicle injured in collision with railway train or railway vehicle: Unspecified occupant of three-wheeled motor vehicle injured in traffic accident	20	V30-V39	1
V36	Occupant of three-wheeled motor vehicle injured in collision with other nonmotor vehicle	20	V30-V39	0
V36.0	Occupant of three-wheeled motor vehicle injured in collision with other nonmotor vehicle: Driver injured in nontraffic accident	20	V30-V39	1
V36.1	Occupant of three-wheeled motor vehicle injured in collision with other nonmotor vehicle: Passenger injured in nontraffic accident	20	V30-V39	1
V36.2	Occupant of three-wheeled motor vehicle injured in collision with other nonmotor vehicle: Person on outside of vehicle injured in nontraffic accident	20	V30-V39	1
V36.3	Occupant of three-wheeled motor vehicle injured in collision with other nonmotor vehicle: Unspecified occupant of three-wheeled motor vehicle injured in nontraffic accident	20	V30-V39	1
V36.4	Occupant of three-wheeled motor vehicle injured in collision with other nonmotor vehicle: Person injured while boarding or alighting	20	V30-V39	1
V36.5	Occupant of three-wheeled motor vehicle injured in collision with other nonmotor vehicle: Driver injured in traffic accident	20	V30-V39	1
V36.6	Occupant of three-wheeled motor vehicle injured in collision with other nonmotor vehicle: Passenger injured in traffic accident	20	V30-V39	1
V36.7	Occupant of three-wheeled motor vehicle injured in collision with other nonmotor vehicle: Person on outside of vehicle injured in traffic accident	20	V30-V39	1
V36.9	Occupant of three-wheeled motor vehicle injured in collision with other nonmotor vehicle: Unspecified occupant of three-wheeled motor vehicle injured in traffic accident	20	V30-V39	1
V37	Occupant of three-wheeled motor vehicle injured in collision with fixed or stationary object	20	V30-V39	0
V37.0	Occupant of three-wheeled motor vehicle injured in collision with fixed or stationary object: Driver injured in nontraffic accident	20	V30-V39	1
V37.1	Occupant of three-wheeled motor vehicle injured in collision with fixed or stationary object: Passenger injured in nontraffic accident	20	V30-V39	1
V37.2	Occupant of three-wheeled motor vehicle injured in collision with fixed or stationary object: Person on outside of vehicle injured in nontraffic accident	20	V30-V39	1
V37.3	Occupant of three-wheeled motor vehicle injured in collision with fixed or stationary object: Unspecified occupant of three-wheeled motor vehicle injured in nontraffic accident	20	V30-V39	1
V37.4	Occupant of three-wheeled motor vehicle injured in collision with fixed or stationary object: Person injured while boarding or alighting	20	V30-V39	1
V37.5	Occupant of three-wheeled motor vehicle injured in collision with fixed or stationary object: Driver injured in traffic accident	20	V30-V39	1
V37.6	Occupant of three-wheeled motor vehicle injured in collision with fixed or stationary object: Passenger injured in traffic accident	20	V30-V39	1
V37.7	Occupant of three-wheeled motor vehicle injured in collision with fixed or stationary object: Person on outside of vehicle injured in traffic accident	20	V30-V39	1
V37.9	Occupant of three-wheeled motor vehicle injured in collision with fixed or stationary object: Unspecified occupant of three-wheeled motor vehicle injured in traffic accident	20	V30-V39	1
V38	Occupant of three-wheeled motor vehicle injured in noncollision transport accident	20	V30-V39	0
V38.0	Occupant of three-wheeled motor vehicle injured in noncollision transport accident: Driver injured in nontraffic accident	20	V30-V39	1
V38.1	Occupant of three-wheeled motor vehicle injured in noncollision transport accident: Passenger injured in nontraffic accident	20	V30-V39	1
V38.2	Occupant of three-wheeled motor vehicle injured in noncollision transport accident: Person on outside of vehicle injured in nontraffic accident	20	V30-V39	1
V38.3	Occupant of three-wheeled motor vehicle injured in noncollision transport accident: Unspecified occupant of three-wheeled motor vehicle injured in nontraffic accident	20	V30-V39	1
V38.4	Occupant of three-wheeled motor vehicle injured in noncollision transport accident: Person injured while boarding or alighting	20	V30-V39	1
V38.5	Occupant of three-wheeled motor vehicle injured in noncollision transport accident: Driver injured in traffic accident	20	V30-V39	1
V38.6	Occupant of three-wheeled motor vehicle injured in noncollision transport accident: Passenger injured in traffic accident	20	V30-V39	1
V38.7	Occupant of three-wheeled motor vehicle injured in noncollision transport accident: Person on outside of vehicle injured in traffic accident	20	V30-V39	1
V38.9	Occupant of three-wheeled motor vehicle injured in noncollision transport accident: Unspecified occupant of three-wheeled motor vehicle injured in traffic accident	20	V30-V39	1
V39	Occupant of three-wheeled motor vehicle injured in other and unspecified transport accidents	20	V30-V39	0
V39.0	Driver injured in collision with other and unspecified motor vehicles in nontraffic accident	20	V30-V39	1
V39.1	Passenger injured in collision with other and unspecified motor vehicles in nontraffic accident	20	V30-V39	1
V39.2	Unspecified occupant of three-wheeled motor vehicle injured in collision with other and unspecified motor vehicles in nontraffic accident	20	V30-V39	1
V39.3	Occupant [any] of three-wheeled motor vehicle injured in unspecified nontraffic accident	20	V30-V39	1
V39.4	Driver injured in collision with other and unspecified motor vehicles in traffic accident	20	V30-V39	1
V39.5	Passenger injured in collision with other and unspecified motor vehicles in traffic accident	20	V30-V39	1
V39.6	Unspecified occupant of three-wheeled motor vehicle injured in collision with other and unspecified motor vehicles in traffic accident	20	V30-V39	1
V39.8	Occupant [any] of three-wheeled motor vehicle injured in other specified transport accidents	20	V30-V39	1
V39.9	Occupant [any] of three-wheeled motor vehicle injured in unspecified traffic accident	20	V30-V39	1
V40	Car occupant injured in collision with pedestrian or animal	20	V40-V49	0
V40.0	Car occupant injured in collision with pedestrian or animal: Driver injured in nontraffic accident	20	V40-V49	1
V40.1	Car occupant injured in collision with pedestrian or animal: Passenger injured in nontraffic accident	20	V40-V49	1
V40.2	Car occupant injured in collision with pedestrian or animal: Person on outside of vehicle injured in nontraffic accident	20	V40-V49	1
V40.3	Car occupant injured in collision with pedestrian or animal: Unspecified car occupant injured in nontraffic accident	20	V40-V49	1
V40.4	Car occupant injured in collision with pedestrian or animal: Person injured while boarding or alighting	20	V40-V49	1
V40.5	Car occupant injured in collision with pedestrian or animal: Driver injured in traffic accident	20	V40-V49	1
V40.6	Car occupant injured in collision with pedestrian or animal: Passenger injured in traffic accident	20	V40-V49	1
V40.7	Car occupant injured in collision with pedestrian or animal: Person on outside of vehicle injured in traffic accident	20	V40-V49	1
V40.9	Car occupant injured in collision with pedestrian or animal: Unspecified car occupant injured in traffic accident	20	V40-V49	1
V41	Car occupant injured in collision with pedal cycle	20	V40-V49	0
V41.0	Car occupant injured in collision with pedal cycle: Driver injured in nontraffic accident	20	V40-V49	1
V41.1	Car occupant injured in collision with pedal cycle: Passenger injured in nontraffic accident	20	V40-V49	1
V41.2	Car occupant injured in collision with pedal cycle: Person on outside of vehicle injured in nontraffic accident	20	V40-V49	1
V41.3	Car occupant injured in collision with pedal cycle: Unspecified car occupant injured in nontraffic accident	20	V40-V49	1
V41.4	Car occupant injured in collision with pedal cycle: Person injured while boarding or alighting	20	V40-V49	1
V41.5	Car occupant injured in collision with pedal cycle: Driver injured in traffic accident	20	V40-V49	1
V41.6	Car occupant injured in collision with pedal cycle: Passenger injured in traffic accident	20	V40-V49	1
V41.7	Car occupant injured in collision with pedal cycle: Person on outside of vehicle injured in traffic accident	20	V40-V49	1
V41.9	Car occupant injured in collision with pedal cycle: Unspecified car occupant injured in traffic accident	20	V40-V49	1
V42	Car occupant injured in collision with two- or three-wheeled motor vehicle	20	V40-V49	0
V42.0	Car occupant injured in collision with two- or three-wheeled motor vehicle: Driver injured in nontraffic accident	20	V40-V49	1
V42.1	Car occupant injured in collision with two- or three-wheeled motor vehicle: Passenger injured in nontraffic accident	20	V40-V49	1
V42.2	Car occupant injured in collision with two- or three-wheeled motor vehicle: Person on outside of vehicle injured in nontraffic accident	20	V40-V49	1
V42.3	Car occupant injured in collision with two- or three-wheeled motor vehicle: Unspecified car occupant injured in nontraffic accident	20	V40-V49	1
V42.4	Car occupant injured in collision with two- or three-wheeled motor vehicle: Person injured while boarding or alighting	20	V40-V49	1
V42.5	Car occupant injured in collision with two- or three-wheeled motor vehicle: Driver injured in traffic accident	20	V40-V49	1
V42.6	Car occupant injured in collision with two- or three-wheeled motor vehicle: Passenger injured in traffic accident	20	V40-V49	1
V42.7	Car occupant injured in collision with two- or three-wheeled motor vehicle: Person on outside of vehicle injured in traffic accident	20	V40-V49	1
V42.9	Car occupant injured in collision with two- or three-wheeled motor vehicle: Unspecified car occupant injured in traffic accident	20	V40-V49	1
V43	Car occupant injured in collision with car, pick-up truck or van	20	V40-V49	0
V43.0	Car occupant injured in collision with car, pick-up truck or van: Driver injured in nontraffic accident	20	V40-V49	1
V43.1	Car occupant injured in collision with car, pick-up truck or van: Passenger injured in nontraffic accident	20	V40-V49	1
V43.2	Car occupant injured in collision with car, pick-up truck or van: Person on outside of vehicle injured in nontraffic accident	20	V40-V49	1
V43.3	Car occupant injured in collision with car, pick-up truck or van: Unspecified car occupant injured in nontraffic accident	20	V40-V49	1
V43.4	Car occupant injured in collision with car, pick-up truck or van: Person injured while boarding or alighting	20	V40-V49	1
V43.5	Car occupant injured in collision with car, pick-up truck or van: Driver injured in traffic accident	20	V40-V49	1
V43.6	Car occupant injured in collision with car, pick-up truck or van: Passenger injured in traffic accident	20	V40-V49	1
V43.7	Car occupant injured in collision with car, pick-up truck or van: Person on outside of vehicle injured in traffic accident	20	V40-V49	1
V43.9	Car occupant injured in collision with car, pick-up truck or van: Unspecified car occupant injured in traffic accident	20	V40-V49	1
V44	Car occupant injured in collision with heavy transport vehicle or bus	20	V40-V49	0
V44.0	Car occupant injured in collision with heavy transport vehicle or bus: Driver injured in nontraffic accident	20	V40-V49	1
V44.1	Car occupant injured in collision with heavy transport vehicle or bus: Passenger injured in nontraffic accident	20	V40-V49	1
V44.2	Car occupant injured in collision with heavy transport vehicle or bus: Person on outside of vehicle injured in nontraffic accident	20	V40-V49	1
V44.3	Car occupant injured in collision with heavy transport vehicle or bus: Unspecified car occupant injured in nontraffic accident	20	V40-V49	1
V44.4	Car occupant injured in collision with heavy transport vehicle or bus: Person injured while boarding or alighting	20	V40-V49	1
V44.5	Car occupant injured in collision with heavy transport vehicle or bus: Driver injured in traffic accident	20	V40-V49	1
V44.6	Car occupant injured in collision with heavy transport vehicle or bus: Passenger injured in traffic accident	20	V40-V49	1
V44.7	Car occupant injured in collision with heavy transport vehicle or bus: Person on outside of vehicle injured in traffic accident	20	V40-V49	1
V44.9	Car occupant injured in collision with heavy transport vehicle or bus: Unspecified car occupant injured in traffic accident	20	V40-V49	1
V45	Car occupant injured in collision with railway train or railway vehicle	20	V40-V49	0
V45.0	Car occupant injured in collision with railway train or railway vehicle: Driver injured in nontraffic accident	20	V40-V49	1
V45.1	Car occupant injured in collision with railway train or railway vehicle: Passenger injured in nontraffic accident	20	V40-V49	1
V45.2	Car occupant injured in collision with railway train or railway vehicle: Person on outside of vehicle injured in nontraffic accident	20	V40-V49	1
V45.3	Car occupant injured in collision with railway train or railway vehicle: Unspecified car occupant injured in nontraffic accident	20	V40-V49	1
V45.4	Car occupant injured in collision with railway train or railway vehicle: Person injured while boarding or alighting	20	V40-V49	1
V45.5	Car occupant injured in collision with railway train or railway vehicle: Driver injured in traffic accident	20	V40-V49	1
V45.6	Car occupant injured in collision with railway train or railway vehicle: Passenger injured in traffic accident	20	V40-V49	1
V45.7	Car occupant injured in collision with railway train or railway vehicle: Person on outside of vehicle injured in traffic accident	20	V40-V49	1
V45.9	Car occupant injured in collision with railway train or railway vehicle: Unspecified car occupant injured in traffic accident	20	V40-V49	1
V46	Car occupant injured in collision with other nonmotor vehicle	20	V40-V49	0
V46.0	Car occupant injured in collision with other nonmotor vehicle: Driver injured in nontraffic accident	20	V40-V49	1
V46.1	Car occupant injured in collision with other nonmotor vehicle: Passenger injured in nontraffic accident	20	V40-V49	1
V46.2	Car occupant injured in collision with other nonmotor vehicle: Person on outside of vehicle injured in nontraffic accident	20	V40-V49	1
V46.3	Car occupant injured in collision with other nonmotor vehicle: Unspecified car occupant injured in nontraffic accident	20	V40-V49	1
V46.4	Car occupant injured in collision with other nonmotor vehicle: Person injured while boarding or alighting	20	V40-V49	1
V46.5	Car occupant injured in collision with other nonmotor vehicle: Driver injured in traffic accident	20	V40-V49	1
V46.6	Car occupant injured in collision with other nonmotor vehicle: Passenger injured in traffic accident	20	V40-V49	1
V46.7	Car occupant injured in collision with other nonmotor vehicle: Person on outside of vehicle injured in traffic accident	20	V40-V49	1
V46.9	Car occupant injured in collision with other nonmotor vehicle: Unspecified car occupant injured in traffic accident	20	V40-V49	1
V47	Car occupant injured in collision with fixed or stationary object	20	V40-V49	0
V47.0	Car occupant injured in collision with fixed or stationary object: Driver injured in nontraffic accident	20	V40-V49	1
V47.1	Car occupant injured in collision with fixed or stationary object: Passenger injured in nontraffic accident	20	V40-V49	1
V47.2	Car occupant injured in collision with fixed or stationary object: Person on outside of vehicle injured in nontraffic accident	20	V40-V49	1
V47.3	Car occupant injured in collision with fixed or stationary object: Unspecified car occupant injured in nontraffic accident	20	V40-V49	1
V47.4	Car occupant injured in collision with fixed or stationary object: Person injured while boarding or alighting	20	V40-V49	1
V47.5	Car occupant injured in collision with fixed or stationary object: Driver injured in traffic accident	20	V40-V49	1
V47.6	Car occupant injured in collision with fixed or stationary object: Passenger injured in traffic accident	20	V40-V49	1
V47.7	Car occupant injured in collision with fixed or stationary object: Person on outside of vehicle injured in traffic accident	20	V40-V49	1
V47.9	Car occupant injured in collision with fixed or stationary object: Unspecified car occupant injured in traffic accident	20	V40-V49	1
V48	Car occupant injured in noncollision transport accident	20	V40-V49	0
V48.0	Car occupant injured in noncollision transport accident: Driver injured in nontraffic accident	20	V40-V49	1
V48.1	Car occupant injured in noncollision transport accident: Passenger injured in nontraffic accident	20	V40-V49	1
V48.2	Car occupant injured in noncollision transport accident: Person on outside of vehicle injured in nontraffic accident	20	V40-V49	1
V48.3	Car occupant injured in noncollision transport accident: Unspecified car occupant injured in nontraffic accident	20	V40-V49	1
V48.4	Car occupant injured in noncollision transport accident: Person injured while boarding or alighting	20	V40-V49	1
V48.5	Car occupant injured in noncollision transport accident: Driver injured in traffic accident	20	V40-V49	1
V48.6	Car occupant injured in noncollision transport accident: Passenger injured in traffic accident	20	V40-V49	1
V48.7	Car occupant injured in noncollision transport accident: Person on outside of vehicle injured in traffic accident	20	V40-V49	1
V48.9	Car occupant injured in noncollision transport accident: Unspecified car occupant injured in traffic accident	20	V40-V49	1
V49	Car occupant injured in other and unspecified transport accidents	20	V40-V49	0
V49.0	Driver injured in collision with other and unspecified motor vehicles in nontraffic accident	20	V40-V49	1
V49.1	Passenger injured in collision with other and unspecified motor vehicles in nontraffic accident	20	V40-V49	1
V49.2	Unspecified car occupant injured in collision with other and unspecified motor vehicles in nontraffic accident	20	V40-V49	1
V49.3	Car occupant [any] injured in unspecified nontraffic accident	20	V40-V49	1
V49.4	Driver injured in collision with other and unspecified motor vehicles in traffic accident	20	V40-V49	1
V49.5	Passenger injured in collision with other and unspecified motor vehicles in traffic accident	20	V40-V49	1
V49.6	Unspecified car occupant injured in collision with other and unspecified motor vehicles in traffic accident	20	V40-V49	1
V49.8	Car occupant [any] injured in other specified transport accidents	20	V40-V49	1
V49.9	Car occupant [any] injured in unspecified traffic accident	20	V40-V49	1
V50	Occupant of pick-up truck or van injured in collision with pedestrian or animal	20	V50-V59	0
V50.0	Occupant of pick-up truck or van injured in collision with pedestrian or animal: Driver injured in nontraffic accident	20	V50-V59	1
V50.1	Occupant of pick-up truck or van injured in collision with pedestrian or animal: Passenger injured in nontraffic accident	20	V50-V59	1
V50.2	Occupant of pick-up truck or van injured in collision with pedestrian or animal: Person on outside of vehicle injured in nontraffic accident	20	V50-V59	1
V50.3	Occupant of pick-up truck or van injured in collision with pedestrian or animal: Unspecified occupant of pick-up truck or van injured in nontraffic accident	20	V50-V59	1
V50.4	Occupant of pick-up truck or van injured in collision with pedestrian or animal: Person injured while boarding or alighting	20	V50-V59	1
V50.5	Occupant of pick-up truck or van injured in collision with pedestrian or animal: Driver injured in traffic accident	20	V50-V59	1
V50.6	Occupant of pick-up truck or van injured in collision with pedestrian or animal: Passenger injured in traffic accident	20	V50-V59	1
V50.7	Occupant of pick-up truck or van injured in collision with pedestrian or animal: Person on outside of vehicle injured in traffic accident	20	V50-V59	1
V50.9	Occupant of pick-up truck or van injured in collision with pedestrian or animal: Unspecified occupant of pick-up truck or van injured in traffic accident	20	V50-V59	1
V51	Occupant of pick-up truck or van injured in collision with pedal cycle	20	V50-V59	0
V51.0	Occupant of pick-up truck or van injured in collision with pedal cycle: Driver injured in nontraffic accident	20	V50-V59	1
V51.1	Occupant of pick-up truck or van injured in collision with pedal cycle: Passenger injured in nontraffic accident	20	V50-V59	1
V51.2	Occupant of pick-up truck or van injured in collision with pedal cycle: Person on outside of vehicle injured in nontraffic accident	20	V50-V59	1
V51.3	Occupant of pick-up truck or van injured in collision with pedal cycle: Unspecified occupant of pick-up truck or van injured in nontraffic accident	20	V50-V59	1
V51.4	Occupant of pick-up truck or van injured in collision with pedal cycle: Person injured while boarding or alighting	20	V50-V59	1
V51.5	Occupant of pick-up truck or van injured in collision with pedal cycle: Driver injured in traffic accident	20	V50-V59	1
V51.6	Occupant of pick-up truck or van injured in collision with pedal cycle: Passenger injured in traffic accident	20	V50-V59	1
V51.7	Occupant of pick-up truck or van injured in collision with pedal cycle: Person on outside of vehicle injured in traffic accident	20	V50-V59	1
V51.9	Occupant of pick-up truck or van injured in collision with pedal cycle: Unspecified occupant of pick-up truck or van injured in traffic accident	20	V50-V59	1
V52	Occupant of pick-up truck or van injured in collision with two- or three-wheeled motor vehicle	20	V50-V59	0
V52.0	Occupant of pick-up truck or van injured in collision with two- or three-wheeled motor vehicle: Driver injured in nontraffic accident	20	V50-V59	1
V52.1	Occupant of pick-up truck or van injured in collision with two- or three-wheeled motor vehicle: Passenger injured in nontraffic accident	20	V50-V59	1
V52.2	Occupant of pick-up truck or van injured in collision with two- or three-wheeled motor vehicle: Person on outside of vehicle injured in nontraffic accident	20	V50-V59	1
V52.3	Occupant of pick-up truck or van injured in collision with two- or three-wheeled motor vehicle: Unspecified occupant of pick-up truck or van injured in nontraffic accident	20	V50-V59	1
V52.4	Occupant of pick-up truck or van injured in collision with two- or three-wheeled motor vehicle: Person injured while boarding or alighting	20	V50-V59	1
V52.5	Occupant of pick-up truck or van injured in collision with two- or three-wheeled motor vehicle: Driver injured in traffic accident	20	V50-V59	1
V52.6	Occupant of pick-up truck or van injured in collision with two- or three-wheeled motor vehicle: Passenger injured in traffic accident	20	V50-V59	1
V52.7	Occupant of pick-up truck or van injured in collision with two- or three-wheeled motor vehicle: Person on outside of vehicle injured in traffic accident	20	V50-V59	1
V52.9	Occupant of pick-up truck or van injured in collision with two- or three-wheeled motor vehicle: Unspecified occupant of pick-up truck or van injured in traffic accident	20	V50-V59	1
V53	Occupant of pick-up truck or van injured in collision with car, pick-up truck or van	20	V50-V59	0
V53.0	Occupant of pick-up truck or van injured in collision with car, pick-up truck or van: Driver injured in nontraffic accident	20	V50-V59	1
V53.1	Occupant of pick-up truck or van injured in collision with car, pick-up truck or van: Passenger injured in nontraffic accident	20	V50-V59	1
V53.2	Occupant of pick-up truck or van injured in collision with car, pick-up truck or van: Person on outside of vehicle injured in nontraffic accident	20	V50-V59	1
V53.3	Occupant of pick-up truck or van injured in collision with car, pick-up truck or van: Unspecified occupant of pick-up truck or van injured in nontraffic accident	20	V50-V59	1
V53.4	Occupant of pick-up truck or van injured in collision with car, pick-up truck or van: Person injured while boarding or alighting	20	V50-V59	1
V53.5	Occupant of pick-up truck or van injured in collision with car, pick-up truck or van: Driver injured in traffic accident	20	V50-V59	1
V53.6	Occupant of pick-up truck or van injured in collision with car, pick-up truck or van: Passenger injured in traffic accident	20	V50-V59	1
V53.7	Occupant of pick-up truck or van injured in collision with car, pick-up truck or van: Person on outside of vehicle injured in traffic accident	20	V50-V59	1
V53.9	Occupant of pick-up truck or van injured in collision with car, pick-up truck or van: Unspecified occupant of pick-up truck or van injured in traffic accident	20	V50-V59	1
V54	Occupant of pick-up truck or van injured in collision with heavy transport vehicle or bus	20	V50-V59	0
V54.0	Occupant of pick-up truck or van injured in collision with heavy transport vehicle or bus: Driver injured in nontraffic accident	20	V50-V59	1
V54.1	Occupant of pick-up truck or van injured in collision with heavy transport vehicle or bus: Passenger injured in nontraffic accident	20	V50-V59	1
V54.2	Occupant of pick-up truck or van injured in collision with heavy transport vehicle or bus: Person on outside of vehicle injured in nontraffic accident	20	V50-V59	1
V54.3	Occupant of pick-up truck or van injured in collision with heavy transport vehicle or bus: Unspecified occupant of pick-up truck or van injured in nontraffic accident	20	V50-V59	1
V54.4	Occupant of pick-up truck or van injured in collision with heavy transport vehicle or bus: Person injured while boarding or alighting	20	V50-V59	1
V54.5	Occupant of pick-up truck or van injured in collision with heavy transport vehicle or bus: Driver injured in traffic accident	20	V50-V59	1
V54.6	Occupant of pick-up truck or van injured in collision with heavy transport vehicle or bus: Passenger injured in traffic accident	20	V50-V59	1
V54.7	Occupant of pick-up truck or van injured in collision with heavy transport vehicle or bus: Person on outside of vehicle injured in traffic accident	20	V50-V59	1
V54.9	Occupant of pick-up truck or van injured in collision with heavy transport vehicle or bus: Unspecified occupant of pick-up truck or van injured in traffic accident	20	V50-V59	1
V55	Occupant of pick-up truck or van injured in collision with railway train or railway vehicle	20	V50-V59	0
V55.0	Occupant of pick-up truck or van injured in collision with railway train or railway vehicle: Driver injured in nontraffic accident	20	V50-V59	1
V55.1	Occupant of pick-up truck or van injured in collision with railway train or railway vehicle: Passenger injured in nontraffic accident	20	V50-V59	1
V55.2	Occupant of pick-up truck or van injured in collision with railway train or railway vehicle: Person on outside of vehicle injured in nontraffic accident	20	V50-V59	1
V55.3	Occupant of pick-up truck or van injured in collision with railway train or railway vehicle: Unspecified occupant of pick-up truck or van injured in nontraffic accident	20	V50-V59	1
V55.4	Occupant of pick-up truck or van injured in collision with railway train or railway vehicle: Person injured while boarding or alighting	20	V50-V59	1
V55.5	Occupant of pick-up truck or van injured in collision with railway train or railway vehicle: Driver injured in traffic accident	20	V50-V59	1
V55.6	Occupant of pick-up truck or van injured in collision with railway train or railway vehicle: Passenger injured in traffic accident	20	V50-V59	1
V55.7	Occupant of pick-up truck or van injured in collision with railway train or railway vehicle: Person on outside of vehicle injured in traffic accident	20	V50-V59	1
V55.9	Occupant of pick-up truck or van injured in collision with railway train or railway vehicle: Unspecified occupant of pick-up truck or van injured in traffic accident	20	V50-V59	1
V56	Occupant of pick-up truck or van injured in collision with other nonmotor vehicle	20	V50-V59	0
V56.0	Occupant of pick-up truck or van injured in collision with other nonmotor vehicle: Driver injured in nontraffic accident	20	V50-V59	1
V56.1	Occupant of pick-up truck or van injured in collision with other nonmotor vehicle: Passenger injured in nontraffic accident	20	V50-V59	1
V56.2	Occupant of pick-up truck or van injured in collision with other nonmotor vehicle: Person on outside of vehicle injured in nontraffic accident	20	V50-V59	1
V56.3	Occupant of pick-up truck or van injured in collision with other nonmotor vehicle: Unspecified occupant of pick-up truck or van injured in nontraffic accident	20	V50-V59	1
V56.4	Occupant of pick-up truck or van injured in collision with other nonmotor vehicle: Person injured while boarding or alighting	20	V50-V59	1
V56.5	Occupant of pick-up truck or van injured in collision with other nonmotor vehicle: Driver injured in traffic accident	20	V50-V59	1
V56.6	Occupant of pick-up truck or van injured in collision with other nonmotor vehicle: Passenger injured in traffic accident	20	V50-V59	1
V56.7	Occupant of pick-up truck or van injured in collision with other nonmotor vehicle: Person on outside of vehicle injured in traffic accident	20	V50-V59	1
V56.9	Occupant of pick-up truck or van injured in collision with other nonmotor vehicle: Unspecified occupant of pick-up truck or van injured in traffic accident	20	V50-V59	1
V57	Occupant of pick-up truck or van injured in collision with fixed or stationary object	20	V50-V59	0
V57.0	Occupant of pick-up truck or van injured in collision with fixed or stationary object: Driver injured in nontraffic accident	20	V50-V59	1
V57.1	Occupant of pick-up truck or van injured in collision with fixed or stationary object: Passenger injured in nontraffic accident	20	V50-V59	1
V57.2	Occupant of pick-up truck or van injured in collision with fixed or stationary object: Person on outside of vehicle injured in nontraffic accident	20	V50-V59	1
V57.3	Occupant of pick-up truck or van injured in collision with fixed or stationary object: Unspecified occupant of pick-up truck or van injured in nontraffic accident	20	V50-V59	1
V57.4	Occupant of pick-up truck or van injured in collision with fixed or stationary object: Person injured while boarding or alighting	20	V50-V59	1
V57.5	Occupant of pick-up truck or van injured in collision with fixed or stationary object: Driver injured in traffic accident	20	V50-V59	1
V57.6	Occupant of pick-up truck or van injured in collision with fixed or stationary object: Passenger injured in traffic accident	20	V50-V59	1
V57.7	Occupant of pick-up truck or van injured in collision with fixed or stationary object: Person on outside of vehicle injured in traffic accident	20	V50-V59	1
V57.9	Occupant of pick-up truck or van injured in collision with fixed or stationary object: Unspecified occupant of pick-up truck or van injured in traffic accident	20	V50-V59	1
V58	Occupant of pick-up truck or van injured in noncollision transport accident	20	V50-V59	0
V58.0	Occupant of pick-up truck or van injured in noncollision transport accident: Driver injured in nontraffic accident	20	V50-V59	1
V58.1	Occupant of pick-up truck or van injured in noncollision transport accident: Passenger injured in nontraffic accident	20	V50-V59	1
V58.2	Occupant of pick-up truck or van injured in noncollision transport accident: Person on outside of vehicle injured in nontraffic accident	20	V50-V59	1
V58.3	Occupant of pick-up truck or van injured in noncollision transport accident: Unspecified occupant of pick-up truck or van injured in nontraffic accident	20	V50-V59	1
V58.4	Occupant of pick-up truck or van injured in noncollision transport accident: Person injured while boarding or alighting	20	V50-V59	1
V58.5	Occupant of pick-up truck or van injured in noncollision transport accident: Driver injured in traffic accident	20	V50-V59	1
V58.6	Occupant of pick-up truck or van injured in noncollision transport accident: Passenger injured in traffic accident	20	V50-V59	1
V58.7	Occupant of pick-up truck or van injured in noncollision transport accident: Person on outside of vehicle injured in traffic accident	20	V50-V59	1
V58.9	Occupant of pick-up truck or van injured in noncollision transport accident: Unspecified occupant of pick-up truck or van injured in traffic accident	20	V50-V59	1
V59	Occupant of pick-up truck or van injured in other and unspecified transport accidents	20	V50-V59	0
V59.0	Driver injured in collision with other and unspecified motor vehicles in nontraffic accident	20	V50-V59	1
V59.1	Passenger injured in collision with other and unspecified motor vehicles in nontraffic accident	20	V50-V59	1
V59.2	Unspecified occupant of pick-up truck or van injured in collision with other and unspecified motor vehicles in nontraffic accident	20	V50-V59	1
V59.3	Occupant [any] of pick-up truck or van injured in unspecified nontraffic accident	20	V50-V59	1
V59.4	Driver injured in collision with other and unspecified motor vehicles in traffic accident	20	V50-V59	1
V59.5	Passenger injured in collision with other and unspecified motor vehicles in traffic accident	20	V50-V59	1
V59.6	Unspecified occupant of pick-up truck or van injured in collision with other and unspecified motor vehicles in traffic accident	20	V50-V59	1
V59.8	Occupant [any] of pick-up truck or van injured in other specified transport accidents	20	V50-V59	1
V59.9	Occupant [any] of pick-up truck or van injured in unspecified traffic accident	20	V50-V59	1
V60	Occupant of heavy transport vehicle injured in collision with pedestrian or animal	20	V60-V69	0
V60.0	Occupant of heavy transport vehicle injured in collision with pedestrian or animal: Driver injured in nontraffic accident	20	V60-V69	1
V60.1	Occupant of heavy transport vehicle injured in collision with pedestrian or animal: Passenger injured in nontraffic accident	20	V60-V69	1
V60.2	Occupant of heavy transport vehicle injured in collision with pedestrian or animal: Person on outside of vehicle injured in nontraffic accident	20	V60-V69	1
V60.3	Occupant of heavy transport vehicle injured in collision with pedestrian or animal: Unspecified occupant of heavy transport vehicle injured in nontraffic accident	20	V60-V69	1
V60.4	Occupant of heavy transport vehicle injured in collision with pedestrian or animal: Person injured while boarding or alighting	20	V60-V69	1
V60.5	Occupant of heavy transport vehicle injured in collision with pedestrian or animal: Driver injured in traffic accident	20	V60-V69	1
V60.6	Occupant of heavy transport vehicle injured in collision with pedestrian or animal: Passenger injured in traffic accident	20	V60-V69	1
V60.7	Occupant of heavy transport vehicle injured in collision with pedestrian or animal: Person on outside of vehicle injured in traffic accident	20	V60-V69	1
V60.9	Occupant of heavy transport vehicle injured in collision with pedestrian or animal: Unspecified occupant of heavy transport vehicle injured in traffic accident	20	V60-V69	1
V61	Occupant of heavy transport vehicle injured in collision with pedal cycle	20	V60-V69	0
V61.0	Occupant of heavy transport vehicle injured in collision with pedal cycle: Driver injured in nontraffic accident	20	V60-V69	1
V61.1	Occupant of heavy transport vehicle injured in collision with pedal cycle: Passenger injured in nontraffic accident	20	V60-V69	1
V61.2	Occupant of heavy transport vehicle injured in collision with pedal cycle: Person on outside of vehicle injured in nontraffic accident	20	V60-V69	1
V61.3	Occupant of heavy transport vehicle injured in collision with pedal cycle: Unspecified occupant of heavy transport vehicle injured in nontraffic accident	20	V60-V69	1
V61.4	Occupant of heavy transport vehicle injured in collision with pedal cycle: Person injured while boarding or alighting	20	V60-V69	1
V61.5	Occupant of heavy transport vehicle injured in collision with pedal cycle: Driver injured in traffic accident	20	V60-V69	1
V61.6	Occupant of heavy transport vehicle injured in collision with pedal cycle: Passenger injured in traffic accident	20	V60-V69	1
V61.7	Occupant of heavy transport vehicle injured in collision with pedal cycle: Person on outside of vehicle injured in traffic accident	20	V60-V69	1
V61.9	Occupant of heavy transport vehicle injured in collision with pedal cycle: Unspecified occupant of heavy transport vehicle injured in traffic accident	20	V60-V69	1
V62	Occupant of heavy transport vehicle injured in collision with two- or three-wheeled motor vehicle	20	V60-V69	0
V62.0	Occupant of heavy transport vehicle injured in collision with two- or three-wheeled motor vehicle: Driver injured in nontraffic accident	20	V60-V69	1
V62.1	Occupant of heavy transport vehicle injured in collision with two- or three-wheeled motor vehicle: Passenger injured in nontraffic accident	20	V60-V69	1
V62.2	Occupant of heavy transport vehicle injured in collision with two- or three-wheeled motor vehicle: Person on outside of vehicle injured in nontraffic accident	20	V60-V69	1
V62.3	Occupant of heavy transport vehicle injured in collision with two- or three-wheeled motor vehicle: Unspecified occupant of heavy transport vehicle injured in nontraffic accident	20	V60-V69	1
V62.4	Occupant of heavy transport vehicle injured in collision with two- or three-wheeled motor vehicle: Person injured while boarding or alighting	20	V60-V69	1
V62.5	Occupant of heavy transport vehicle injured in collision with two- or three-wheeled motor vehicle: Driver injured in traffic accident	20	V60-V69	1
V62.6	Occupant of heavy transport vehicle injured in collision with two- or three-wheeled motor vehicle: Passenger injured in traffic accident	20	V60-V69	1
V62.7	Occupant of heavy transport vehicle injured in collision with two- or three-wheeled motor vehicle: Person on outside of vehicle injured in traffic accident	20	V60-V69	1
V62.9	Occupant of heavy transport vehicle injured in collision with two- or three-wheeled motor vehicle: Unspecified occupant of heavy transport vehicle injured in traffic accident	20	V60-V69	1
V63	Occupant of heavy transport vehicle injured in collision with car, pick-up truck or van	20	V60-V69	0
V63.0	Occupant of heavy transport vehicle injured in collision with car, pick-up truck or van: Driver injured in nontraffic accident	20	V60-V69	1
V63.1	Occupant of heavy transport vehicle injured in collision with car, pick-up truck or van: Passenger injured in nontraffic accident	20	V60-V69	1
V63.2	Occupant of heavy transport vehicle injured in collision with car, pick-up truck or van: Person on outside of vehicle injured in nontraffic accident	20	V60-V69	1
V63.3	Occupant of heavy transport vehicle injured in collision with car, pick-up truck or van: Unspecified occupant of heavy transport vehicle injured in nontraffic accident	20	V60-V69	1
V63.4	Occupant of heavy transport vehicle injured in collision with car, pick-up truck or van: Person injured while boarding or alighting	20	V60-V69	1
V63.5	Occupant of heavy transport vehicle injured in collision with car, pick-up truck or van: Driver injured in traffic accident	20	V60-V69	1
V63.6	Occupant of heavy transport vehicle injured in collision with car, pick-up truck or van: Passenger injured in traffic accident	20	V60-V69	1
V63.7	Occupant of heavy transport vehicle injured in collision with car, pick-up truck or van: Person on outside of vehicle injured in traffic accident	20	V60-V69	1
V63.9	Occupant of heavy transport vehicle injured in collision with car, pick-up truck or van: Unspecified occupant of heavy transport vehicle injured in traffic accident	20	V60-V69	1
V64	Occupant of heavy transport vehicle injured in collision with heavy transport vehicle or bus	20	V60-V69	0
V64.0	Occupant of heavy transport vehicle injured in collision with heavy transport vehicle or bus: Driver injured in nontraffic accident	20	V60-V69	1
V64.1	Occupant of heavy transport vehicle injured in collision with heavy transport vehicle or bus: Passenger injured in nontraffic accident	20	V60-V69	1
V64.2	Occupant of heavy transport vehicle injured in collision with heavy transport vehicle or bus: Person on outside of vehicle injured in nontraffic accident	20	V60-V69	1
V64.3	Occupant of heavy transport vehicle injured in collision with heavy transport vehicle or bus: Unspecified occupant of heavy transport vehicle injured in nontraffic accident	20	V60-V69	1
V64.4	Occupant of heavy transport vehicle injured in collision with heavy transport vehicle or bus: Person injured while boarding or alighting	20	V60-V69	1
V64.5	Occupant of heavy transport vehicle injured in collision with heavy transport vehicle or bus: Driver injured in traffic accident	20	V60-V69	1
V64.6	Occupant of heavy transport vehicle injured in collision with heavy transport vehicle or bus: Passenger injured in traffic accident	20	V60-V69	1
V64.7	Occupant of heavy transport vehicle injured in collision with heavy transport vehicle or bus: Person on outside of vehicle injured in traffic accident	20	V60-V69	1
V64.9	Occupant of heavy transport vehicle injured in collision with heavy transport vehicle or bus: Unspecified occupant of heavy transport vehicle injured in traffic accident	20	V60-V69	1
V65	Occupant of heavy transport vehicle injured in collision with railway train or railway vehicle	20	V60-V69	0
V65.0	Occupant of heavy transport vehicle injured in collision with railway train or railway vehicle: Driver injured in nontraffic accident	20	V60-V69	1
V65.1	Occupant of heavy transport vehicle injured in collision with railway train or railway vehicle: Passenger injured in nontraffic accident	20	V60-V69	1
V65.2	Occupant of heavy transport vehicle injured in collision with railway train or railway vehicle: Person on outside of vehicle injured in nontraffic accident	20	V60-V69	1
V65.3	Occupant of heavy transport vehicle injured in collision with railway train or railway vehicle: Unspecified occupant of heavy transport vehicle injured in nontraffic accident	20	V60-V69	1
V65.4	Occupant of heavy transport vehicle injured in collision with railway train or railway vehicle: Person injured while boarding or alighting	20	V60-V69	1
V65.5	Occupant of heavy transport vehicle injured in collision with railway train or railway vehicle: Driver injured in traffic accident	20	V60-V69	1
V65.6	Occupant of heavy transport vehicle injured in collision with railway train or railway vehicle: Passenger injured in traffic accident	20	V60-V69	1
V65.7	Occupant of heavy transport vehicle injured in collision with railway train or railway vehicle: Person on outside of vehicle injured in traffic accident	20	V60-V69	1
V65.9	Occupant of heavy transport vehicle injured in collision with railway train or railway vehicle: Unspecified occupant of heavy transport vehicle injured in traffic accident	20	V60-V69	1
V66	Occupant of heavy transport vehicle injured in collision with other nonmotor vehicle	20	V60-V69	0
V66.0	Occupant of heavy transport vehicle injured in collision with other nonmotor vehicle: Driver injured in nontraffic accident	20	V60-V69	1
V66.1	Occupant of heavy transport vehicle injured in collision with other nonmotor vehicle: Passenger injured in nontraffic accident	20	V60-V69	1
V66.2	Occupant of heavy transport vehicle injured in collision with other nonmotor vehicle: Person on outside of vehicle injured in nontraffic accident	20	V60-V69	1
V66.3	Occupant of heavy transport vehicle injured in collision with other nonmotor vehicle: Unspecified occupant of heavy transport vehicle injured in nontraffic accident	20	V60-V69	1
V66.4	Occupant of heavy transport vehicle injured in collision with other nonmotor vehicle: Person injured while boarding or alighting	20	V60-V69	1
V66.5	Occupant of heavy transport vehicle injured in collision with other nonmotor vehicle: Driver injured in traffic accident	20	V60-V69	1
V66.6	Occupant of heavy transport vehicle injured in collision with other nonmotor vehicle: Passenger injured in traffic accident	20	V60-V69	1
V66.7	Occupant of heavy transport vehicle injured in collision with other nonmotor vehicle: Person on outside of vehicle injured in traffic accident	20	V60-V69	1
V66.9	Occupant of heavy transport vehicle injured in collision with other nonmotor vehicle: Unspecified occupant of heavy transport vehicle injured in traffic accident	20	V60-V69	1
V67	Occupant of heavy transport vehicle injured in collision with fixed or stationary object	20	V60-V69	0
V67.0	Occupant of heavy transport vehicle injured in collision with fixed or stationary object: Driver injured in nontraffic accident	20	V60-V69	1
V67.1	Occupant of heavy transport vehicle injured in collision with fixed or stationary object: Passenger injured in nontraffic accident	20	V60-V69	1
V67.2	Occupant of heavy transport vehicle injured in collision with fixed or stationary object: Person on outside of vehicle injured in nontraffic accident	20	V60-V69	1
V67.3	Occupant of heavy transport vehicle injured in collision with fixed or stationary object: Unspecified occupant of heavy transport vehicle injured in nontraffic accident	20	V60-V69	1
V67.4	Occupant of heavy transport vehicle injured in collision with fixed or stationary object: Person injured while boarding or alighting	20	V60-V69	1
V67.5	Occupant of heavy transport vehicle injured in collision with fixed or stationary object: Driver injured in traffic accident	20	V60-V69	1
V67.6	Occupant of heavy transport vehicle injured in collision with fixed or stationary object: Passenger injured in traffic accident	20	V60-V69	1
V67.7	Occupant of heavy transport vehicle injured in collision with fixed or stationary object: Person on outside of vehicle injured in traffic accident	20	V60-V69	1
V67.9	Occupant of heavy transport vehicle injured in collision with fixed or stationary object: Unspecified occupant of heavy transport vehicle injured in traffic accident	20	V60-V69	1
V68	Occupant of heavy transport vehicle injured in noncollision transport accident	20	V60-V69	0
V68.0	Occupant of heavy transport vehicle injured in noncollision transport accident: Driver injured in nontraffic accident	20	V60-V69	1
V68.1	Occupant of heavy transport vehicle injured in noncollision transport accident: Passenger injured in nontraffic accident	20	V60-V69	1
V68.2	Occupant of heavy transport vehicle injured in noncollision transport accident: Person on outside of vehicle injured in nontraffic accident	20	V60-V69	1
V68.3	Occupant of heavy transport vehicle injured in noncollision transport accident: Unspecified occupant of heavy transport vehicle injured in nontraffic accident	20	V60-V69	1
V68.4	Occupant of heavy transport vehicle injured in noncollision transport accident: Person injured while boarding or alighting	20	V60-V69	1
V68.5	Occupant of heavy transport vehicle injured in noncollision transport accident: Driver injured in traffic accident	20	V60-V69	1
V68.6	Occupant of heavy transport vehicle injured in noncollision transport accident: Passenger injured in traffic accident	20	V60-V69	1
V68.7	Occupant of heavy transport vehicle injured in noncollision transport accident: Person on outside of vehicle injured in traffic accident	20	V60-V69	1
V68.9	Occupant of heavy transport vehicle injured in noncollision transport accident: Unspecified occupant of heavy transport vehicle injured in traffic accident	20	V60-V69	1
V69	Occupant of heavy transport vehicle injured in other and unspecified transport accidents	20	V60-V69	0
V69.0	Driver injured in collision with other and unspecified motor vehicles in nontraffic accident	20	V60-V69	1
V69.1	Passenger injured in collision with other and unspecified motor vehicles in nontraffic accident	20	V60-V69	1
V69.2	Unspecified occupant of heavy transport vehicle injured in collision with other and unspecified motor vehicles in nontraffic accident	20	V60-V69	1
V69.3	Occupant [any] of heavy transport vehicle injured in unspecified nontraffic accident	20	V60-V69	1
V69.4	Driver injured in collision with other and unspecified motor vehicles in traffic accident	20	V60-V69	1
V69.5	Passenger injured in collision with other and unspecified motor vehicles in traffic accident	20	V60-V69	1
V69.6	Unspecified occupant of heavy transport vehicle injured in collision with other and unspecified motor vehicles in traffic accident	20	V60-V69	1
V69.8	Occupant [any] of heavy transport vehicle injured in other specified transport accidents	20	V60-V69	1
V69.9	Occupant [any] of heavy transport vehicle injured in unspecified traffic accident	20	V60-V69	1
V70	Bus occupant injured in collision with pedestrian or animal	20	V70-V79	0
V70.0	Bus occupant injured in collision with pedestrian or animal: Driver injured in nontraffic accident	20	V70-V79	1
V70.1	Bus occupant injured in collision with pedestrian or animal: Passenger injured in nontraffic accident	20	V70-V79	1
V70.2	Bus occupant injured in collision with pedestrian or animal: Person on outside of vehicle injured in nontraffic accident	20	V70-V79	1
V70.3	Bus occupant injured in collision with pedestrian or animal: Unspecified bus occupant injured in nontraffic accident	20	V70-V79	1
V70.4	Bus occupant injured in collision with pedestrian or animal: Person injured while boarding or alighting	20	V70-V79	1
V70.5	Bus occupant injured in collision with pedestrian or animal: Driver injured in traffic accident	20	V70-V79	1
V70.6	Bus occupant injured in collision with pedestrian or animal: Passenger injured in traffic accident	20	V70-V79	1
V70.7	Bus occupant injured in collision with pedestrian or animal: Person on outside of vehicle injured in traffic accident	20	V70-V79	1
V70.9	Bus occupant injured in collision with pedestrian or animal: Unspecified bus occupant injured in traffic accident	20	V70-V79	1
V71	Bus occupant injured in collision with pedal cycle	20	V70-V79	0
V71.0	Bus occupant injured in collision with pedal cycle: Driver injured in nontraffic accident	20	V70-V79	1
V71.1	Bus occupant injured in collision with pedal cycle: Passenger injured in nontraffic accident	20	V70-V79	1
V71.2	Bus occupant injured in collision with pedal cycle: Person on outside of vehicle injured in nontraffic accident	20	V70-V79	1
V71.3	Bus occupant injured in collision with pedal cycle: Unspecified bus occupant injured in nontraffic accident	20	V70-V79	1
V71.4	Bus occupant injured in collision with pedal cycle: Person injured while boarding or alighting	20	V70-V79	1
V71.5	Bus occupant injured in collision with pedal cycle: Driver injured in traffic accident	20	V70-V79	1
V71.6	Bus occupant injured in collision with pedal cycle: Passenger injured in traffic accident	20	V70-V79	1
V71.7	Bus occupant injured in collision with pedal cycle: Person on outside of vehicle injured in traffic accident	20	V70-V79	1
V71.9	Bus occupant injured in collision with pedal cycle: Unspecified bus occupant injured in traffic accident	20	V70-V79	1
V72	Bus occupant injured in collision with two- or three-wheeled motor vehicle	20	V70-V79	0
V72.0	Bus occupant injured in collision with two- or three-wheeled motor vehicle: Driver injured in nontraffic accident	20	V70-V79	1
V72.1	Bus occupant injured in collision with two- or three-wheeled motor vehicle: Passenger injured in nontraffic accident	20	V70-V79	1
V72.2	Bus occupant injured in collision with two- or three-wheeled motor vehicle: Person on outside of vehicle injured in nontraffic accident	20	V70-V79	1
V72.3	Bus occupant injured in collision with two- or three-wheeled motor vehicle: Unspecified bus occupant injured in nontraffic accident	20	V70-V79	1
V72.4	Bus occupant injured in collision with two- or three-wheeled motor vehicle: Person injured while boarding or alighting	20	V70-V79	1
V72.5	Bus occupant injured in collision with two- or three-wheeled motor vehicle: Driver injured in traffic accident	20	V70-V79	1
V72.6	Bus occupant injured in collision with two- or three-wheeled motor vehicle: Passenger injured in traffic accident	20	V70-V79	1
V72.7	Bus occupant injured in collision with two- or three-wheeled motor vehicle: Person on outside of vehicle injured in traffic accident	20	V70-V79	1
V72.9	Bus occupant injured in collision with two- or three-wheeled motor vehicle: Unspecified bus occupant injured in traffic accident	20	V70-V79	1
V73	Bus occupant injured in collision with car, pick-up truck or van	20	V70-V79	0
V73.0	Bus occupant injured in collision with car, pick-up truck or van: Driver injured in nontraffic accident	20	V70-V79	1
V73.1	Bus occupant injured in collision with car, pick-up truck or van: Passenger injured in nontraffic accident	20	V70-V79	1
V73.2	Bus occupant injured in collision with car, pick-up truck or van: Person on outside of vehicle injured in nontraffic accident	20	V70-V79	1
V73.3	Bus occupant injured in collision with car, pick-up truck or van: Unspecified bus occupant injured in nontraffic accident	20	V70-V79	1
V73.4	Bus occupant injured in collision with car, pick-up truck or van: Person injured while boarding or alighting	20	V70-V79	1
V73.5	Bus occupant injured in collision with car, pick-up truck or van: Driver injured in traffic accident	20	V70-V79	1
V73.6	Bus occupant injured in collision with car, pick-up truck or van: Passenger injured in traffic accident	20	V70-V79	1
V73.7	Bus occupant injured in collision with car, pick-up truck or van: Person on outside of vehicle injured in traffic accident	20	V70-V79	1
V73.9	Bus occupant injured in collision with car, pick-up truck or van: Unspecified bus occupant injured in traffic accident	20	V70-V79	1
V74	Bus occupant injured in collision with heavy transport vehicle or bus	20	V70-V79	0
V74.0	Bus occupant injured in collision with heavy transport vehicle or bus: Driver injured in nontraffic accident	20	V70-V79	1
V74.1	Bus occupant injured in collision with heavy transport vehicle or bus: Passenger injured in nontraffic accident	20	V70-V79	1
V74.2	Bus occupant injured in collision with heavy transport vehicle or bus: Person on outside of vehicle injured in nontraffic accident	20	V70-V79	1
V74.3	Bus occupant injured in collision with heavy transport vehicle or bus: Unspecified bus occupant injured in nontraffic accident	20	V70-V79	1
V74.4	Bus occupant injured in collision with heavy transport vehicle or bus: Person injured while boarding or alighting	20	V70-V79	1
V74.5	Bus occupant injured in collision with heavy transport vehicle or bus: Driver injured in traffic accident	20	V70-V79	1
V74.6	Bus occupant injured in collision with heavy transport vehicle or bus: Passenger injured in traffic accident	20	V70-V79	1
V74.7	Bus occupant injured in collision with heavy transport vehicle or bus: Person on outside of vehicle injured in traffic accident	20	V70-V79	1
V74.9	Bus occupant injured in collision with heavy transport vehicle or bus: Unspecified bus occupant injured in traffic accident	20	V70-V79	1
V75	Bus occupant injured in collision with railway train or railway vehicle	20	V70-V79	0
V75.0	Bus occupant injured in collision with railway train or railway vehicle: Driver injured in nontraffic accident	20	V70-V79	1
V75.1	Bus occupant injured in collision with railway train or railway vehicle: Passenger injured in nontraffic accident	20	V70-V79	1
V75.2	Bus occupant injured in collision with railway train or railway vehicle: Person on outside of vehicle injured in nontraffic accident	20	V70-V79	1
V75.3	Bus occupant injured in collision with railway train or railway vehicle: Unspecified bus occupant injured in nontraffic accident	20	V70-V79	1
V75.4	Bus occupant injured in collision with railway train or railway vehicle: Person injured while boarding or alighting	20	V70-V79	1
V75.5	Bus occupant injured in collision with railway train or railway vehicle: Driver injured in traffic accident	20	V70-V79	1
V75.6	Bus occupant injured in collision with railway train or railway vehicle: Passenger injured in traffic accident	20	V70-V79	1
V75.7	Bus occupant injured in collision with railway train or railway vehicle: Person on outside of vehicle injured in traffic accident	20	V70-V79	1
V75.9	Bus occupant injured in collision with railway train or railway vehicle: Unspecified bus occupant injured in traffic accident	20	V70-V79	1
V76	Bus occupant injured in collision with other nonmotor vehicle	20	V70-V79	0
V76.0	Bus occupant injured in collision with other nonmotor vehicle: Driver injured in nontraffic accident	20	V70-V79	1
V76.1	Bus occupant injured in collision with other nonmotor vehicle: Passenger injured in nontraffic accident	20	V70-V79	1
V76.2	Bus occupant injured in collision with other nonmotor vehicle: Person on outside of vehicle injured in nontraffic accident	20	V70-V79	1
V76.3	Bus occupant injured in collision with other nonmotor vehicle: Unspecified bus occupant injured in nontraffic accident	20	V70-V79	1
V76.4	Bus occupant injured in collision with other nonmotor vehicle: Person injured while boarding or alighting	20	V70-V79	1
V76.5	Bus occupant injured in collision with other nonmotor vehicle: Driver injured in traffic accident	20	V70-V79	1
V76.6	Bus occupant injured in collision with other nonmotor vehicle: Passenger injured in traffic accident	20	V70-V79	1
V76.7	Bus occupant injured in collision with other nonmotor vehicle: Person on outside of vehicle injured in traffic accident	20	V70-V79	1
V76.9	Bus occupant injured in collision with other nonmotor vehicle: Unspecified bus occupant injured in traffic accident	20	V70-V79	1
V77	Bus occupant injured in collision with fixed or stationary object	20	V70-V79	0
V77.0	Bus occupant injured in collision with fixed or stationary object: Driver injured in nontraffic accident	20	V70-V79	1
V77.1	Bus occupant injured in collision with fixed or stationary object: Passenger injured in nontraffic accident	20	V70-V79	1
V77.2	Bus occupant injured in collision with fixed or stationary object: Person on outside of vehicle injured in nontraffic accident	20	V70-V79	1
V77.3	Bus occupant injured in collision with fixed or stationary object: Unspecified bus occupant injured in nontraffic accident	20	V70-V79	1
V77.4	Bus occupant injured in collision with fixed or stationary object: Person injured while boarding or alighting	20	V70-V79	1
V77.5	Bus occupant injured in collision with fixed or stationary object: Driver injured in traffic accident	20	V70-V79	1
V77.6	Bus occupant injured in collision with fixed or stationary object: Passenger injured in traffic accident	20	V70-V79	1
V77.7	Bus occupant injured in collision with fixed or stationary object: Person on outside of vehicle injured in traffic accident	20	V70-V79	1
V77.9	Bus occupant injured in collision with fixed or stationary object: Unspecified bus occupant injured in traffic accident	20	V70-V79	1
V78	Bus occupant injured in noncollision transport accident	20	V70-V79	0
V78.0	Bus occupant injured in noncollision transport accident: Driver injured in nontraffic accident	20	V70-V79	1
V78.1	Bus occupant injured in noncollision transport accident: Passenger injured in nontraffic accident	20	V70-V79	1
V78.2	Bus occupant injured in noncollision transport accident: Person on outside of vehicle injured in nontraffic accident	20	V70-V79	1
V78.3	Bus occupant injured in noncollision transport accident: Unspecified bus occupant injured in nontraffic accident	20	V70-V79	1
V78.4	Bus occupant injured in noncollision transport accident: Person injured while boarding or alighting	20	V70-V79	1
V78.5	Bus occupant injured in noncollision transport accident: Driver injured in traffic accident	20	V70-V79	1
V78.6	Bus occupant injured in noncollision transport accident: Passenger injured in traffic accident	20	V70-V79	1
V78.7	Bus occupant injured in noncollision transport accident: Person on outside of vehicle injured in traffic accident	20	V70-V79	1
V78.9	Bus occupant injured in noncollision transport accident: Unspecified bus occupant injured in traffic accident	20	V70-V79	1
V79	Bus occupant injured in other and unspecified transport accidents	20	V70-V79	0
V79.0	Driver injured in collision with other and unspecified motor vehicles in nontraffic accident	20	V70-V79	1
V79.1	Passenger injured in collision with other and unspecified motor vehicles in nontraffic accident	20	V70-V79	1
V79.2	Unspecified bus occupant injured in collision with other and unspecified motor vehicles in nontraffic accident	20	V70-V79	1
V79.3	Bus occupant [any] injured in unspecified nontraffic accident	20	V70-V79	1
V79.4	Driver injured in collision with other and unspecified motor vehicles in traffic accident	20	V70-V79	1
V79.5	Passenger injured in collision with other and unspecified motor vehicles in traffic accident	20	V70-V79	1
V79.6	Unspecified bus occupant injured in collision with other and unspecified motor vehicles in traffic accident	20	V70-V79	1
V79.8	Bus occupant [any] injured in other specified transport accidents	20	V70-V79	1
V79.9	Bus occupant [any] injured in unspecified traffic accident	20	V70-V79	1
V80	Animal-rider or occupant of animal-drawn vehicle injured in transport accident	20	V80-V89	0
V80.0	Rider or occupant injured by fall from or being thrown from animal or animal-drawn vehicle in noncollision accident	20	V80-V89	1
V80.1	Rider or occupant injured in collision with pedestrian or animal	20	V80-V89	1
V80.2	Rider or occupant injured in collision with pedal cycle	20	V80-V89	1
V80.3	Rider or occupant injured in collision with two- or three-wheeled motor vehicle	20	V80-V89	1
V80.4	Rider or occupant injured in collision with car, pick-up truck, van, heavy transport vehicle or bus	20	V80-V89	1
V80.5	Rider or occupant injured in collision with other specified motor vehicle	20	V80-V89	1
V80.6	Rider or occupant injured in collision with railway train or railway vehicle	20	V80-V89	1
V80.7	Rider or occupant injured in collision with other nonmotor vehicle	20	V80-V89	1
V80.8	Rider or occupant injured in collision with fixed or stationary object	20	V80-V89	1
V80.9	Rider or occupant injured in other and unspecified transport accidents	20	V80-V89	1
V81	Occupant of railway train or railway vehicle injured in transport accident	20	V80-V89	0
V81.0	Occupant of railway train or railway vehicle injured in collision with motor vehicle in nontraffic accident	20	V80-V89	1
V81.1	Occupant of railway train or railway vehicle injured in collision with motor vehicle in traffic accident	20	V80-V89	1
V81.2	Occupant of railway train or railway vehicle injured in collision with or hit by rolling stock	20	V80-V89	1
V81.3	Occupant of railway train or railway vehicle injured in collision with other object	20	V80-V89	1
V81.4	Person injured while boarding or alighting from railway train or railway vehicle	20	V80-V89	1
V81.5	Occupant of railway train or railway vehicle injured by fall in railway train or railway vehicle	20	V80-V89	1
V81.6	Occupant of railway train or railway vehicle injured by fall from railway train or railway vehicle	20	V80-V89	1
V81.7	Occupant of railway train or railway vehicle injured in derailment without antecedent collision	20	V80-V89	1
V81.8	Occupant of railway train or railway vehicle injured in other specified railway accidents	20	V80-V89	1
V81.9	Occupant of railway train or railway vehicle injured in unspecified railway accident	20	V80-V89	1
V82	Occupant of streetcar injured in transport accident	20	V80-V89	0
V82.0	Occupant of streetcar injured in collision with motor vehicle in nontraffic accident	20	V80-V89	1
V82.1	Occupant of streetcar injured in collision with motor vehicle in traffic accident	20	V80-V89	1
V82.2	Occupant of streetcar injured in collision with or hit by rolling stock	20	V80-V89	1
V82.3	Occupant of streetcar injured in collision with other object	20	V80-V89	1
V82.4	Person injured while boarding or alighting from streetcar	20	V80-V89	1
V82.5	Occupant of streetcar injured by fall in streetcar	20	V80-V89	1
V82.6	Occupant of streetcar injured by fall from streetcar	20	V80-V89	1
V82.7	Occupant of streetcar injured in derailment without antecedent collision	20	V80-V89	1
V82.8	Occupant of streetcar injured in other specified transport accidents	20	V80-V89	1
V82.9	Occupant of streetcar injured in unspecified traffic accident	20	V80-V89	1
V83	Occupant of special vehicle mainly used on industrial premises injured in transport accident	20	V80-V89	0
V83.0	Driver of special industrial vehicle injured in traffic accident	20	V80-V89	1
V83.1	Passenger of special industrial vehicle injured in traffic accident	20	V80-V89	1
V83.2	Person on outside of special industrial vehicle injured in traffic accident	20	V80-V89	1
V83.3	Unspecified occupant of special industrial vehicle injured in traffic accident	20	V80-V89	1
V83.4	Person injured while boarding or alighting from special industrial vehicle	20	V80-V89	1
V83.5	Driver of special industrial vehicle injured in nontraffic accident	20	V80-V89	1
V83.6	Passenger of special industrial vehicle injured in nontraffic accident	20	V80-V89	1
V83.7	Person on outside of special industrial vehicle injured in nontraffic accident	20	V80-V89	1
V83.9	Unspecified occupant of special industrial vehicle injured in nontraffic accident	20	V80-V89	1
V84	Occupant of special vehicle mainly used in agriculture injured in transport accident	20	V80-V89	0
V84.0	Driver of special agricultural vehicle injured in traffic accident	20	V80-V89	1
V84.1	Passenger of special agricultural vehicle injured in traffic accident	20	V80-V89	1
V84.2	Person on outside of special agricultural vehicle injured in traffic accident	20	V80-V89	1
V84.3	Unspecified occupant of special agricultural vehicle injured in traffic accident	20	V80-V89	1
V84.4	Person injured while boarding or alighting from special agricultural vehicle	20	V80-V89	1
V84.5	Driver of special agricultural vehicle injured in nontraffic accident	20	V80-V89	1
V84.6	Passenger of special agricultural vehicle injured in nontraffic accident	20	V80-V89	1
V84.7	Person on outside of special agricultural vehicle injured in nontraffic accident	20	V80-V89	1
V84.9	Unspecified occupant of special agricultural vehicle injured in nontraffic accident	20	V80-V89	1
V85	Occupant of special construction vehicle injured in transport accident	20	V80-V89	0
V85.0	Driver of special construction vehicle injured in traffic accident	20	V80-V89	1
V85.1	Passenger of special construction vehicle injured in traffic accident	20	V80-V89	1
V85.2	Person on outside of special construction vehicle injured in traffic accident	20	V80-V89	1
V85.3	Unspecified occupant of special construction vehicle injured in traffic accident	20	V80-V89	1
V85.4	Person injured while boarding or alighting from special construction vehicle	20	V80-V89	1
V85.5	Driver of special construction vehicle injured in nontraffic accident	20	V80-V89	1
V85.6	Passenger of special construction vehicle injured in nontraffic accident	20	V80-V89	1
V85.7	Person on outside of special construction vehicle injured in nontraffic accident	20	V80-V89	1
V85.9	Unspecified occupant of special construction vehicle injured in nontraffic accident	20	V80-V89	1
V86	Occupant of special all-terrain or other motor vehicle designed primarily for off-road use, injured in transport accident	20	V80-V89	0
V86.0	Driver of all-terrain or other off-road motor vehicle injured in traffic accident	20	V80-V89	1
V86.1	Passenger of all-terrain or other off-road motor vehicle injured in traffic accident	20	V80-V89	1
V86.2	Person on outside of all-terrain or other off-road motor vehicle injured in traffic accident	20	V80-V89	1
V86.3	Unspecified occupant of all-terrain or other off-road motor vehicle injured in traffic accident	20	V80-V89	1
V86.4	Person injured while boarding or alighting from all-terrain or other off-road motor vehicle	20	V80-V89	1
V86.5	Driver of all-terrain or other off-road motor vehicle injured in nontraffic accident	20	V80-V89	1
V86.6	Passenger of all-terrain or other off-road motor vehicle injured in nontraffic accident	20	V80-V89	1
V86.7	Person on outside of all-terrain or other off-road motor vehicle injured in nontraffic accident	20	V80-V89	1
V86.9	Unspecified occupant of all-terrain or other off-road motor vehicle injured in nontraffic accident	20	V80-V89	1
V87	Traffic accident of specified type but victim's mode of transport unknown	20	V80-V89	0
V87.0	Person injured in collision between car and two- or three-wheeled motor vehicle (traffic)	20	V80-V89	1
V87.1	Person injured in collision between other motor vehicle and two- or three-wheeled motor vehicle (traffic)	20	V80-V89	1
V87.2	Person injured in collision between car and pick-up truck or van (traffic)	20	V80-V89	1
V87.3	Person injured in collision between car and bus (traffic)	20	V80-V89	1
V87.4	Person injured in collision between car and heavy transport vehicle (traffic)	20	V80-V89	1
V87.5	Person injured in collision between heavy transport vehicle and bus (traffic)	20	V80-V89	1
V87.6	Person injured in collision between railway train or railway vehicle and car (traffic)	20	V80-V89	1
V87.7	Person injured in collision between other specified motor vehicles (traffic)	20	V80-V89	1
V87.8	Person injured in other specified noncollision transport accidents involving motor vehicle (traffic)	20	V80-V89	1
V87.9	Person injured in other specified (collision)(noncollision) transport accidents involving nonmotor vehicle (traffic)	20	V80-V89	1
V88	Nontraffic accident of specified type but victim's mode of transport unknown	20	V80-V89	0
V88.0	Person injured in collision between car and two- or three-wheeled motor vehicle, nontraffic	20	V80-V89	1
V88.1	Person injured in collision between other motor vehicle and two- or three-wheeled motor vehicle, nontraffic	20	V80-V89	1
V88.2	Person injured in collision between car and pick-up truck or van, nontraffic	20	V80-V89	1
V88.3	Person injured in collision between car and bus, nontraffic	20	V80-V89	1
V88.4	Person injured in collision between car and heavy transport vehicle, nontraffic	20	V80-V89	1
V88.5	Person injured in collision between heavy transport vehicle and bus, nontraffic	20	V80-V89	1
V88.6	Person injured in collision between railway train or railway vehicle and car, nontraffic	20	V80-V89	1
V88.7	Person injured in collision between other specified motor vehicles, nontraffic	20	V80-V89	1
V88.8	Person injured in other specified noncollision transport accidents involving motor vehicle, nontraffic	20	V80-V89	1
V88.9	Person injured in other specified (collision)(noncollision) transport accidents involving nonmotor vehicle, nontraffic	20	V80-V89	1
V89	Motor- or nonmotor-vehicle accident, type of vehicle unspecified	20	V80-V89	0
V89.0	Person injured in unspecified motor-vehicle accident, nontraffic	20	V80-V89	1
V89.1	Person injured in unspecified nonmotor-vehicle accident, nontraffic	20	V80-V89	1
V89.2	Person injured in unspecified motor-vehicle accident, traffic	20	V80-V89	1
V89.3	Person injured in unspecified nonmotor-vehicle accident, traffic	20	V80-V89	1
V89.9	Person injured in unspecified vehicle accident	20	V80-V89	1
V90	Accident to watercraft causing drowning and submersion	20	V90-V94	0
V90.0	Accident to watercraft causing drowning and submersion: Merchant ship	20	V90-V94	1
V90.1	Accident to watercraft causing drowning and submersion: Passenger ship	20	V90-V94	1
V90.2	Accident to watercraft causing drowning and submersion: Fishing boat	20	V90-V94	1
V90.3	Accident to watercraft causing drowning and submersion: Other powered watercraft	20	V90-V94	1
V90.4	Accident to watercraft causing drowning and submersion: Sailboat	20	V90-V94	1
V90.5	Accident to watercraft causing drowning and submersion: Canoe or kayak	20	V90-V94	1
V90.6	Accident to watercraft causing drowning and submersion: Inflatable craft (nonpowered)	20	V90-V94	1
V90.7	Accident to watercraft causing drowning and submersion: Water-skis	20	V90-V94	1
V90.8	Accident to watercraft causing drowning and submersion: Other unpowered watercraft	20	V90-V94	1
V90.9	Accident to watercraft causing drowning and submersion: Unspecified watercraft	20	V90-V94	1
V91	Accident to watercraft causing other injury	20	V90-V94	0
V91.0	Accident to watercraft causing other injury: Merchant ship	20	V90-V94	1
V91.1	Accident to watercraft causing other injury: Passenger ship	20	V90-V94	1
V91.2	Accident to watercraft causing other injury: Fishing boat	20	V90-V94	1
V91.3	Accident to watercraft causing other injury: Other powered watercraft	20	V90-V94	1
V91.4	Accident to watercraft causing other injury: Sailboat	20	V90-V94	1
V91.5	Accident to watercraft causing other injury: Canoe or kayak	20	V90-V94	1
V91.6	Accident to watercraft causing other injury: Inflatable craft (nonpowered)	20	V90-V94	1
V91.7	Accident to watercraft causing other injury: Water-skis	20	V90-V94	1
V91.8	Accident to watercraft causing other injury: Other unpowered watercraft	20	V90-V94	1
V91.9	Accident to watercraft causing other injury: Unspecified watercraft	20	V90-V94	1
V92	Water-transport-related drowning and submersion without accident to watercraft	20	V90-V94	0
V92.0	Water-transport-related drowning and submersion without accident to watercraft: Merchant ship	20	V90-V94	1
V92.1	Water-transport-related drowning and submersion without accident to watercraft: Passenger ship	20	V90-V94	1
V92.2	Water-transport-related drowning and submersion without accident to watercraft: Fishing boat	20	V90-V94	1
V92.3	Water-transport-related drowning and submersion without accident to watercraft: Other powered watercraft	20	V90-V94	1
V92.4	Water-transport-related drowning and submersion without accident to watercraft: Sailboat	20	V90-V94	1
V92.5	Water-transport-related drowning and submersion without accident to watercraft: Canoe or kayak	20	V90-V94	1
V92.6	Water-transport-related drowning and submersion without accident to watercraft: Inflatable craft (nonpowered)	20	V90-V94	1
V92.7	Water-transport-related drowning and submersion without accident to watercraft: Water-skis	20	V90-V94	1
V92.8	Water-transport-related drowning and submersion without accident to watercraft: Other unpowered watercraft	20	V90-V94	1
V92.9	Water-transport-related drowning and submersion without accident to watercraft: Unspecified watercraft	20	V90-V94	1
V93	Accident on board watercraft without accident to watercraft, not causing drowning and submersion	20	V90-V94	0
V93.0	Accident on board watercraft without accident to watercraft, not causing drowning and submersion: Merchant ship	20	V90-V94	1
V93.1	Accident on board watercraft without accident to watercraft, not causing drowning and submersion: Passenger ship	20	V90-V94	1
V93.2	Accident on board watercraft without accident to watercraft, not causing drowning and submersion: Fishing boat	20	V90-V94	1
V93.3	Accident on board watercraft without accident to watercraft, not causing drowning and submersion: Other powered watercraft	20	V90-V94	1
V93.4	Accident on board watercraft without accident to watercraft, not causing drowning and submersion: Sailboat	20	V90-V94	1
V93.5	Accident on board watercraft without accident to watercraft, not causing drowning and submersion: Canoe or kayak	20	V90-V94	1
V93.6	Accident on board watercraft without accident to watercraft, not causing drowning and submersion: Inflatable craft (nonpowered)	20	V90-V94	1
V93.7	Accident on board watercraft without accident to watercraft, not causing drowning and submersion: Water-skis	20	V90-V94	1
V93.8	Accident on board watercraft without accident to watercraft, not causing drowning and submersion: Other unpowered watercraft	20	V90-V94	1
V93.9	Accident on board watercraft without accident to watercraft, not causing drowning and submersion: Unspecified watercraft	20	V90-V94	1
V94	Other and unspecified water transport accidents	20	V90-V94	0
V94.0	Other and unspecified water transport accidents: Merchant ship	20	V90-V94	1
V94.1	Other and unspecified water transport accidents: Passenger ship	20	V90-V94	1
V94.2	Other and unspecified water transport accidents: Fishing boat	20	V90-V94	1
V94.3	Other and unspecified water transport accidents: Other powered watercraft	20	V90-V94	1
V94.4	Other and unspecified water transport accidents: Sailboat	20	V90-V94	1
V94.5	Other and unspecified water transport accidents: Canoe or kayak	20	V90-V94	1
V94.6	Other and unspecified water transport accidents: Inflatable craft (nonpowered)	20	V90-V94	1
V94.7	Other and unspecified water transport accidents: Water-skis	20	V90-V94	1
V94.8	Other and unspecified water transport accidents: Other unpowered watercraft	20	V90-V94	1
V94.9	Other and unspecified water transport accidents: Unspecified watercraft	20	V90-V94	1
V95	Accident to powered aircraft causing injury to occupant	20	V95-V97	0
V95.0	Helicopter accident injuring occupant	20	V95-V97	1
V95.1	Ultralight, microlight or powered-glider accident injuring occupant	20	V95-V97	1
V95.2	Accident to other private fixed-wing aircraft, injuring occupant	20	V95-V97	1
V95.3	Accident to commercial fixed-wing aircraft, injuring occupant	20	V95-V97	1
V95.4	Spacecraft accident injuring occupant	20	V95-V97	1
V95.8	Other aircraft accidents injuring occupant	20	V95-V97	1
V95.9	Unspecified aircraft accident injuring occupant	20	V95-V97	1
V96	Accident to nonpowered aircraft causing injury to occupant	20	V95-V97	0
V96.0	Balloon accident injuring occupant	20	V95-V97	1
V96.1	Hang-glider accident injuring occupant	20	V95-V97	1
V96.2	Glider (nonpowered) accident injuring occupant	20	V95-V97	1
V96.8	Other nonpowered-aircraft accidents injuring occupant	20	V95-V97	1
V96.9	Unspecified nonpowered-aircraft accident injuring occupant	20	V95-V97	1
V97	Other specified air transport accidents	20	V95-V97	0
V97.0	Occupant of aircraft injured in other specified air transport accidents	20	V95-V97	1
V97.1	Person injured while boarding or alighting from aircraft	20	V95-V97	1
V97.2	Parachutist injured in air transport accident	20	V95-V97	1
V97.3	Person on ground injured in air transport accident	20	V95-V97	1
V97.8	Other air transport accidents, not elsewhere classified	20	V95-V97	1
V98	Other specified transport accidents	20	V98-V99	1
V99	Unspecified transport accident	20	V98-V99	1
W00	Fall on same level involving ice and snow	20	W00-W19	1
W01	Fall on same level from slipping, tripping and stumbling	20	W00-W19	1
W02	Fall involving ice-skates, skis, roller-skates or skateboards	20	W00-W19	1
W03	Other fall on same level due to collision with, or pushing by, another person	20	W00-W19	1
W04	Fall while being carried or supported by other persons	20	W00-W19	1
W05	Fall involving wheelchair	20	W00-W19	1
W06	Fall involving bed	20	W00-W19	1
W07	Fall involving chair	20	W00-W19	1
W08	Fall involving other furniture	20	W00-W19	1
W09	Fall involving playground equipment	20	W00-W19	1
W10	Fall on and from stairs and steps	20	W00-W19	1
W11	Fall on and from ladder	20	W00-W19	1
W12	Fall on and from scaffolding	20	W00-W19	1
W13	Fall from, out of or through building or structure	20	W00-W19	1
W14	Fall from tree	20	W00-W19	1
W15	Fall from cliff	20	W00-W19	1
W16	Diving or jumping into water causing injury other than drowning or submersion	20	W00-W19	1
W17	Other fall from one level to another	20	W00-W19	1
W18	Other fall on same level	20	W00-W19	1
W19	Unspecified fall	20	W00-W19	1
W20	Struck by thrown, projected or falling object(s)	20	W20-W49	1
W21	Striking against or struck by sports equipment	20	W20-W49	1
W22	Striking against or struck by other object(s)	20	W20-W49	1
W23	Caught, crushed, jammed or pinched in or between objects	20	W20-W49	1
W24	Contact with lifting and transmission device(s), not elsewhere classified	20	W20-W49	1
W25	Contact with sharp glass	20	W20-W49	1
W26	Contact with other sharp object(s)	20	W20-W49	0
W26.0	Contact with knife, sword or dagger	20	W20-W49	1
W26.8	Contact with other sharp object(s), not elsewhere classified	20	W20-W49	1
W26.9	Contact with unspecified sharp object(s)	20	W20-W49	1
W27	Contact with nonpowered hand tool	20	W20-W49	1
W28	Contact with powered lawnmower	20	W20-W49	1
W29	Contact with other powered hand tools and household machinery	20	W20-W49	1
W30	Contact with agricultural machinery	20	W20-W49	1
W31	Contact with other and unspecified machinery	20	W20-W49	1
W32	Handgun discharge	20	W20-W49	1
W33	Rifle, shotgun and larger firearm discharge	20	W20-W49	1
W34	Discharge from other and unspecified firearms	20	W20-W49	1
W35	Explosion and rupture of boiler	20	W20-W49	1
W36	Explosion and rupture of gas cylinder	20	W20-W49	1
W37	Explosion and rupture of pressurized tyre, pipe or hose	20	W20-W49	1
W38	Explosion and rupture of other specified pressurized devices	20	W20-W49	1
W39	Discharge of firework	20	W20-W49	1
W40	Explosion of other materials	20	W20-W49	1
W41	Exposure to high-pressure jet	20	W20-W49	1
W42	Exposure to noise	20	W20-W49	1
W43	Exposure to vibration	20	W20-W49	1
W44	Foreign body entering into or through eye or natural orifice	20	W20-W49	1
W45	Foreign body or object entering through skin	20	W20-W49	1
W46	Contact with hypodermic needle	20	W20-W49	1
W49	Exposure to other and unspecified inanimate mechanical forces	20	W20-W49	1
W50	Hit, struck, kicked, twisted, bitten or scratched by another person	20	W50-W64	1
W51	Striking against or bumped into by another person	20	W50-W64	1
W52	Crushed, pushed or stepped on by crowd or human stampede	20	W50-W64	1
W53	Bitten by rat	20	W50-W64	1
W54	Bitten or struck by dog	20	W50-W64	1
W55	Bitten or struck by other mammals	20	W50-W64	1
W56	Contact with marine animal	20	W50-W64	1
W57	Bitten or stung by nonvenomous insect and other nonvenomous arthropods	20	W50-W64	1
W58	Bitten or struck by crocodile or alligator	20	W50-W64	1
W59	Bitten or crushed by other reptiles	20	W50-W64	1
W60	Contact with plant thorns and spines and sharp leaves	20	W50-W64	1
W64	Exposure to other and unspecified animate mechanical forces	20	W50-W64	1
W65	Drowning and submersion while in bath-tub	20	W65-W74	1
W66	Drowning and submersion following fall into bath-tub	20	W65-W74	1
W67	Drowning and submersion while in swimming-pool	20	W65-W74	1
W68	Drowning and submersion following fall into swimming-pool	20	W65-W74	1
W69	Drowning and submersion while in natural water	20	W65-W74	1
W70	Drowning and submersion following fall into natural water	20	W65-W74	1
W73	Other specified drowning and submersion	20	W65-W74	1
W74	Unspecified drowning and submersion	20	W65-W74	1
W75	Accidental suffocation and strangulation in bed	20	W75-W84	1
W76	Other accidental hanging and strangulation	20	W75-W84	1
W77	Threat to breathing due to cave-in, falling earth and other substances	20	W75-W84	1
W78	Inhalation of gastric contents	20	W75-W84	1
W79	Inhalation and ingestion of food causing obstruction of respiratory tract	20	W75-W84	1
W80	Inhalation and ingestion of other objects causing obstruction of respiratory tract	20	W75-W84	1
W81	Confined to or trapped in a low-oxygen environment	20	W75-W84	1
W83	Other specified threats to breathing	20	W75-W84	1
W84	Unspecified threat to breathing	20	W75-W84	1
W85	Exposure to electric transmission lines	20	W85-W99	1
W86	Exposure to other specified electric current	20	W85-W99	1
W87	Exposure to unspecified electric current	20	W85-W99	1
W88	Exposure to ionizing radiation	20	W85-W99	1
W89	Exposure to man-made visible and ultraviolet light	20	W85-W99	1
W90	Exposure to other nonionizing radiation	20	W85-W99	1
W91	Exposure to unspecified type of radiation	20	W85-W99	1
W92	Exposure to excessive heat of man-made origin	20	W85-W99	1
W93	Exposure to excessive cold of man-made origin	20	W85-W99	1
W94	Exposure to high and low air pressure and changes in air pressure	20	W85-W99	1
W99	Exposure to other and unspecified man-made environmental factors	20	W85-W99	1
X00	Exposure to uncontrolled fire in building or structure	20	X00-X09	1
X01	Exposure to uncontrolled fire, not in building or structure	20	X00-X09	1
X02	Exposure to controlled fire in building or structure	20	X00-X09	1
X03	Exposure to controlled fire, not in building or structure	20	X00-X09	1
X04	Exposure to ignition of highly flammable material	20	X00-X09	1
X05	Exposure to ignition or melting of nightwear	20	X00-X09	1
X06	Exposure to ignition or melting of other clothing and apparel	20	X00-X09	1
X08	Exposure to other specified smoke, fire and flames	20	X00-X09	1
X09	Exposure to unspecified smoke, fire and flames	20	X00-X09	1
X10	Contact with hot drinks, food, fats and cooking oils	20	X10-X19	1
X11	Contact with hot tap-water	20	X10-X19	1
X12	Contact with other hot fluids	20	X10-X19	1
X13	Contact with steam and hot vapours	20	X10-X19	1
X14	Contact with hot air and gases	20	X10-X19	1
X15	Contact with hot household appliances	20	X10-X19	1
X16	Contact with hot heating appliances, radiators and pipes	20	X10-X19	1
X17	Contact with hot engines, machinery and tools	20	X10-X19	1
X18	Contact with other hot metals	20	X10-X19	1
X19	Contact with other and unspecified heat and hot substances	20	X10-X19	1
X20	Contact with venomous snakes and lizards	20	X20-X29	1
X21	Contact with venomous spiders	20	X20-X29	1
X22	Contact with scorpions	20	X20-X29	1
X23	Contact with hornets, wasps and bees	20	X20-X29	1
X24	Contact with centipedes and venomous millipedes (tropical)	20	X20-X29	1
X25	Contact with other venomous arthropods	20	X20-X29	1
X26	Contact with venomous marine animals and plants	20	X20-X29	1
X27	Contact with other specified venomous animals	20	X20-X29	1
X28	Contact with other specified venomous plants	20	X20-X29	1
X29	Contact with unspecified venomous animal or plant	20	X20-X29	1
X30	Exposure to excessive natural heat	20	X30-X39	1
X31	Exposure to excessive natural cold	20	X30-X39	1
X32	Exposure to sunlight	20	X30-X39	1
X33	Victim of lightning	20	X30-X39	1
X34	Victim of earthquake	20	X30-X39	0
X34.0	Victim of cataclysmic earth movements caused by earthquake	20	X30-X39	1
X34.1	Victim of tsunami	20	X30-X39	1
X34.8	Victim of other specified effects of earthquake	20	X30-X39	1
X34.9	Victim of unspecified effect of earthquake	20	X30-X39	1
X35	Victim of volcanic eruption	20	X30-X39	1
X36	Victim of avalanche, landslide and other earth movements	20	X30-X39	1
X37	Victim of cataclysmic storm	20	X30-X39	1
X38	Victim of flood	20	X30-X39	1
X39	Exposure to other and unspecified forces of nature	20	X30-X39	1
X40	Accidental poisoning by and exposure to nonopioid analgesics, antipyretics and antirheumatics	20	X40-X49	1
X41	Accidental poisoning by and exposure to antiepileptic, sedative-hypnotic, antiparkinsonism and psychotropic drugs, not elsewhere classified	20	X40-X49	1
X42	Accidental poisoning by and exposure to narcotics and psychodysleptics [hallucinogens], not elsewhere classified	20	X40-X49	1
X43	Accidental poisoning by and exposure to other drugs acting on the autonomic nervous system	20	X40-X49	1
X44	Accidental poisoning by and exposure to other and unspecified drugs, medicaments and biological substances	20	X40-X49	1
X45	Accidental poisoning by and exposure to alcohol	20	X40-X49	1
X46	Accidental poisoning by and exposure to organic solvents and halogenated hydrocarbons and their vapours	20	X40-X49	1
X47	Accidental poisoning by and exposure to carbon monoxide and other gases and vapours	20	X40-X49	0
X47.0	Accidental poisoning by and exposure to carbon monoxide from combustion engine exhaust	20	X40-X49	1
X47.1	Accidental poisoning by and exposure to carbon monoxide from utility gas	20	X40-X49	1
X47.2	Accidental poisoning by and exposure to carbon monoxide from other domestic fuels	20	X40-X49	1
X47.3	Accidental poisoning by and exposure to carbon monoxide from other sources	20	X40-X49	1
X47.4	Accidental poisoning by and exposure to carbon monoxide from unspecified sources	20	X40-X49	1
X47.8	Accidental poisoning by and exposure to other specified gases and vapours	20	X40-X49	1
X47.9	Accidental poisoning by and exposure to unspecified gases and vapours	20	X40-X49	1
X48	Accidental poisoning by and exposure to pesticides	20	X40-X49	1
X49	Accidental poisoning by and exposure to other and unspecified chemicals and noxious substances	20	X40-X49	1
X50	Overexertion and strenuous or repetitive movements	20	X50-X57	1
X51	Travel and motion	20	X50-X57	1
X52	Prolonged stay in weightless environment	20	X50-X57	1
X53	Lack of food	20	X50-X57	1
X54	Lack of water	20	X50-X57	1
X57	Unspecified privation	20	X50-X57	1
X58	Exposure to other specified factors	20	X58-X59	1
X59	Exposure to unspecified factor	20	X58-X59	0
X59.0	Exposure to unspecified factor causing fracture	20	X58-X59	1
X59.9	Exposure to unspecified factor causing other and unspecified injury	20	X58-X59	1
X60	Intentional self-poisoning by and exposure to nonopioid analgesics, antipyretics and antirheumatics	20	X60-X84	1
X61	Intentional self-poisoning by and exposure to antiepileptic, sedative-hypnotic, antiparkinsonism and psychotropic drugs, not elsewhere classified	20	X60-X84	1
X62	Intentional self-poisoning by and exposure to narcotics and psychodysleptics [hallucinogens], not elsewhere classified	20	X60-X84	1
X63	Intentional self-poisoning by and exposure to other drugs acting on the autonomic nervous system	20	X60-X84	1
X64	Intentional self-poisoning by and exposure to other and unspecified drugs, medicaments and biological substances	20	X60-X84	1
X65	Intentional self-poisoning by and exposure to alcohol	20	X60-X84	1
X66	Intentional self-poisoning by and exposure to organic solvents and halogenated hydrocarbons and their vapours	20	X60-X84	1
X67	Intentional self-poisoning by and exposure to carbon monoxide and other gases and vapours	20	X60-X84	0
X67.0	Intentional self-poisoning by and exposure to carbon monoxide from combustion engine exhaust	20	X60-X84	1
X67.1	Intentional self-poisoning by and exposure to carbon monoxide from utility gas	20	X60-X84	1
X67.2	Intentional self-poisoning by and exposure to carbon monoxide from other domestic fuels	20	X60-X84	1
X67.3	Intentional self-poisoning by and exposure to carbon monoxide from other sources	20	X60-X84	1
X67.4	Intentional self-poisoning by and exposure to carbon monoxide from unspecified sources	20	X60-X84	1
X67.8	Intentional self-poisoning by and exposure to other specified gases and vapours	20	X60-X84	1
X67.9	Intentional self-poisoning by and exposure to unspecified gases and vapours	20	X60-X84	1
X68	Intentional self-poisoning by and exposure to pesticides	20	X60-X84	1
X69	Intentional self-poisoning by and exposure to other and unspecified chemicals and noxious substances	20	X60-X84	1
X70	Intentional self-harm by hanging, strangulation and suffocation	20	X60-X84	1
X71	Intentional self-harm by drowning and submersion	20	X60-X84	1
X72	Intentional self-harm by handgun discharge	20	X60-X84	1
X73	Intentional self-harm by rifle, shotgun and larger firearm discharge	20	X60-X84	1
X74	Intentional self-harm by other and unspecified firearm discharge	20	X60-X84	1
X75	Intentional self-harm by explosive material	20	X60-X84	1
X76	Intentional self-harm by smoke, fire and flames	20	X60-X84	1
X77	Intentional self-harm by steam, hot vapours and hot objects	20	X60-X84	1
X78	Intentional self-harm by sharp object	20	X60-X84	1
X79	Intentional self-harm by blunt object	20	X60-X84	1
X80	Intentional self-harm by jumping from a high place	20	X60-X84	1
X81	Intentional self-harm by jumping or lying before moving object	20	X60-X84	1
X82	Intentional self-harm by crashing of motor vehicle	20	X60-X84	1
X83	Intentional self-harm by other specified means	20	X60-X84	1
X84	Intentional self-harm by unspecified means	20	X60-X84	1
X85	Assault by drugs, medicaments and biological substances	20	X85-Y09	1
X86	Assault by corrosive substance	20	X85-Y09	1
X87	Assault by pesticides	20	X85-Y09	1
X88	Assault by gases and vapours	20	X85-Y09	0
X88.0	Assault by carbon monoxide from combustion engine exhaust	20	X85-Y09	1
X88.1	Assault by carbon monoxide from utility gas	20	X85-Y09	1
X88.2	Assault by carbon monoxide from other domestic fuels	20	X85-Y09	1
X88.3	Assault by carbon monoxide from other sources	20	X85-Y09	1
X88.4	Assault by carbon monoxide from unspecified sources	20	X85-Y09	1
X88.8	Assault by other specified gases and vapours	20	X85-Y09	1
X88.9	Assault by unspecified gases and vapours	20	X85-Y09	1
X89	Assault by other specified chemicals and noxious substances	20	X85-Y09	1
X90	Assault by unspecified chemical or noxious substance	20	X85-Y09	1
X91	Assault by hanging, strangulation and suffocation	20	X85-Y09	1
X92	Assault by drowning and submersion	20	X85-Y09	1
X93	Assault by handgun discharge	20	X85-Y09	1
X94	Assault by rifle, shotgun and larger firearm discharge	20	X85-Y09	1
X95	Assault by other and unspecified firearm discharge	20	X85-Y09	1
X96	Assault by explosive material	20	X85-Y09	1
X97	Assault by smoke, fire and flames	20	X85-Y09	1
X98	Assault by steam, hot vapours and hot objects	20	X85-Y09	1
X99	Assault by sharp object	20	X85-Y09	1
Y00	Assault by blunt object	20	X85-Y09	1
Y01	Assault by pushing from high place	20	X85-Y09	1
Y02	Assault by pushing or placing victim before moving object	20	X85-Y09	1
Y03	Assault by crashing of motor vehicle	20	X85-Y09	1
Y04	Assault by bodily force	20	X85-Y09	1
Y05	Sexual assault by bodily force	20	X85-Y09	1
Y06	Neglect and abandonment	20	X85-Y09	0
Y06.0	By spouse or partner	20	X85-Y09	1
Y06.1	By parent	20	X85-Y09	1
Y06.2	By acquaintance or friend	20	X85-Y09	1
Y06.8	By other specified persons	20	X85-Y09	1
Y06.9	By unspecified person	20	X85-Y09	1
Y07	Other maltreatment	20	X85-Y09	0
Y07.0	By spouse or partner	20	X85-Y09	1
Y07.1	By parent	20	X85-Y09	1
Y07.2	By acquaintance or friend	20	X85-Y09	1
Y07.3	By official authorities	20	X85-Y09	1
Y07.8	By other specified persons	20	X85-Y09	1
Y07.9	By unspecified person	20	X85-Y09	1
Y08	Assault by other specified means	20	X85-Y09	1
Y09	Assault by unspecified means	20	X85-Y09	1
Y10	Poisoning by and exposure to nonopioid analgesics, antipyretics and antirheumatics, undetermined intent	20	Y10-Y34	1
Y11	Poisoning by and exposure to antiepileptic, sedative-hypnotic, antiparkinsonism and psychotropic drugs, not elsewhere classified, undetermined intent	20	Y10-Y34	1
Y12	Poisoning by and exposure to narcotics and psychodysleptics [hallucinogens], not elsewhere classified, undetermined intent	20	Y10-Y34	1
Y13	Poisoning by and exposure to other drugs acting on the autonomic nervous system, undetermined intent	20	Y10-Y34	1
Y14	Poisoning by and exposure to other and unspecified drugs, medicaments and biological substances, undetermined intent	20	Y10-Y34	1
Y15	Poisoning by and exposure to alcohol, undetermined intent	20	Y10-Y34	1
Y16	Poisoning by and exposure to organic solvents and halogenated hydrocarbons and their vapours, undetermined intent	20	Y10-Y34	1
Y17	Poisoning by and exposure to carbon monoxide and other gases and vapours, undetermined intent	20	Y10-Y34	0
Y17.0	Poisoning by and exposure to carbon monoxide from combustion engine exhaust, undetermined intent	20	Y10-Y34	1
Y17.1	Poisoning by and exposure to carbon monoxide from utility gas, undetermined intent	20	Y10-Y34	1
Y17.2	Poisoning by and exposure to carbon monoxide from other domestic fuels, undetermined intent	20	Y10-Y34	1
Y17.3	Poisoning by and exposure to carbon monoxide from other sources, undetermined intent	20	Y10-Y34	1
Y17.4	Poisoning by and exposure to carbon monoxide from unspecified sources, undetermined intent	20	Y10-Y34	1
Y17.8	Poisoning by and exposure to other specified gases and vapours, undetermined intent	20	Y10-Y34	1
Y17.9	Poisoning by and exposure to unspecified gases and vapours, undetermined intent	20	Y10-Y34	1
Y18	Poisoning by and exposure to pesticides, undetermined intent	20	Y10-Y34	1
Y19	Poisoning by and exposure to other and unspecified chemicals and noxious substances, undetermined intent	20	Y10-Y34	1
Y20	Hanging, strangulation and suffocation, undetermined intent	20	Y10-Y34	1
Y21	Drowning and submersion, undetermined intent	20	Y10-Y34	1
Y22	Handgun discharge, undetermined intent	20	Y10-Y34	1
Y23	Rifle, shotgun and larger firearm discharge, undetermined intent	20	Y10-Y34	1
Y24	Other and unspecified firearm discharge, undetermined intent	20	Y10-Y34	1
Y25	Contact with explosive material, undetermined intent	20	Y10-Y34	1
Y26	Exposure to smoke, fire and flames, undetermined intent	20	Y10-Y34	1
Y27	Contact with steam, hot vapours and hot objects, undetermined intent	20	Y10-Y34	1
Y28	Contact with sharp object, undetermined intent	20	Y10-Y34	1
Y29	Contact with blunt object, undetermined intent	20	Y10-Y34	1
Y30	Falling, jumping or pushed from a high place, undetermined intent	20	Y10-Y34	1
Y31	Falling, lying or running before or into moving object, undetermined intent	20	Y10-Y34	1
Y32	Crashing of motor vehicle, undetermined intent	20	Y10-Y34	1
Y33	Other specified events, undetermined intent	20	Y10-Y34	1
Y34	Unspecified event, undetermined intent	20	Y10-Y34	1
Y35	Legal intervention	20	Y35-Y36	0
Y35.0	Legal intervention involving firearm discharge	20	Y35-Y36	1
Y35.1	Legal intervention involving explosives	20	Y35-Y36	1
Y35.2	Legal intervention involving gas	20	Y35-Y36	1
Y35.3	Legal intervention involving blunt objects	20	Y35-Y36	1
Y35.4	Legal intervention involving sharp objects	20	Y35-Y36	1
Y35.5	Legal execution	20	Y35-Y36	1
Y35.6	Legal intervention involving other specified means	20	Y35-Y36	1
Y35.7	Legal intervention, means unspecified	20	Y35-Y36	1
Y36	Operations of war	20	Y35-Y36	0
Y36.0	War operations involving explosion of marine weapons	20	Y35-Y36	1
Y36.1	War operations involving destruction of aircraft	20	Y35-Y36	1
Y36.2	War operations involving other explosions and fragments	20	Y35-Y36	1
Y36.3	War operations involving fires, conflagrations and hot substances	20	Y35-Y36	1
Y36.4	War operations involving firearm discharge and other forms of conventional warfare	20	Y35-Y36	1
Y36.5	War operations involving nuclear weapons	20	Y35-Y36	1
Y36.6	War operations involving biological weapons	20	Y35-Y36	1
Y36.7	War operations involving chemical weapons and other forms of unconventional warfare	20	Y35-Y36	1
Y36.8	War operations occurring after cessation of hostilities	20	Y35-Y36	1
Y36.9	War operations, unspecified	20	Y35-Y36	1
Y40	Systemic antibiotics	20	Y40-Y59	0
Y40.0	Penicillins	20	Y40-Y59	1
Y40.1	Cefalosporins and other beta-lactam antibiotics	20	Y40-Y59	1
Y40.2	Chloramphenicol group	20	Y40-Y59	1
Y40.3	Macrolides	20	Y40-Y59	1
Y40.4	Tetracyclines	20	Y40-Y59	1
Y40.5	Aminoglycosides	20	Y40-Y59	1
Y40.6	Rifamycins	20	Y40-Y59	1
Y40.7	Antifungal antibiotics, systemically used	20	Y40-Y59	1
Y40.8	Other systemic antibiotics	20	Y40-Y59	1
Y40.9	Systemic antibiotic, unspecified	20	Y40-Y59	1
Y41	Other systemic anti-infectives and antiparasitics	20	Y40-Y59	0
Y41.0	Sulfonamides	20	Y40-Y59	1
Y41.1	Antimycobacterial drugs	20	Y40-Y59	1
Y41.2	Antimalarials and drugs acting on other blood protozoa	20	Y40-Y59	1
Y41.3	Other antiprotozoal drugs	20	Y40-Y59	1
Y41.4	Anthelminthics	20	Y40-Y59	1
Y41.5	Antiviral drugs	20	Y40-Y59	1
Y41.8	Other specified systemic anti-infectives and antiparasitics	20	Y40-Y59	1
Y41.9	Systemic anti-infective and antiparasitic, unspecified	20	Y40-Y59	1
Y42	Hormones and their synthetic substitutes and antagonists, not elsewhere classified	20	Y40-Y59	0
Y42.0	Glucocorticoids and synthetic analogues	20	Y40-Y59	1
Y42.1	Thyroid hormones and substitutes	20	Y40-Y59	1
Y42.2	Antithyroid drugs	20	Y40-Y59	1
Y42.3	Insulin and oral hypoglycaemic [antidiabetic] drugs	20	Y40-Y59	1
Y42.4	Oral contraceptives	20	Y40-Y59	1
Y42.5	Other estrogens and progestogens	20	Y40-Y59	1
Y42.6	Antigonadotrophins, antiestrogens, antiandrogens, not elsewhere classified	20	Y40-Y59	1
Y42.7	Androgens and anabolic congeners	20	Y40-Y59	1
Y42.8	Other and unspecified hormones and their synthetic substitutes	20	Y40-Y59	1
Y42.9	Other and unspecified hormone antagonists	20	Y40-Y59	1
Y43	Primarily systemic agents	20	Y40-Y59	0
Y43.0	Antiallergic and antiemetic drugs	20	Y40-Y59	1
Y43.1	Antineoplastic antimetabolites	20	Y40-Y59	1
Y43.2	Antineoplastic natural products	20	Y40-Y59	1
Y43.3	Other antineoplastic drugs	20	Y40-Y59	1
Y43.4	Immunosuppressive agents	20	Y40-Y59	1
Y43.5	Acidifying and alkalizing agents	20	Y40-Y59	1
Y43.6	Enzymes, not elsewhere classified	20	Y40-Y59	1
Y43.8	Other primarily systemic agents, not elsewhere classified	20	Y40-Y59	1
Y43.9	Primarily systemic agent, unspecified	20	Y40-Y59	1
Y44	Agents primarily affecting blood constituents	20	Y40-Y59	0
Y44.0	Iron preparations and other anti-hypochromic-anaemia preparations	20	Y40-Y59	1
Y44.1	Vitamin B12, folic acid and other anti-megaloblastic-anaemia preparations	20	Y40-Y59	1
Y44.2	Anticoagulants	20	Y40-Y59	1
Y44.3	Anticoagulant antagonists, vitamin K and other coagulants	20	Y40-Y59	1
Y44.4	Antithrombotic drugs [platelet-aggregation inhibitors]	20	Y40-Y59	1
Y44.5	Thrombolytic drugs	20	Y40-Y59	1
Y44.6	Natural blood and blood products	20	Y40-Y59	1
Y44.7	Plasma substitutes	20	Y40-Y59	1
Y44.9	Other and unspecified agents affecting blood constituents	20	Y40-Y59	1
Y45	Analgesics, antipyretics and anti-inflammatory drugs	20	Y40-Y59	0
Y45.0	Opioids and related analgesics	20	Y40-Y59	1
Y45.1	Salicylates	20	Y40-Y59	1
Y45.2	Propionic acid derivatives	20	Y40-Y59	1
Y45.3	Other nonsteroidal anti-inflammatory drugs [NSAID]	20	Y40-Y59	1
Y45.4	Antirheumatics	20	Y40-Y59	1
Y45.5	4-Aminophenol derivatives	20	Y40-Y59	1
Y45.8	Other analgesics and antipyretics	20	Y40-Y59	1
Y45.9	Analgesic, antipyretic and anti-inflammatory drug, unspecified	20	Y40-Y59	1
Y46	Antiepileptics and antiparkinsonism drugs	20	Y40-Y59	0
Y46.0	Succinimides	20	Y40-Y59	1
Y46.1	Oxazolidinediones	20	Y40-Y59	1
Y46.2	Hydantoin derivatives	20	Y40-Y59	1
Y46.3	Deoxybarbiturates	20	Y40-Y59	1
Y46.4	Iminostilbenes	20	Y40-Y59	1
Y46.5	Valproic acid	20	Y40-Y59	1
Y46.6	Other and unspecified antiepileptics	20	Y40-Y59	1
Y46.7	Antiparkinsonism drugs	20	Y40-Y59	1
Y46.8	Antispasticity drugs	20	Y40-Y59	1
Y47	Sedatives, hypnotics and antianxiety drugs	20	Y40-Y59	0
Y47.0	Barbiturates, not elsewhere classified	20	Y40-Y59	1
Y47.1	Benzodiazepines	20	Y40-Y59	1
Y47.2	Cloral derivatives	20	Y40-Y59	1
Y47.3	Paraldehyde	20	Y40-Y59	1
Y47.4	Bromine compounds	20	Y40-Y59	1
Y47.5	Mixed sedatives and hypnotics, not elsewhere classified	20	Y40-Y59	1
Y47.8	Other sedatives, hypnotics and antianxiety drugs	20	Y40-Y59	1
Y47.9	Sedative, hypnotic and antianxiety drug, unspecified	20	Y40-Y59	1
Y48	Anaesthetics and therapeutic gases	20	Y40-Y59	0
Y48.0	Inhaled anaesthetics	20	Y40-Y59	1
Y48.1	Parenteral anaesthetics	20	Y40-Y59	1
Y48.2	Other and unspecified general anaesthetics	20	Y40-Y59	1
Y48.3	Local anaesthetics	20	Y40-Y59	1
Y48.4	Anaesthetic, unspecified	20	Y40-Y59	1
Y48.5	Therapeutic gases	20	Y40-Y59	1
Y49	Psychotropic drugs, not elsewhere classified	20	Y40-Y59	0
Y49.0	Tricyclic and tetracyclic antidepressants	20	Y40-Y59	1
Y49.1	Monoamine-oxidase-inhibitor antidepressants	20	Y40-Y59	1
Y49.2	Other and unspecified antidepressants	20	Y40-Y59	1
Y49.3	Phenothiazine antipsychotics and neuroleptics	20	Y40-Y59	1
Y49.4	Butyrophenone and thioxanthene neuroleptics	20	Y40-Y59	1
Y49.5	Other antipsychotics and neuroleptics	20	Y40-Y59	1
Y49.6	Psychodysleptics [hallucinogens]	20	Y40-Y59	1
Y49.7	Psychostimulants with abuse potential	20	Y40-Y59	1
Y49.8	Other psychotropic drugs, not elsewhere classified	20	Y40-Y59	1
Y49.9	Psychotropic drug, unspecified	20	Y40-Y59	1
Y50	Central nervous system stimulants, not elsewhere classified	20	Y40-Y59	0
Y50.0	Analeptics	20	Y40-Y59	1
Y50.1	Opioid receptor antagonists	20	Y40-Y59	1
Y50.2	Methylxanthines, not elsewhere classified	20	Y40-Y59	1
Y50.8	Other central nervous system stimulants	20	Y40-Y59	1
Y50.9	Central nervous system stimulant, unspecified	20	Y40-Y59	1
Y51	Drugs primarily affecting the autonomic nervous system	20	Y40-Y59	0
Y51.0	Anticholinesterase agents	20	Y40-Y59	1
Y51.1	Other parasympathomimetics [cholinergics]	20	Y40-Y59	1
Y51.2	Ganglionic blocking drugs, not elsewhere classified	20	Y40-Y59	1
Y51.3	Other parasympatholytics [anticholinergics and antimuscarinics] and spasmolytics, not elsewhere classified	20	Y40-Y59	1
Y51.4	Predominantly alpha-adrenoreceptor agonists, not elsewhere classified	20	Y40-Y59	1
Y51.5	Predominantly beta-adrenoreceptor agonists, not elsewhere classified	20	Y40-Y59	1
Y51.6	Alpha-adrenoreceptor antagonists, not elsewhere classified	20	Y40-Y59	1
Y51.7	Beta-adrenoreceptor antagonists, not elsewhere classified	20	Y40-Y59	1
Y51.8	Centrally acting and adrenergic-neuron-blocking agents, not elsewhere classified	20	Y40-Y59	1
Y51.9	Other and unspecified drugs primarily affecting the autonomic nervous system	20	Y40-Y59	1
Y52	Agents primarily affecting the cardiovascular system	20	Y40-Y59	0
Y52.0	Cardiac-stimulant glycosides and drugs of similar action	20	Y40-Y59	1
Y52.1	Calcium-channel blockers	20	Y40-Y59	1
Y52.2	Other antidysrhythmic drugs, not elsewhere classified	20	Y40-Y59	1
Y52.3	Coronary vasodilators, not elsewhere classified	20	Y40-Y59	1
Y52.4	Angiotensin-converting-enzyme inhibitors	20	Y40-Y59	1
Y52.5	Other antihypertensive drugs, not elsewhere classified	20	Y40-Y59	1
Y52.6	Antihyperlipidaemic and antiarteriosclerotic drugs	20	Y40-Y59	1
Y52.7	Peripheral vasodilators	20	Y40-Y59	1
Y52.8	Antivaricose drugs, including sclerosing agents	20	Y40-Y59	1
Y52.9	Other and unspecified agents primarily affecting the cardiovascular system	20	Y40-Y59	1
Y53	Agents primarily affecting the gastrointestinal system	20	Y40-Y59	0
Y53.0	Histamine H2-receptor antagonists	20	Y40-Y59	1
Y53.1	Other antacids and anti-gastric-secretion drugs	20	Y40-Y59	1
Y53.2	Stimulant laxatives	20	Y40-Y59	1
Y53.3	Saline and osmotic laxatives	20	Y40-Y59	1
Y53.4	Other laxatives	20	Y40-Y59	1
Y53.5	Digestants	20	Y40-Y59	1
Y53.6	Antidiarrhoeal drugs	20	Y40-Y59	1
Y53.7	Emetics	20	Y40-Y59	1
Y53.8	Other agents primarily affecting the gastrointestinal system	20	Y40-Y59	1
Y53.9	Agent primarily affecting the gastrointestinal system, unspecified	20	Y40-Y59	1
Y54	Agents primarily affecting water-balance and mineral and uric acid metabolism	20	Y40-Y59	0
Y54.0	Mineralocorticoids	20	Y40-Y59	1
Y54.1	Mineralocorticoid antagonists [aldosterone antagonists]	20	Y40-Y59	1
Y54.2	Carbonic-anhydrase inhibitors	20	Y40-Y59	1
Y54.3	Benzothiadiazine derivatives	20	Y40-Y59	1
Y54.4	Loop [high-ceiling] diuretics	20	Y40-Y59	1
Y54.5	Other diuretics	20	Y40-Y59	1
Y54.6	Electrolytic, caloric and water-balance agents	20	Y40-Y59	1
Y54.7	Agents affecting calcification	20	Y40-Y59	1
Y54.8	Agents affecting uric acid metabolism	20	Y40-Y59	1
Y54.9	Mineral salts, not elsewhere classified	20	Y40-Y59	1
Y55	Agents primarily acting on smooth and skeletal muscles and the respiratory system	20	Y40-Y59	0
Y55.0	Oxytocic drugs	20	Y40-Y59	1
Y55.1	Skeletal muscle relaxants [neuromuscular blocking agents]	20	Y40-Y59	1
Y55.2	Other and unspecified agents primarily acting on muscles	20	Y40-Y59	1
Y55.3	Antitussives	20	Y40-Y59	1
Y55.4	Expectorants	20	Y40-Y59	1
Y55.5	Anti-common-cold drugs	20	Y40-Y59	1
Y55.6	Antiasthmatics, not elsewhere classified	20	Y40-Y59	1
Y55.7	Other and unspecified agents primarily acting on the respiratory system	20	Y40-Y59	1
Y56	Topical agents primarily affecting skin and mucous membrane and ophthalmological, otorhinolaryngological and dental drugs	20	Y40-Y59	0
Y56.0	Local antifungal, anti-infective and anti-inflammatory drugs, not elsewhere classified	20	Y40-Y59	1
Y56.1	Antipruritics	20	Y40-Y59	1
Y56.2	Local astringents and local detergents	20	Y40-Y59	1
Y56.3	Emollients, demulcents and protectants	20	Y40-Y59	1
Y56.4	Keratolytics, keratoplastics and other hair treatment drugs and preparations	20	Y40-Y59	1
Y56.5	Ophthalmological drugs and preparations	20	Y40-Y59	1
Y56.6	Otorhinolaryngological drugs and preparations	20	Y40-Y59	1
Y56.7	Dental drugs, topically applied	20	Y40-Y59	1
Y56.8	Other topical agents	20	Y40-Y59	1
Y56.9	Topical agent, unspecified	20	Y40-Y59	1
Y57	Other and unspecified drugs and medicaments	20	Y40-Y59	0
Y57.0	Appetite depressants [anorectics]	20	Y40-Y59	1
Y57.1	Lipotropic drugs	20	Y40-Y59	1
Y57.2	Antidotes and chelating agents, not elsewhere classified	20	Y40-Y59	1
Y57.3	Alcohol deterrents	20	Y40-Y59	1
Y57.4	Pharmaceutical excipients	20	Y40-Y59	1
Y57.5	X-ray contrast media	20	Y40-Y59	1
Y57.6	Other diagnostic agents	20	Y40-Y59	1
Y57.7	Vitamins, not elsewhere classified	20	Y40-Y59	1
Y57.8	Other drugs and medicaments	20	Y40-Y59	1
Y57.9	Drug or medicament, unspecified	20	Y40-Y59	1
Y58	Bacterial vaccines	20	Y40-Y59	0
Y58.0	BCG vaccine	20	Y40-Y59	1
Y58.1	Typhoid and paratyphoid vaccine	20	Y40-Y59	1
Y58.2	Cholera vaccine	20	Y40-Y59	1
Y58.3	Plague vaccine	20	Y40-Y59	1
Y58.4	Tetanus vaccine	20	Y40-Y59	1
Y58.5	Diphtheria vaccine	20	Y40-Y59	1
Y58.6	Pertussis vaccine, including combinations with a pertussis component	20	Y40-Y59	1
Y58.8	Mixed bacterial vaccines, except combinations with a pertussis component	20	Y40-Y59	1
Y58.9	Other and unspecified bacterial vaccines	20	Y40-Y59	1
Y59	Other and unspecified vaccines and biological substances	20	Y40-Y59	0
Y59.0	Viral vaccines	20	Y40-Y59	1
Y59.1	Rickettsial vaccines	20	Y40-Y59	1
Y59.2	Protozoal vaccines	20	Y40-Y59	1
Y59.3	Immunoglobulin	20	Y40-Y59	1
Y59.8	Other specified vaccines and biological substances	20	Y40-Y59	1
Y59.9	Vaccine or biological substance, unspecified	20	Y40-Y59	1
Y60	Unintentional cut, puncture, perforation or haemorrhage during surgical and medical care	20	Y60-Y69	0
Y60.0	During surgical operation	20	Y60-Y69	1
Y60.1	During infusion or transfusion	20	Y60-Y69	1
Y60.2	During kidney dialysis or other perfusion	20	Y60-Y69	1
Y60.3	During injection or immunization	20	Y60-Y69	1
Y60.4	During endoscopic examination	20	Y60-Y69	1
Y60.5	During heart catheterization	20	Y60-Y69	1
Y60.6	During aspiration, puncture and other catheterization	20	Y60-Y69	1
Y60.7	During administration of enema	20	Y60-Y69	1
Y60.8	During other surgical and medical care	20	Y60-Y69	1
Y60.9	During unspecified surgical and medical care	20	Y60-Y69	1
Y61	Foreign object accidentally left in body during surgical and medical care	20	Y60-Y69	0
Y61.0	During surgical operation	20	Y60-Y69	1
Y61.1	During infusion or transfusion	20	Y60-Y69	1
Y61.2	During kidney dialysis or other perfusion	20	Y60-Y69	1
Y61.3	During injection or immunization	20	Y60-Y69	1
Y61.4	During endoscopic examination	20	Y60-Y69	1
Y61.5	During heart catheterization	20	Y60-Y69	1
Y61.6	During aspiration, puncture and other catheterization	20	Y60-Y69	1
Y61.7	During removal of catheter or packing	20	Y60-Y69	1
Y61.8	During other surgical and medical care	20	Y60-Y69	1
Y61.9	During unspecified surgical and medical care	20	Y60-Y69	1
Y62	Failure of sterile precautions during surgical and medical care	20	Y60-Y69	0
Y62.0	During surgical operation	20	Y60-Y69	1
Y62.1	During infusion or transfusion	20	Y60-Y69	1
Y62.2	During kidney dialysis or other perfusion	20	Y60-Y69	1
Y62.3	During injection or immunization	20	Y60-Y69	1
Y62.4	During endoscopic examination	20	Y60-Y69	1
Y62.5	During heart catheterization	20	Y60-Y69	1
Y62.6	During aspiration, puncture and other catheterization	20	Y60-Y69	1
Y62.8	During other surgical and medical care	20	Y60-Y69	1
Y62.9	During unspecified surgical and medical care	20	Y60-Y69	1
Y63	Failure in dosage during surgical and medical care	20	Y60-Y69	0
Y63.0	Excessive amount of blood or other fluid given during transfusion or infusion	20	Y60-Y69	1
Y63.1	Incorrect dilution of fluid used during infusion	20	Y60-Y69	1
Y63.2	Overdose of radiation given during therapy	20	Y60-Y69	1
Y63.3	Inadvertent exposure of patient to radiation during medical care	20	Y60-Y69	1
Y63.4	Failure in dosage in electroshock or insulin-shock therapy	20	Y60-Y69	1
Y63.5	Inappropriate temperature in local application and packing	20	Y60-Y69	1
Y63.6	Nonadministration of necessary drug, medicament or biological substance	20	Y60-Y69	1
Y63.8	Failure in dosage during other surgical and medical care	20	Y60-Y69	1
Y63.9	Failure in dosage during unspecified surgical and medical care	20	Y60-Y69	1
Y64	Contaminated medical or biological substances	20	Y60-Y69	0
Y64.0	Contaminated medical or biological substance, transfused or infused	20	Y60-Y69	1
Y64.1	Contaminated medical or biological substance, injected or used for immunization	20	Y60-Y69	1
Y64.8	Contaminated medical or biological substance administered by other means	20	Y60-Y69	1
Y64.9	Contaminated medical or biological substance administered by unspecified means	20	Y60-Y69	1
Y65	Other misadventures during surgical and medical care	20	Y60-Y69	0
Y65.0	Mismatched blood used in transfusion	20	Y60-Y69	1
Y65.1	Wrong fluid used in infusion	20	Y60-Y69	1
Y65.2	Failure in suture or ligature during surgical operation	20	Y60-Y69	1
Y65.3	Endotracheal tube wrongly placed during anaesthetic procedure	20	Y60-Y69	1
Y65.4	Failure to introduce or to remove other tube or instrument	20	Y60-Y69	1
Y65.5	Performance of inappropriate operation	20	Y60-Y69	1
Y65.8	Other specified misadventures during surgical and medical care	20	Y60-Y69	1
Y66	Nonadministration of surgical and medical care	20	Y60-Y69	1
Y69	Unspecified misadventure during surgical and medical care	20	Y60-Y69	1
Y70	Anaesthesiology devices associated with adverse incidents	20	Y70-Y82	0
Y70.0	Anaesthesiology devices associated with adverse incidents: Diagnostic and monitoring devices	20	Y70-Y82	1
Y70.1	Anaesthesiology devices associated with adverse incidents: Therapeutic (nonsurgical) and rehabilitative devices	20	Y70-Y82	1
Y70.2	Anaesthesiology devices associated with adverse incidents: Prosthetic and other implants, materials and accessory devices	20	Y70-Y82	1
Y70.3	Anaesthesiology devices associated with adverse incidents: Surgical instruments, materials and devices (including sutures)	20	Y70-Y82	1
Y70.8	Anaesthesiology devices associated with adverse incidents: Miscellaneous devices, not elsewhere classified	20	Y70-Y82	1
Y71	Cardiovascular devices associated with adverse incidents	20	Y70-Y82	0
Y71.0	Cardiovascular devices associated with adverse incidents: Diagnostic and monitoring devices	20	Y70-Y82	1
Y71.1	Cardiovascular devices associated with adverse incidents: Therapeutic (nonsurgical) and rehabilitative devices	20	Y70-Y82	1
Y71.2	Cardiovascular devices associated with adverse incidents: Prosthetic and other implants, materials and accessory devices	20	Y70-Y82	1
Y71.3	Cardiovascular devices associated with adverse incidents: Surgical instruments, materials and devices (including sutures)	20	Y70-Y82	1
Y71.8	Cardiovascular devices associated with adverse incidents: Miscellaneous devices, not elsewhere classified	20	Y70-Y82	1
Y72	Otorhinolaryngological devices associated with adverse incidents	20	Y70-Y82	0
Y72.0	Otorhinolaryngological devices associated with adverse incidents: Diagnostic and monitoring devices	20	Y70-Y82	1
Y72.1	Otorhinolaryngological devices associated with adverse incidents: Therapeutic (nonsurgical) and rehabilitative devices	20	Y70-Y82	1
Y72.2	Otorhinolaryngological devices associated with adverse incidents: Prosthetic and other implants, materials and accessory devices	20	Y70-Y82	1
Y72.3	Otorhinolaryngological devices associated with adverse incidents: Surgical instruments, materials and devices (including sutures)	20	Y70-Y82	1
Y72.8	Otorhinolaryngological devices associated with adverse incidents: Miscellaneous devices, not elsewhere classified	20	Y70-Y82	1
Y73	Gastroenterology and urology devices associated with adverse incidents	20	Y70-Y82	0
Y73.0	Gastroenterology and urology devices associated with adverse incidents: Diagnostic and monitoring devices	20	Y70-Y82	1
Y73.1	Gastroenterology and urology devices associated with adverse incidents: Therapeutic (nonsurgical) and rehabilitative devices	20	Y70-Y82	1
Y73.2	Gastroenterology and urology devices associated with adverse incidents: Prosthetic and other implants, materials and accessory devices	20	Y70-Y82	1
Y73.3	Gastroenterology and urology devices associated with adverse incidents: Surgical instruments, materials and devices (including sutures)	20	Y70-Y82	1
Y73.8	Gastroenterology and urology devices associated with adverse incidents: Miscellaneous devices, not elsewhere classified	20	Y70-Y82	1
Y74	General hospital and personal-use devices associated with adverse incidents	20	Y70-Y82	0
Y74.0	General hospital and personal-use devices associated with adverse incidents: Diagnostic and monitoring devices	20	Y70-Y82	1
Y74.1	General hospital and personal-use devices associated with adverse incidents: Therapeutic (nonsurgical) and rehabilitative devices	20	Y70-Y82	1
Y74.2	General hospital and personal-use devices associated with adverse incidents: Prosthetic and other implants, materials and accessory devices	20	Y70-Y82	1
Y74.3	General hospital and personal-use devices associated with adverse incidents: Surgical instruments, materials and devices (including sutures)	20	Y70-Y82	1
Y74.8	General hospital and personal-use devices associated with adverse incidents: Miscellaneous devices, not elsewhere classified	20	Y70-Y82	1
Y75	Neurological devices associated with adverse incidents	20	Y70-Y82	0
Y75.0	Neurological devices associated with adverse incidents: Diagnostic and monitoring devices	20	Y70-Y82	1
Y75.1	Neurological devices associated with adverse incidents: Therapeutic (nonsurgical) and rehabilitative devices	20	Y70-Y82	1
Y75.2	Neurological devices associated with adverse incidents: Prosthetic and other implants, materials and accessory devices	20	Y70-Y82	1
Y75.3	Neurological devices associated with adverse incidents: Surgical instruments, materials and devices (including sutures)	20	Y70-Y82	1
Y75.8	Neurological devices associated with adverse incidents: Miscellaneous devices, not elsewhere classified	20	Y70-Y82	1
Y76	Obstetric and gynaecological devices associated with adverse incidents	20	Y70-Y82	0
Y76.0	Obstetric and gynaecological devices associated with adverse incidents: Diagnostic and monitoring devices	20	Y70-Y82	1
Y76.1	Obstetric and gynaecological devices associated with adverse incidents: Therapeutic (nonsurgical) and rehabilitative devices	20	Y70-Y82	1
Y76.2	Obstetric and gynaecological devices associated with adverse incidents: Prosthetic and other implants, materials and accessory devices	20	Y70-Y82	1
Y76.3	Obstetric and gynaecological devices associated with adverse incidents: Surgical instruments, materials and devices (including sutures)	20	Y70-Y82	1
Y76.8	Obstetric and gynaecological devices associated with adverse incidents: Miscellaneous devices, not elsewhere classified	20	Y70-Y82	1
Y77	Ophthalmic devices associated with adverse incidents	20	Y70-Y82	0
Y77.0	Ophthalmic devices associated with adverse incidents: Diagnostic and monitoring devices	20	Y70-Y82	1
Y77.1	Ophthalmic devices associated with adverse incidents: Therapeutic (nonsurgical) and rehabilitative devices	20	Y70-Y82	1
Y77.2	Ophthalmic devices associated with adverse incidents: Prosthetic and other implants, materials and accessory devices	20	Y70-Y82	1
Y77.3	Ophthalmic devices associated with adverse incidents: Surgical instruments, materials and devices (including sutures)	20	Y70-Y82	1
Y77.8	Ophthalmic devices associated with adverse incidents: Miscellaneous devices, not elsewhere classified	20	Y70-Y82	1
Y78	Radiological devices associated with adverse incidents	20	Y70-Y82	0
Y78.0	Radiological devices associated with adverse incidents: Diagnostic and monitoring devices	20	Y70-Y82	1
Y78.1	Radiological devices associated with adverse incidents: Therapeutic (nonsurgical) and rehabilitative devices	20	Y70-Y82	1
Y78.2	Radiological devices associated with adverse incidents: Prosthetic and other implants, materials and accessory devices	20	Y70-Y82	1
Y78.3	Radiological devices associated with adverse incidents: Surgical instruments, materials and devices (including sutures)	20	Y70-Y82	1
Y78.8	Radiological devices associated with adverse incidents: Miscellaneous devices, not elsewhere classified	20	Y70-Y82	1
Y79	Orthopaedic devices associated with adverse incidents	20	Y70-Y82	0
Y79.0	Orthopaedic devices associated with adverse incidents: Diagnostic and monitoring devices	20	Y70-Y82	1
Y79.1	Orthopaedic devices associated with adverse incidents: Therapeutic (nonsurgical) and rehabilitative devices	20	Y70-Y82	1
Y79.2	Orthopaedic devices associated with adverse incidents: Prosthetic and other implants, materials and accessory devices	20	Y70-Y82	1
Y79.3	Orthopaedic devices associated with adverse incidents: Surgical instruments, materials and devices (including sutures)	20	Y70-Y82	1
Y79.8	Orthopaedic devices associated with adverse incidents: Miscellaneous devices, not elsewhere classified	20	Y70-Y82	1
Y80	Physical medicine devices associated with adverse incidents	20	Y70-Y82	0
Y80.0	Physical medicine devices associated with adverse incidents: Diagnostic and monitoring devices	20	Y70-Y82	1
Y80.1	Physical medicine devices associated with adverse incidents: Therapeutic (nonsurgical) and rehabilitative devices	20	Y70-Y82	1
Y80.2	Physical medicine devices associated with adverse incidents: Prosthetic and other implants, materials and accessory devices	20	Y70-Y82	1
Y80.3	Physical medicine devices associated with adverse incidents: Surgical instruments, materials and devices (including sutures)	20	Y70-Y82	1
Y80.8	Physical medicine devices associated with adverse incidents: Miscellaneous devices, not elsewhere classified	20	Y70-Y82	1
Y81	General- and plastic-surgery devices associated with adverse incidents	20	Y70-Y82	0
Y81.0	General- and plastic-surgery devices associated with adverse incidents: Diagnostic and monitoring devices	20	Y70-Y82	1
Y81.1	General- and plastic-surgery devices associated with adverse incidents: Therapeutic (nonsurgical) and rehabilitative devices	20	Y70-Y82	1
Y81.2	General- and plastic-surgery devices associated with adverse incidents: Prosthetic and other implants, materials and accessory devices	20	Y70-Y82	1
Y81.3	General- and plastic-surgery devices associated with adverse incidents: Surgical instruments, materials and devices (including sutures)	20	Y70-Y82	1
Y81.8	General- and plastic-surgery devices associated with adverse incidents: Miscellaneous devices, not elsewhere classified	20	Y70-Y82	1
Y82	Other and unspecified medical devices associated with adverse incidents	20	Y70-Y82	0
Y82.0	Other and unspecified medical devices associated with adverse incidents: Diagnostic and monitoring devices	20	Y70-Y82	1
Y82.1	Other and unspecified medical devices associated with adverse incidents: Therapeutic (nonsurgical) and rehabilitative devices	20	Y70-Y82	1
Y82.2	Other and unspecified medical devices associated with adverse incidents: Prosthetic and other implants, materials and accessory devices	20	Y70-Y82	1
Y82.3	Other and unspecified medical devices associated with adverse incidents: Surgical instruments, materials and devices (including sutures)	20	Y70-Y82	1
Y82.8	Other and unspecified medical devices associated with adverse incidents: Miscellaneous devices, not elsewhere classified	20	Y70-Y82	1
Y83	Surgical operation and other surgical procedures as the cause of abnormal reaction of the patient, or of later complication, without mention of misadventure at the time of the procedure	20	Y83-Y84	0
Y83.0	Surgical operation with transplant of whole organ	20	Y83-Y84	1
Y83.1	Surgical operation with implant of artificial internal device	20	Y83-Y84	1
Y83.2	Surgical operation with anastomosis, bypass or graft	20	Y83-Y84	1
Y83.3	Surgical operation with formation of external stoma	20	Y83-Y84	1
Y83.4	Other reconstructive surgery	20	Y83-Y84	1
Y83.5	Amputation of limb(s)	20	Y83-Y84	1
Y83.6	Removal of other organ (partial) (total)	20	Y83-Y84	1
Y83.8	Other surgical procedures	20	Y83-Y84	1
Y83.9	Surgical procedure, unspecified	20	Y83-Y84	1
Y84	Other medical procedures as the cause of abnormal reaction of the patient, or of later complication, without mention of misadventure at the time of the procedure	20	Y83-Y84	0
Y84.0	Cardiac catheterization	20	Y83-Y84	1
Y84.1	Kidney dialysis	20	Y83-Y84	1
Y84.2	Radiological procedure and radiotherapy	20	Y83-Y84	1
Y84.3	Shock therapy	20	Y83-Y84	1
Y84.4	Aspiration of fluid	20	Y83-Y84	1
Y84.5	Insertion of gastric or duodenal sound	20	Y83-Y84	1
Y84.6	Urinary catheterization	20	Y83-Y84	1
Y84.7	Blood-sampling	20	Y83-Y84	1
Y84.8	Other medical procedures	20	Y83-Y84	1
Y84.9	Medical procedure, unspecified	20	Y83-Y84	1
Y85	Sequelae of transport accidents	20	Y85-Y89	0
Y85.0	Sequelae of motor-vehicle accident	20	Y85-Y89	1
Y85.9	Sequelae of other and unspecified transport accidents	20	Y85-Y89	1
Y86	Sequelae of other accidents	20	Y85-Y89	1
Y87	Sequelae of intentional self-harm, assault and events of undetermined intent	20	Y85-Y89	0
Y87.0	Sequelae of intentional self-harm	20	Y85-Y89	1
Y87.1	Sequelae of assault	20	Y85-Y89	1
Y87.2	Sequelae of events of undetermined intent	20	Y85-Y89	1
Y88	Sequelae with surgical and medical care as external cause	20	Y85-Y89	0
Y88.0	Sequelae of adverse effects caused by drugs, medicaments and biological substances in therapeutic use	20	Y85-Y89	1
Y88.1	Sequelae of misadventures to patients during surgical and medical procedures	20	Y85-Y89	1
Y88.2	Sequelae of adverse incidents associated with medical devices in diagnostic and therapeutic use	20	Y85-Y89	1
Y88.3	Sequelae of surgical and medical procedures as the cause of abnormal reaction of the patient, or of later complication, without mention of misadventure at the time of the procedure	20	Y85-Y89	1
Y89	Sequelae of other external causes	20	Y85-Y89	0
Y89.0	Sequelae of legal intervention	20	Y85-Y89	1
Y89.1	Sequelae of war operations	20	Y85-Y89	1
Y89.9	Sequelae of unspecified external cause	20	Y85-Y89	1
Y90	Evidence of alcohol involvement determined by blood alcohol level	20	Y90-Y98	0
Y90.0	Blood alcohol level of less than 20 mg/100 ml	20	Y90-Y98	1
Y90.1	Blood alcohol level of 20-39 mg/100 ml	20	Y90-Y98	1
Y90.2	Blood alcohol level of 40-59 mg/100 ml	20	Y90-Y98	1
Y90.3	Blood alcohol level of 60-79 mg/100 ml	20	Y90-Y98	1
Y90.4	Blood alcohol level of 80-99 mg/100 ml	20	Y90-Y98	1
Y90.5	Blood alcohol level of 100-119 mg/100 ml	20	Y90-Y98	1
Y90.6	Blood alcohol level of 120-199 mg/100 ml	20	Y90-Y98	1
Y90.7	Blood alcohol level of 200-239 mg/100 ml	20	Y90-Y98	1
Y90.8	Blood alcohol level of 240 mg/100 ml or more	20	Y90-Y98	1
Y90.9	Presence of alcohol in blood, level not specified	20	Y90-Y98	1
Y91	Evidence of alcohol involvement determined by level of intoxication	20	Y90-Y98	0
Y91.0	Mild alcohol intoxication	20	Y90-Y98	1
Y91.1	Moderate alcohol intoxication	20	Y90-Y98	1
Y91.2	Severe alcohol intoxication	20	Y90-Y98	1
Y91.3	Very severe alcohol intoxication	20	Y90-Y98	1
Y91.9	Alcohol involvement, not otherwise specified	20	Y90-Y98	1
Y95	Nosocomial condition	20	Y90-Y98	1
Y96	Work-related condition	20	Y90-Y98	1
Y97	Environmental-pollution-related condition	20	Y90-Y98	1
Y98	Lifestyle-related condition	20	Y90-Y98	1
Z00	General examination and investigation of persons without complaint and reported diagnosis	21	Z00-Z13	0
Z00.0	General medical examination	21	Z00-Z13	1
Z00.1	Routine child health examination	21	Z00-Z13	1
Z00.2	Examination for period of rapid growth in childhood	21	Z00-Z13	1
Z00.3	Examination for adolescent development state	21	Z00-Z13	1
Z00.4	General psychiatric examination, not elsewhere classified	21	Z00-Z13	1
Z00.5	Examination of potential donor of organ and tissue	21	Z00-Z13	1
Z00.6	Examination for normal comparison and control in clinical research programme	21	Z00-Z13	1
Z00.8	Other general examinations	21	Z00-Z13	1
Z01	Other special examinations and investigations of persons without complaint or reported diagnosis	21	Z00-Z13	0
Z01.0	Examination of eyes and vision	21	Z00-Z13	1
Z01.1	Examination of ears and hearing	21	Z00-Z13	1
Z01.2	Dental examination	21	Z00-Z13	1
Z01.3	Examination of blood pressure	21	Z00-Z13	1
Z01.4	Gynaecological examination (general)(routine)	21	Z00-Z13	1
Z01.5	Diagnostic skin and sensitization tests	21	Z00-Z13	1
Z01.6	Radiological examination, not elsewhere classified	21	Z00-Z13	1
Z01.7	Laboratory examination	21	Z00-Z13	1
Z01.8	Other specified special examinations	21	Z00-Z13	1
Z01.9	Special examination, unspecified	21	Z00-Z13	1
Z02	Examination and encounter for administrative purposes	21	Z00-Z13	0
Z02.0	Examination for admission to educational institution	21	Z00-Z13	1
Z02.1	Pre-employment examination	21	Z00-Z13	1
Z02.2	Examination for admission to residential institutions	21	Z00-Z13	1
Z02.3	Examination for recruitment to armed forces	21	Z00-Z13	1
Z02.4	Examination for driving licence	21	Z00-Z13	1
Z02.5	Examination for participation in sport	21	Z00-Z13	1
Z02.6	Examination for insurance purposes	21	Z00-Z13	1
Z02.7	Issue of medical certificate	21	Z00-Z13	1
Z02.8	Other examinations for administrative purposes	21	Z00-Z13	1
Z02.9	Examination for administrative purposes, unspecified	21	Z00-Z13	1
Z03	Medical observation and evaluation for suspected diseases and conditions, ruled out	21	Z00-Z13	0
Z03.0	Observation for suspected tuberculosis	21	Z00-Z13	1
Z03.1	Observation for suspected malignant neoplasm	21	Z00-Z13	1
Z03.2	Observation for suspected mental and behavioural disorders	21	Z00-Z13	1
Z03.3	Observation for suspected nervous system disorder	21	Z00-Z13	1
Z03.4	Observation for suspected myocardial infarction	21	Z00-Z13	1
Z03.5	Observation for other suspected cardiovascular diseases	21	Z00-Z13	1
Z03.6	Observation for suspected toxic effect from ingested substance	21	Z00-Z13	1
Z03.8	Observation for other suspected diseases and conditions	21	Z00-Z13	1
Z03.9	Observation for suspected disease or condition, unspecified	21	Z00-Z13	1
Z04	Examination and observation for other reasons	21	Z00-Z13	0
Z04.0	Blood-alcohol and blood-drug test	21	Z00-Z13	1
Z04.1	Examination and observation following transport accident	21	Z00-Z13	1
Z04.2	Examination and observation following work accident	21	Z00-Z13	1
Z04.3	Examination and observation following other accident	21	Z00-Z13	1
Z04.4	Examination and observation following alleged rape and seduction	21	Z00-Z13	1
Z04.5	Examination and observation following other inflicted injury	21	Z00-Z13	1
Z04.6	General psychiatric examination, requested by authority	21	Z00-Z13	1
Z04.8	Examination and observation for other specified reasons	21	Z00-Z13	1
Z04.9	Examination and observation for unspecified reason	21	Z00-Z13	1
Z08	Follow-up examination after treatment for malignant neoplasms	21	Z00-Z13	0
Z08.0	Follow-up examination after surgery for malignant neoplasm	21	Z00-Z13	1
Z08.1	Follow-up examination after radiotherapy for malignant neoplasm	21	Z00-Z13	1
Z08.2	Follow-up examination after chemotherapy for malignant neoplasm	21	Z00-Z13	1
Z08.7	Follow-up examination after combined treatment for malignant neoplasm	21	Z00-Z13	1
Z08.8	Follow-up examination after other treatment for malignant neoplasm	21	Z00-Z13	1
Z08.9	Follow-up examination after unspecified treatment for malignant neoplasm	21	Z00-Z13	1
Z09	Follow-up examination after treatment for conditions other than malignant neoplasms	21	Z00-Z13	0
Z09.0	Follow-up examination after surgery for other conditions	21	Z00-Z13	1
Z09.1	Follow-up examination after radiotherapy for other conditions	21	Z00-Z13	1
Z09.2	Follow-up examination after chemotherapy for other conditions	21	Z00-Z13	1
Z09.3	Follow-up examination after psychotherapy	21	Z00-Z13	1
Z09.4	Follow-up examination after treatment of fracture	21	Z00-Z13	1
Z09.7	Follow-up examination after combined treatment for other conditions	21	Z00-Z13	1
Z09.8	Follow-up examination after other treatment for other conditions	21	Z00-Z13	1
Z09.9	Follow-up examination after unspecified treatment for other conditions	21	Z00-Z13	1
Z10	Routine general health check-up of defined subpopulation	21	Z00-Z13	0
Z10.0	Occupational health examination	21	Z00-Z13	1
Z10.1	Routine general health check-up of inhabitants of institutions	21	Z00-Z13	1
Z10.2	Routine general health check-up of armed forces	21	Z00-Z13	1
Z10.3	Routine general health check-up of sports teams	21	Z00-Z13	1
Z10.8	Routine general health check-up of other defined subpopulations	21	Z00-Z13	1
Z11	Special screening examination for infectious and parasitic diseases	21	Z00-Z13	0
Z11.0	Special screening examination for intestinal infectious diseases	21	Z00-Z13	1
Z11.1	Special screening examination for respiratory tuberculosis	21	Z00-Z13	1
Z11.2	Special screening examination for other bacterial diseases	21	Z00-Z13	1
Z11.3	Special screening examination for infections with a predominantly sexual mode of transmission	21	Z00-Z13	1
Z11.4	Special screening examination for human immunodeficiency virus [HIV]	21	Z00-Z13	1
Z11.5	Special screening examination for other viral diseases	21	Z00-Z13	1
Z11.6	Special screening examination for other protozoal diseases and helminthiases	21	Z00-Z13	1
Z11.8	Special screening examination for other infectious and parasitic diseases	21	Z00-Z13	1
Z11.9	Special screening examination for infectious and parasitic diseases, unspecified	21	Z00-Z13	1
Z12	Special screening examination for neoplasms	21	Z00-Z13	0
Z12.0	Special screening examination for neoplasm of stomach	21	Z00-Z13	1
Z12.1	Special screening examination for neoplasm of intestinal tract	21	Z00-Z13	1
Z12.2	Special screening examination for neoplasm of respiratory organs	21	Z00-Z13	1
Z12.3	Special screening examination for neoplasm of breast	21	Z00-Z13	1
Z12.4	Special screening examination for neoplasm of cervix	21	Z00-Z13	1
Z12.5	Special screening examination for neoplasm of prostate	21	Z00-Z13	1
Z12.6	Special screening examination for neoplasm of bladder	21	Z00-Z13	1
Z12.8	Special screening examination for neoplasms of other sites	21	Z00-Z13	1
Z12.9	Special screening examination for neoplasm, unspecified	21	Z00-Z13	1
Z13	Special screening examination for other diseases and disorders	21	Z00-Z13	0
Z13.0	Special screening examination for diseases of the blood and blood-forming organs and certain disorders involving the immune mechanism	21	Z00-Z13	1
Z13.1	Special screening examination for diabetes mellitus	21	Z00-Z13	1
Z13.2	Special screening examination for nutritional disorders	21	Z00-Z13	1
Z13.3	Special screening examination for mental and behavioural disorders	21	Z00-Z13	1
Z13.4	Special screening examination for certain developmental disorders in childhood	21	Z00-Z13	1
Z13.5	Special screening examination for eye and ear disorders	21	Z00-Z13	1
Z13.6	Special screening examination for cardiovascular disorders	21	Z00-Z13	1
Z13.7	Special screening examination for congenital malformations, deformations and chromosomal abnormalities	21	Z00-Z13	1
Z13.8	Special screening examination for other specified diseases and disorders	21	Z00-Z13	1
Z13.9	Special screening examination, unspecified	21	Z00-Z13	1
Z20	Contact with and exposure to communicable diseases	21	Z20-Z29	0
Z20.0	Contact with and exposure to intestinal infectious diseases	21	Z20-Z29	1
Z20.1	Contact with and exposure to tuberculosis	21	Z20-Z29	1
Z20.2	Contact with and exposure to infections with a predominantly sexual mode of transmission	21	Z20-Z29	1
Z20.3	Contact with and exposure to rabies	21	Z20-Z29	1
Z20.4	Contact with and exposure to rubella	21	Z20-Z29	1
Z20.5	Contact with and exposure to viral hepatitis	21	Z20-Z29	1
Z20.6	Contact with and exposure to human immunodeficiency virus [HIV]	21	Z20-Z29	1
Z20.7	Contact with and exposure to pediculosis, acariasis and other infestations	21	Z20-Z29	1
Z20.8	Contact with and exposure to other communicable diseases	21	Z20-Z29	1
Z20.9	Contact with and exposure to unspecified communicable disease	21	Z20-Z29	1
Z21	Asymptomatic human immunodeficiency virus [HIV] infection status	21	Z20-Z29	1
Z22	Carrier of infectious disease	21	Z20-Z29	0
Z22.0	Carrier of typhoid	21	Z20-Z29	1
Z22.1	Carrier of other intestinal infectious diseases	21	Z20-Z29	1
Z22.2	Carrier of diphtheria	21	Z20-Z29	1
Z22.3	Carrier of other specified bacterial diseases	21	Z20-Z29	1
Z22.4	Carrier of infections with a predominantly sexual mode of transmission	21	Z20-Z29	1
Z22.6	Carrier of human T-lymphotropic virus type- 1 [HTLV-1] infection	21	Z20-Z29	1
Z22.7	Latent tuberculosis	21	Z20-Z29	1
Z22.8	Carrier of other infectious diseases	21	Z20-Z29	1
Z22.9	Carrier of infectious disease, unspecified	21	Z20-Z29	1
Z23	Need for immunization against single bacterial diseases	21	Z20-Z29	0
Z23.0	Need for immunization against cholera alone	21	Z20-Z29	1
Z23.1	Need for immunization against typhoid-paratyphoid alone [TAB]	21	Z20-Z29	1
Z23.2	Need for immunization against tuberculosis [BCG]	21	Z20-Z29	1
Z23.3	Need for immunization against plague	21	Z20-Z29	1
Z23.4	Need for immunization against tularaemia	21	Z20-Z29	1
Z23.5	Need for immunization against tetanus alone	21	Z20-Z29	1
Z23.6	Need for immunization against diphtheria alone	21	Z20-Z29	1
Z23.7	Need for immunization against pertussis alone	21	Z20-Z29	1
Z23.8	Need for immunization against other single bacterial diseases	21	Z20-Z29	1
Z24	Need for immunization against certain single viral diseases	21	Z20-Z29	0
Z24.0	Need for immunization against poliomyelitis	21	Z20-Z29	1
Z24.1	Need for immunization against arthropod-borne viral encephalitis	21	Z20-Z29	1
Z24.2	Need for immunization against rabies	21	Z20-Z29	1
Z24.3	Need for immunization against yellow fever	21	Z20-Z29	1
Z24.4	Need for immunization against measles alone	21	Z20-Z29	1
Z24.5	Need for immunization against rubella alone	21	Z20-Z29	1
Z24.6	Need for immunization against viral hepatitis	21	Z20-Z29	1
Z25	Need for immunization against other single viral diseases	21	Z20-Z29	0
Z25.0	Need for immunization against mumps alone	21	Z20-Z29	1
Z25.1	Need for immunization against influenza	21	Z20-Z29	1
Z25.8	Need for immunization against other specified single viral diseases	21	Z20-Z29	1
Z26	Need for immunization against other single infectious diseases	21	Z20-Z29	0
Z26.0	Need for immunization against leishmaniasis	21	Z20-Z29	1
Z26.8	Need for immunization against other specified single infectious diseases	21	Z20-Z29	1
Z26.9	Need for immunization against unspecified infectious disease	21	Z20-Z29	1
Z27	Need for immunization against combinations of infectious diseases	21	Z20-Z29	0
Z27.0	Need for immunization against cholera with typhoid-paratyphoid [cholera + TAB]	21	Z20-Z29	1
Z27.1	Need for immunization against diphtheria-tetanus-pertussis, combined [DTP]	21	Z20-Z29	1
Z27.2	Need for immunization against diphtheria-tetanus-pertussis with typhoid-paratyphoid [DTP + TAB]	21	Z20-Z29	1
Z27.3	Need for immunization against diphtheria-tetanus-pertussis with poliomyelitis [DTP + polio]	21	Z20-Z29	1
Z27.4	Need for immunization against measles-mumps-rubella [MMR]	21	Z20-Z29	1
Z27.8	Need for immunization against other combinations of infectious diseases	21	Z20-Z29	1
Z27.9	Need for immunization against unspecified combinations of infectious diseases	21	Z20-Z29	1
Z28	Immunization not carried out	21	Z20-Z29	0
Z28.0	Immunization not carried out because of contraindication	21	Z20-Z29	1
Z28.1	Immunization not carried out because of patient's decision for reasons of belief or group pressure	21	Z20-Z29	1
Z28.2	Immunization not carried out because of patient's decision for other and unspecified reasons	21	Z20-Z29	1
Z28.8	Immunization not carried out for other reasons	21	Z20-Z29	1
Z28.9	Immunization not carried out for unspecified reason	21	Z20-Z29	1
Z29	Need for other prophylactic measures	21	Z20-Z29	0
Z29.0	Isolation	21	Z20-Z29	1
Z29.1	Prophylactic immunotherapy	21	Z20-Z29	1
Z29.2	Other prophylactic chemotherapy	21	Z20-Z29	1
Z29.8	Other specified prophylactic measures	21	Z20-Z29	1
Z29.9	Prophylactic measure, unspecified	21	Z20-Z29	1
Z30	Contraceptive management	21	Z30-Z39	0
Z30.0	General counselling and advice on contraception	21	Z30-Z39	1
Z30.1	Insertion of (intrauterine) contraceptive device	21	Z30-Z39	1
Z30.2	Sterilization	21	Z30-Z39	1
Z30.3	Menstrual extraction	21	Z30-Z39	1
Z30.4	Surveillance of contraceptive drugs	21	Z30-Z39	1
Z30.5	Surveillance of (intrauterine) contraceptive device	21	Z30-Z39	1
Z30.8	Other contraceptive management	21	Z30-Z39	1
Z30.9	Contraceptive management, unspecified	21	Z30-Z39	1
Z31	Procreative management	21	Z30-Z39	0
Z31.0	Tuboplasty or vasoplasty after previous sterilization	21	Z30-Z39	1
Z31.1	Artificial insemination	21	Z30-Z39	1
Z31.2	In vitro fertilization	21	Z30-Z39	1
Z31.3	Other assisted fertilization methods	21	Z30-Z39	1
Z31.4	Procreative investigation and testing	21	Z30-Z39	1
Z31.5	Genetic counselling	21	Z30-Z39	1
Z31.6	General counselling and advice on procreation	21	Z30-Z39	1
Z31.8	Other procreative management	21	Z30-Z39	1
Z31.9	Procreative management, unspecified	21	Z30-Z39	1
Z32	Pregnancy examination and test	21	Z30-Z39	0
Z32.0	Pregnancy, not (yet) confirmed	21	Z30-Z39	1
Z32.1	Pregnancy confirmed	21	Z30-Z39	1
Z33	Pregnant state, incidental	21	Z30-Z39	1
Z34	Supervision of normal pregnancy	21	Z30-Z39	0
Z34.0	Supervision of normal first pregnancy	21	Z30-Z39	1
Z34.8	Supervision of other normal pregnancy	21	Z30-Z39	1
Z34.9	Supervision of normal pregnancy, unspecified	21	Z30-Z39	1
Z35	Supervision of high-risk pregnancy	21	Z30-Z39	0
Z35.0	Supervision of pregnancy with history of infertility	21	Z30-Z39	1
Z35.1	Supervision of pregnancy with history of abortive outcome	21	Z30-Z39	1
Z35.2	Supervision of pregnancy with other poor reproductive or obstetric history	21	Z30-Z39	1
Z35.3	Supervision of pregnancy with history of insufficient antenatal care	21	Z30-Z39	1
Z35.4	Supervision of pregnancy with grand multiparity	21	Z30-Z39	1
Z35.5	Supervision of elderly primigravida	21	Z30-Z39	1
Z35.6	Supervision of very young primigravida	21	Z30-Z39	1
Z35.7	Supervision of high-risk pregnancy due to social problems	21	Z30-Z39	1
Z35.8	Supervision of other high-risk pregnancies	21	Z30-Z39	1
Z35.9	Supervision of high-risk pregnancy, unspecified	21	Z30-Z39	1
Z36	Antenatal screening	21	Z30-Z39	0
Z36.0	Antenatal screening for chromosomal anomalies	21	Z30-Z39	1
Z36.1	Antenatal screening for raised alphafetoprotein level	21	Z30-Z39	1
Z36.2	Other antenatal screening based on amniocentesis	21	Z30-Z39	1
Z36.3	Antenatal screening for malformations using ultrasound and other physical methods	21	Z30-Z39	1
Z36.4	Antenatal screening for fetal growth retardation using ultrasound and other physical methods	21	Z30-Z39	1
Z36.5	Antenatal screening for isoimmunization	21	Z30-Z39	1
Z36.8	Other antenatal screening	21	Z30-Z39	1
Z36.9	Antenatal screening, unspecified	21	Z30-Z39	1
Z37	Outcome of delivery	21	Z30-Z39	0
Z37.0	Single live birth	21	Z30-Z39	1
Z37.1	Single stillbirth	21	Z30-Z39	1
Z37.2	Twins, both liveborn	21	Z30-Z39	1
Z37.3	Twins, one liveborn and one stillborn	21	Z30-Z39	1
Z37.4	Twins, both stillborn	21	Z30-Z39	1
Z37.5	Other multiple births, all liveborn	21	Z30-Z39	1
Z37.6	Other multiple births, some liveborn	21	Z30-Z39	1
Z37.7	Other multiple births, all stillborn	21	Z30-Z39	1
Z37.9	Outcome of delivery, unspecified	21	Z30-Z39	1
Z38	Liveborn infants according to place of birth	21	Z30-Z39	0
Z38.0	Singleton, born in hospital	21	Z30-Z39	1
Z38.1	Singleton, born outside hospital	21	Z30-Z39	1
Z38.2	Singleton, unspecified as to place of birth	21	Z30-Z39	1
Z38.3	Twin, born in hospital	21	Z30-Z39	1
Z38.4	Twin, born outside hospital	21	Z30-Z39	1
Z38.5	Twin, unspecified as to place of birth	21	Z30-Z39	1
Z38.6	Other multiple, born in hospital	21	Z30-Z39	1
Z38.7	Other multiple, born outside hospital	21	Z30-Z39	1
Z38.8	Other multiple, unspecified as to place of birth	21	Z30-Z39	1
Z39	Postpartum care and examination	21	Z30-Z39	0
Z39.0	Care and examination immediately after delivery	21	Z30-Z39	1
Z39.1	Care and examination of lactating mother	21	Z30-Z39	1
Z39.2	Routine postpartum follow-up	21	Z30-Z39	1
Z40	Prophylactic surgery	21	Z40-Z54	0
Z40.0	Prophylactic surgery for risk-factors related to malignant neoplasms	21	Z40-Z54	1
Z40.8	Other prophylactic surgery	21	Z40-Z54	1
Z40.9	Prophylactic surgery, unspecified	21	Z40-Z54	1
Z41	Procedures for purposes other than remedying health state	21	Z40-Z54	0
Z41.0	Hair transplant	21	Z40-Z54	1
Z41.1	Other plastic surgery for unacceptable cosmetic appearance	21	Z40-Z54	1
Z41.2	Routine and ritual circumcision	21	Z40-Z54	1
Z41.3	Ear piercing	21	Z40-Z54	1
Z41.8	Other procedures for purposes other than remedying health state	21	Z40-Z54	1
Z41.9	Procedure for purposes other than remedying health state, unspecified	21	Z40-Z54	1
Z42	Follow-up care involving plastic surgery	21	Z40-Z54	0
Z42.0	Follow-up care involving plastic surgery of head and neck	21	Z40-Z54	1
Z42.1	Follow-up care involving plastic surgery of breast	21	Z40-Z54	1
Z42.2	Follow-up care involving plastic surgery of other parts of trunk	21	Z40-Z54	1
Z42.3	Follow-up care involving plastic surgery of upper extremity	21	Z40-Z54	1
Z42.4	Follow-up care involving plastic surgery of lower extremity	21	Z40-Z54	1
Z42.8	Follow-up care involving plastic surgery of other body part	21	Z40-Z54	1
Z42.9	Follow-up care involving plastic surgery, unspecified	21	Z40-Z54	1
Z43	Attention to artificial openings	21	Z40-Z54	0
Z43.0	Attention to tracheostomy	21	Z40-Z54	1
Z43.1	Attention to gastrostomy	21	Z40-Z54	1
Z43.2	Attention to ileostomy	21	Z40-Z54	1
Z43.3	Attention to colostomy	21	Z40-Z54	1
Z43.4	Attention to other artificial openings of digestive tract	21	Z40-Z54	1
Z43.5	Attention to cystostomy	21	Z40-Z54	1
Z43.6	Attention to other artificial openings of urinary tract	21	Z40-Z54	1
Z43.7	Attention to artificial vagina	21	Z40-Z54	1
Z43.8	Attention to other artificial openings	21	Z40-Z54	1
Z43.9	Attention to unspecified artificial opening	21	Z40-Z54	1
Z44	Fitting and adjustment of external prosthetic device	21	Z40-Z54	0
Z44.0	Fitting and adjustment of artificial arm (complete)(partial)	21	Z40-Z54	1
Z44.1	Fitting and adjustment of artificial leg (complete)(partial)	21	Z40-Z54	1
Z44.2	Fitting and adjustment of artificial eye	21	Z40-Z54	1
Z44.3	Fitting and adjustment of external breast prosthesis	21	Z40-Z54	1
Z44.8	Fitting and adjustment of other external prosthetic devices	21	Z40-Z54	1
Z44.9	Fitting and adjustment of unspecified external prosthetic device	21	Z40-Z54	1
Z45	Adjustment and management of implanted device	21	Z40-Z54	0
Z45.0	Adjustment and management of cardiac devices	21	Z40-Z54	1
Z45.1	Adjustment and management of infusion pump	21	Z40-Z54	1
Z45.2	Adjustment and management of vascular access device	21	Z40-Z54	1
Z45.3	Adjustment and management of implanted hearing device	21	Z40-Z54	1
Z45.8	Adjustment and management of other implanted devices	21	Z40-Z54	1
Z45.9	Adjustment and management of unspecified implanted device	21	Z40-Z54	1
Z46	Fitting and adjustment of other devices	21	Z40-Z54	0
Z46.0	Fitting and adjustment of spectacles and contact lenses	21	Z40-Z54	1
Z46.1	Fitting and adjustment of hearing aid	21	Z40-Z54	1
Z46.2	Fitting and adjustment of other devices related to nervous system and special senses	21	Z40-Z54	1
Z46.3	Fitting and adjustment of dental prosthetic device	21	Z40-Z54	1
Z46.4	Fitting and adjustment of orthodontic device	21	Z40-Z54	1
Z46.5	Fitting and adjustment of ileostomy and other intestinal appliances	21	Z40-Z54	1
Z46.6	Fitting and adjustment of urinary device	21	Z40-Z54	1
Z46.7	Fitting and adjustment of orthopaedic device	21	Z40-Z54	1
Z46.8	Fitting and adjustment of other specified devices	21	Z40-Z54	1
Z46.9	Fitting and adjustment of unspecified device	21	Z40-Z54	1
Z47	Other orthopaedic follow-up care	21	Z40-Z54	0
Z47.0	Follow-up care involving removal of fracture plate and other internal fixation device	21	Z40-Z54	1
Z47.8	Other specified orthopaedic follow-up care	21	Z40-Z54	1
Z47.9	Orthopaedic follow-up care, unspecified	21	Z40-Z54	1
Z48	Other surgical follow-up care	21	Z40-Z54	0
Z48.0	Attention to surgical dressings and sutures	21	Z40-Z54	1
Z48.8	Other specified surgical follow-up care	21	Z40-Z54	1
Z48.9	Surgical follow-up care, unspecified	21	Z40-Z54	1
Z49	Care involving dialysis	21	Z40-Z54	0
Z49.0	Preparatory care for dialysis	21	Z40-Z54	1
Z49.1	Extracorporeal dialysis	21	Z40-Z54	1
Z49.2	Other dialysis	21	Z40-Z54	1
Z50	Care involving use of rehabilitation procedures	21	Z40-Z54	0
Z50.0	Cardiac rehabilitation	21	Z40-Z54	1
Z50.1	Other physical therapy	21	Z40-Z54	1
Z50.2	Alcohol rehabilitation	21	Z40-Z54	1
Z50.3	Drug rehabilitation	21	Z40-Z54	1
Z50.4	Psychotherapy, not elsewhere classified	21	Z40-Z54	1
Z50.5	Speech therapy	21	Z40-Z54	1
Z50.6	Orthoptic training	21	Z40-Z54	1
Z50.7	Occupational therapy and vocational rehabilitation, not elsewhere classified	21	Z40-Z54	1
Z50.8	Care involving use of other rehabilitation procedures	21	Z40-Z54	1
Z50.9	Care involving use of rehabilitation procedure, unspecified	21	Z40-Z54	1
Z51	Other medical care	21	Z40-Z54	0
Z51.0	Radiotherapy session	21	Z40-Z54	1
Z51.1	Chemotherapy session for neoplasm	21	Z40-Z54	1
Z51.2	Other chemotherapy	21	Z40-Z54	1
Z51.3	Blood transfusion (without reported diagnosis)	21	Z40-Z54	1
Z51.4	Preparatory care for subsequent treatment, not elsewhere classified	21	Z40-Z54	1
Z51.5	Palliative care	21	Z40-Z54	1
Z51.6	Desensitization to allergens	21	Z40-Z54	1
Z51.8	Other specified medical care	21	Z40-Z54	1
Z51.9	Medical care, unspecified	21	Z40-Z54	1
Z52	Donors of organs and tissues	21	Z40-Z54	0
Z52.0	Blood donor	21	Z40-Z54	1
Z52.1	Skin donor	21	Z40-Z54	1
Z52.2	Bone donor	21	Z40-Z54	1
Z52.3	Bone marrow donor	21	Z40-Z54	1
Z52.4	Kidney donor	21	Z40-Z54	1
Z52.5	Cornea donor	21	Z40-Z54	1
Z52.6	Liver donor	21	Z40-Z54	1
Z52.7	Heart donor	21	Z40-Z54	1
Z52.8	Donor of other organs and tissues	21	Z40-Z54	1
Z52.9	Donor of unspecified organ or tissue	21	Z40-Z54	1
Z53	Persons encountering health services for specific procedures, not carried out	21	Z40-Z54	0
Z53.0	Procedure not carried out because of contraindication	21	Z40-Z54	1
Z53.1	Procedure not carried out because of patient's decision for reasons of belief and group pressure	21	Z40-Z54	1
Z53.2	Procedure not carried out because of patient's decision for other and unspecified reasons	21	Z40-Z54	1
Z53.8	Procedure not carried out for other reasons	21	Z40-Z54	1
Z53.9	Procedure not carried out, unspecified reason	21	Z40-Z54	1
Z54	Convalescence	21	Z40-Z54	0
Z54.0	Convalescence following surgery	21	Z40-Z54	1
Z54.1	Convalescence following radiotherapy	21	Z40-Z54	1
Z54.2	Convalescence following chemotherapy	21	Z40-Z54	1
Z54.3	Convalescence following psychotherapy	21	Z40-Z54	1
Z54.4	Convalescence following treatment of fracture	21	Z40-Z54	1
Z54.7	Convalescence following combined treatment	21	Z40-Z54	1
Z54.8	Convalescence following other treatment	21	Z40-Z54	1
Z54.9	Convalescence following unspecified treatment	21	Z40-Z54	1
Z55	Problems related to education and literacy	21	Z55-Z65	0
Z55.0	Illiteracy and low-level literacy	21	Z55-Z65	1
Z55.1	Schooling unavailable and unattainable	21	Z55-Z65	1
Z55.2	Failed examinations	21	Z55-Z65	1
Z55.3	Underachievement in school	21	Z55-Z65	1
Z55.4	Educational maladjustment and discord with teachers and classmates	21	Z55-Z65	1
Z55.8	Other problems related to education and literacy	21	Z55-Z65	1
Z55.9	Problem related to education and literacy, unspecified	21	Z55-Z65	1
Z56	Problems related to employment and unemployment	21	Z55-Z65	0
Z56.0	Unemployment, unspecified	21	Z55-Z65	1
Z56.1	Change of job	21	Z55-Z65	1
Z56.2	Threat of job loss	21	Z55-Z65	1
Z56.3	Stressful work schedule	21	Z55-Z65	1
Z56.4	Discord with boss and workmates	21	Z55-Z65	1
Z56.5	Uncongenial work	21	Z55-Z65	1
Z56.6	Other physical and mental strain related to work	21	Z55-Z65	1
Z56.7	Other and unspecified problems related to employment	21	Z55-Z65	1
Z57	Occupational exposure to risk-factors	21	Z55-Z65	0
Z57.0	Occupational exposure to noise	21	Z55-Z65	1
Z57.1	Occupational exposure to radiation	21	Z55-Z65	1
Z57.2	Occupational exposure to dust	21	Z55-Z65	1
Z57.3	Occupational exposure to other air contaminants	21	Z55-Z65	1
Z57.4	Occupational exposure to toxic agents in agriculture	21	Z55-Z65	1
Z57.5	Occupational exposure to toxic agents in other industries	21	Z55-Z65	1
Z57.6	Occupational exposure to extreme temperature	21	Z55-Z65	1
Z57.7	Occupational exposure to vibration	21	Z55-Z65	1
Z57.8	Occupational exposure to other risk-factors	21	Z55-Z65	1
Z57.9	Occupational exposure to unspecified risk-factor	21	Z55-Z65	1
Z58	Problems related to physical environment	21	Z55-Z65	0
Z58.0	Exposure to noise	21	Z55-Z65	1
Z58.1	Exposure to air pollution	21	Z55-Z65	1
Z58.2	Exposure to water pollution	21	Z55-Z65	1
Z58.3	Exposure to soil pollution	21	Z55-Z65	1
Z58.4	Exposure to radiation	21	Z55-Z65	1
Z58.5	Exposure to other pollution	21	Z55-Z65	1
Z58.6	Inadequate drinking-water supply	21	Z55-Z65	1
Z58.7	Exposure to tobacco smoke	21	Z55-Z65	1
Z58.8	Other problems related to physical environment	21	Z55-Z65	1
Z58.9	Problem related to physical environment, unspecified	21	Z55-Z65	1
Z59	Problems related to housing and economic circumstances	21	Z55-Z65	0
Z59.0	Homelessness	21	Z55-Z65	1
Z59.1	Inadequate housing	21	Z55-Z65	1
Z59.2	Discord with neighbours, lodgers and landlord	21	Z55-Z65	1
Z59.3	Problems related to living in residential institution	21	Z55-Z65	1
Z59.4	Lack of adequate food	21	Z55-Z65	1
Z59.5	Extreme poverty	21	Z55-Z65	1
Z59.6	Low income	21	Z55-Z65	1
Z59.7	Insufficient social insurance and welfare support	21	Z55-Z65	1
Z59.8	Other problems related to housing and economic circumstances	21	Z55-Z65	1
Z59.9	Problem related to housing and economic circumstances, unspecified	21	Z55-Z65	1
Z60	Problems related to social environment	21	Z55-Z65	0
Z60.0	Problems of adjustment to life-cycle transitions	21	Z55-Z65	1
Z60.1	Atypical parenting situation	21	Z55-Z65	1
Z60.2	Living alone	21	Z55-Z65	1
Z60.3	Acculturation difficulty	21	Z55-Z65	1
Z60.4	Social exclusion and rejection	21	Z55-Z65	1
Z60.5	Target of perceived adverse discrimination and persecution	21	Z55-Z65	1
Z60.8	Other problems related to social environment	21	Z55-Z65	1
Z60.9	Problem related to social environment, unspecified	21	Z55-Z65	1
Z61	Problems related to negative life events in childhood	21	Z55-Z65	0
Z61.0	Loss of love relationship in childhood	21	Z55-Z65	1
Z61.1	Removal from home in childhood	21	Z55-Z65	1
Z61.2	Altered pattern of family relationships in childhood	21	Z55-Z65	1
Z61.3	Events resulting in loss of self-esteem in childhood	21	Z55-Z65	1
Z61.4	Problems related to alleged sexual abuse of child by person within primary support group	21	Z55-Z65	1
Z61.5	Problems related to alleged sexual abuse of child by person outside primary support group	21	Z55-Z65	1
Z61.6	Problems related to alleged physical abuse of child	21	Z55-Z65	1
Z61.7	Personal frightening experience in childhood	21	Z55-Z65	1
Z61.8	Other negative life events in childhood	21	Z55-Z65	1
Z61.9	Negative life event in childhood, unspecified	21	Z55-Z65	1
Z62	Other problems related to upbringing	21	Z55-Z65	0
Z62.0	Inadequate parental supervision and control	21	Z55-Z65	1
Z62.1	Parental overprotection	21	Z55-Z65	1
Z62.2	Institutional upbringing	21	Z55-Z65	1
Z62.3	Hostility towards and scapegoating of child	21	Z55-Z65	1
Z62.4	Emotional neglect of child	21	Z55-Z65	1
Z62.5	Other problems related to neglect in upbringing	21	Z55-Z65	1
Z62.6	Inappropriate parental pressure and other abnormal qualities of upbringing	21	Z55-Z65	1
Z62.8	Other specified problems related to upbringing	21	Z55-Z65	1
Z62.9	Problem related to upbringing, unspecified	21	Z55-Z65	1
Z63	Other problems related to primary support group, including family circumstances	21	Z55-Z65	0
Z63.0	Problems in relationship with spouse or partner	21	Z55-Z65	1
Z63.1	Problems in relationship with parents and in-laws	21	Z55-Z65	1
Z63.2	Inadequate family support	21	Z55-Z65	1
Z63.3	Absence of family member	21	Z55-Z65	1
Z63.4	Disappearance and death of family member	21	Z55-Z65	1
Z63.5	Disruption of family by separation and divorce	21	Z55-Z65	1
Z63.6	Dependent relative needing care at home	21	Z55-Z65	1
Z63.7	Other stressful life events affecting family and household	21	Z55-Z65	1
Z63.8	Other specified problems related to primary support group	21	Z55-Z65	1
Z63.9	Problem related to primary support group, unspecified	21	Z55-Z65	1
Z64	Problems related to certain psychosocial circumstances	21	Z55-Z65	0
Z64.0	Problems related to unwanted pregnancy	21	Z55-Z65	1
Z64.1	Problems related to multiparity	21	Z55-Z65	1
Z64.2	Seeking and accepting physical, nutritional and chemical interventions known to be hazardous and harmful	21	Z55-Z65	1
Z64.3	Seeking and accepting behavioural and psychological interventions known to be hazardous and harmful	21	Z55-Z65	1
Z64.4	Discord with counsellors	21	Z55-Z65	1
Z65	Problems related to other psychosocial circumstances	21	Z55-Z65	0
Z65.0	Conviction in civil and criminal proceedings without imprisonment	21	Z55-Z65	1
Z65.1	Imprisonment and other incarceration	21	Z55-Z65	1
Z65.2	Problems related to release from prison	21	Z55-Z65	1
Z65.3	Problems related to other legal circumstances	21	Z55-Z65	1
Z65.4	Victim of crime and terrorism	21	Z55-Z65	1
Z65.5	Exposure to disaster, war and other hostilities	21	Z55-Z65	1
Z65.8	Other specified problems related to psychosocial circumstances	21	Z55-Z65	1
Z65.9	Problem related to unspecified psychosocial circumstances	21	Z55-Z65	1
Z70	Counselling related to sexual attitude, behaviour and orientation	21	Z70-Z76	0
Z70.0	Counselling related to sexual attitude	21	Z70-Z76	1
Z70.1	Counselling related to patient's sexual behaviour and orientation	21	Z70-Z76	1
Z70.2	Counselling related to sexual behaviour and orientation of third party	21	Z70-Z76	1
Z70.3	Counselling related to combined concerns regarding sexual attitude, behaviour and orientation	21	Z70-Z76	1
Z70.8	Other sex counselling	21	Z70-Z76	1
Z70.9	Sex counselling, unspecified	21	Z70-Z76	1
Z71	Persons encountering health services for other counselling and medical advice, not elsewhere classified	21	Z70-Z76	0
Z71.0	Person consulting on behalf of another person	21	Z70-Z76	1
Z71.1	Person with feared complaint in whom no diagnosis is made	21	Z70-Z76	1
Z71.2	Person consulting for explanation of investigation findings	21	Z70-Z76	1
Z71.3	Dietary counselling and surveillance	21	Z70-Z76	1
Z71.4	Alcohol abuse counselling and surveillance	21	Z70-Z76	1
Z71.5	Drug abuse counselling and surveillance	21	Z70-Z76	1
Z71.6	Tobacco abuse counselling	21	Z70-Z76	1
Z71.7	Human immunodeficiency virus [HIV] counselling	21	Z70-Z76	1
Z71.8	Other specified counselling	21	Z70-Z76	1
Z71.9	Counselling, unspecified	21	Z70-Z76	1
Z72	Problems related to lifestyle	21	Z70-Z76	0
Z72.0	Tobacco use	21	Z70-Z76	1
Z72.1	Alcohol use	21	Z70-Z76	1
Z72.2	Drug use	21	Z70-Z76	1
Z72.3	Lack of physical exercise	21	Z70-Z76	1
Z72.4	Inappropriate diet and eating habits	21	Z70-Z76	1
Z72.5	High-risk sexual behaviour	21	Z70-Z76	1
Z72.6	Gambling and betting	21	Z70-Z76	1
Z72.8	Other problems related to lifestyle	21	Z70-Z76	1
Z72.9	Problem related to lifestyle, unspecified	21	Z70-Z76	1
Z73	Problems related to life-management difficulty	21	Z70-Z76	0
Z73.0	Burn-out	21	Z70-Z76	1
Z73.1	Accentuation of personality traits	21	Z70-Z76	1
Z73.2	Lack of relaxation and leisure	21	Z70-Z76	1
Z73.3	Stress, not elsewhere classified	21	Z70-Z76	1
Z73.4	Inadequate social skills, not elsewhere classified	21	Z70-Z76	1
Z73.5	Social role conflict, not elsewhere classified	21	Z70-Z76	1
Z73.6	Limitation of activities due to disability	21	Z70-Z76	1
Z73.8	Other problems related to life-management difficulty	21	Z70-Z76	1
Z73.9	Problem related to life-management difficulty, unspecified	21	Z70-Z76	1
Z74	Problems related to care-provider dependency	21	Z70-Z76	0
Z74.0	Need for assistance due to reduced mobility	21	Z70-Z76	1
Z74.1	Need for assistance with personal care	21	Z70-Z76	1
Z74.2	Need for assistance at home and no other household member able to render care	21	Z70-Z76	1
Z74.3	Need for continuous supervision	21	Z70-Z76	1
Z74.8	Other problems related to care-provider dependency	21	Z70-Z76	1
Z74.9	Problem related to care-provider dependency, unspecified	21	Z70-Z76	1
Z75	Problems related to medical facilities and other health care	21	Z70-Z76	0
Z75.0	Medical services not available in home	21	Z70-Z76	1
Z75.1	Person awaiting admission to adequate facility elsewhere	21	Z70-Z76	1
Z75.2	Other waiting period for investigation and treatment	21	Z70-Z76	1
Z75.3	Unavailability and inaccessibility of health-care facilities	21	Z70-Z76	1
Z75.4	Unavailability and inaccessibility of other helping agencies	21	Z70-Z76	1
Z75.5	Holiday relief care	21	Z70-Z76	1
Z75.8	Other problems related to medical facilities and other health care	21	Z70-Z76	1
Z75.9	Unspecified problem related to medical facilities and other health care	21	Z70-Z76	1
Z76	Persons encountering health services in other circumstances	21	Z70-Z76	0
Z76.0	Issue of repeat prescription	21	Z70-Z76	1
Z76.1	Health supervision and care of foundling	21	Z70-Z76	1
Z76.2	Health supervision and care of other healthy infant and child	21	Z70-Z76	1
Z76.3	Healthy person accompanying sick person	21	Z70-Z76	1
Z76.4	Other boarder in health-care facility	21	Z70-Z76	1
Z76.5	Malingerer [conscious simulation]	21	Z70-Z76	1
Z76.8	Persons encountering health services in other specified circumstances	21	Z70-Z76	1
Z76.9	Person encountering health services in unspecified circumstances	21	Z70-Z76	1
Z80	Family history of malignant neoplasm	21	Z80-Z99	0
Z80.0	Family history of malignant neoplasm of digestive organs	21	Z80-Z99	1
Z80.1	Family history of malignant neoplasm of trachea, bronchus and lung	21	Z80-Z99	1
Z80.2	Family history of malignant neoplasm of other respiratory and intrathoracic organs	21	Z80-Z99	1
Z80.3	Family history of malignant neoplasm of breast	21	Z80-Z99	1
Z80.4	Family history of malignant neoplasm of genital organs	21	Z80-Z99	1
Z80.5	Family history of malignant neoplasm of urinary tract	21	Z80-Z99	1
Z80.6	Family history of leukaemia	21	Z80-Z99	1
Z80.7	Family history of other malignant neoplasms of lymphoid, haematopoietic and related tissues	21	Z80-Z99	1
Z80.8	Family history of malignant neoplasm of other organs or systems	21	Z80-Z99	1
Z80.9	Family history of malignant neoplasm, unspecified	21	Z80-Z99	1
Z81	Family history of mental and behavioural disorders	21	Z80-Z99	0
Z81.0	Family history of mental retardation	21	Z80-Z99	1
Z81.1	Family history of alcohol abuse	21	Z80-Z99	1
Z81.2	Family history of tobacco abuse	21	Z80-Z99	1
Z81.3	Family history of other psychoactive substance abuse	21	Z80-Z99	1
Z81.4	Family history of other substance abuse	21	Z80-Z99	1
Z81.8	Family history of other mental and behavioural disorders	21	Z80-Z99	1
Z82	Family history of certain disabilities and chronic diseases leading to disablement	21	Z80-Z99	0
Z82.0	Family history of epilepsy and other diseases of the nervous system	21	Z80-Z99	1
Z82.1	Family history of blindness and visual loss	21	Z80-Z99	1
Z82.2	Family history of deafness and hearing loss	21	Z80-Z99	1
Z82.3	Family history of stroke	21	Z80-Z99	1
Z82.4	Family history of ischaemic heart disease and other diseases of the circulatory system	21	Z80-Z99	1
Z82.5	Family history of asthma and other chronic lower respiratory diseases	21	Z80-Z99	1
Z82.6	Family history of arthritis and other diseases of the musculoskeletal system and connective tissue	21	Z80-Z99	1
Z82.7	Family history of congenital malformations, deformations and chromosomal abnormalities	21	Z80-Z99	1
Z82.8	Family history of other disabilities and chronic diseases leading to disablement, not elsewhere classified	21	Z80-Z99	1
Z83	Family history of other specific disorders	21	Z80-Z99	0
Z83.0	Family history of human immunodeficiency virus [HIV] disease	21	Z80-Z99	1
Z83.1	Family history of other infectious and parasitic diseases	21	Z80-Z99	1
Z83.2	Family history of diseases of the blood and blood-forming organs and certain disorders involving the immune mechanism	21	Z80-Z99	1
Z83.3	Family history of diabetes mellitus	21	Z80-Z99	1
Z83.4	Family history of other endocrine, nutritional and metabolic diseases	21	Z80-Z99	1
Z83.5	Family history of eye and ear disorders	21	Z80-Z99	1
Z83.6	Family history of diseases of the respiratory system	21	Z80-Z99	1
Z83.7	Family history of diseases of the digestive system	21	Z80-Z99	1
Z84	Family history of other conditions	21	Z80-Z99	0
Z84.0	Family history of diseases of the skin and subcutaneous tissue	21	Z80-Z99	1
Z84.1	Family history of disorders of kidney and ureter	21	Z80-Z99	1
Z84.2	Family history of other diseases of the genitourinary system	21	Z80-Z99	1
Z84.3	Family history of consanguinity	21	Z80-Z99	1
Z84.8	Family history of other specified conditions	21	Z80-Z99	1
Z85	Personal history of malignant neoplasm	21	Z80-Z99	0
Z85.0	Personal history of malignant neoplasm of digestive organs	21	Z80-Z99	1
Z85.1	Personal history of malignant neoplasm of trachea, bronchus and lung	21	Z80-Z99	1
Z85.2	Personal history of malignant neoplasm of other respiratory and intrathoracic organs	21	Z80-Z99	1
Z85.3	Personal history of malignant neoplasm of breast	21	Z80-Z99	1
Z85.4	Personal history of malignant neoplasm of genital organs	21	Z80-Z99	1
Z85.5	Personal history of malignant neoplasm of urinary tract	21	Z80-Z99	1
Z85.6	Personal history of leukaemia	21	Z80-Z99	1
Z85.7	Personal history of other malignant neoplasms of lymphoid, haematopoietic and related tissues	21	Z80-Z99	1
Z85.8	Personal history of malignant neoplasms of other organs and systems	21	Z80-Z99	1
Z85.9	Personal history of malignant neoplasm, unspecified	21	Z80-Z99	1
Z86	Personal history of certain other diseases	21	Z80-Z99	0
Z86.0	Personal history of other neoplasms	21	Z80-Z99	1
Z86.1	Personal history of infectious and parasitic diseases	21	Z80-Z99	1
Z86.2	Personal history of diseases of the blood and blood-forming organs and certain disorders involving the immune mechanism	21	Z80-Z99	1
Z86.3	Personal history of endocrine, nutritional and metabolic diseases	21	Z80-Z99	1
Z86.4	Personal history of psychoactive substance abuse	21	Z80-Z99	1
Z86.5	Personal history of other mental and behavioural disorders	21	Z80-Z99	1
Z86.6	Personal history of diseases of the nervous system and sense organs	21	Z80-Z99	1
Z86.7	Personal history of diseases of the circulatory system	21	Z80-Z99	1
Z87	Personal history of other diseases and conditions	21	Z80-Z99	0
Z87.0	Personal history of diseases of the respiratory system	21	Z80-Z99	1
Z87.1	Personal history of diseases of the digestive system	21	Z80-Z99	1
Z87.2	Personal history of diseases of the skin and subcutaneous tissue	21	Z80-Z99	1
Z87.3	Personal history of diseases of the musculoskeletal system and connective tissue	21	Z80-Z99	1
Z87.4	Personal history of diseases of the genitourinary system	21	Z80-Z99	1
Z87.5	Personal history of complications of pregnancy, childbirth and the puerperium	21	Z80-Z99	1
Z87.6	Personal history of certain conditions arising in the perinatal period	21	Z80-Z99	1
Z87.7	Personal history of congenital malformations, deformations and chromosomal abnormalities	21	Z80-Z99	1
Z87.8	Personal history of other specified conditions	21	Z80-Z99	1
Z88	Personal history of allergy to drugs, medicaments and biological substances	21	Z80-Z99	0
Z88.0	Personal history of allergy to penicillin	21	Z80-Z99	1
Z88.1	Personal history of allergy to other antibiotic agents	21	Z80-Z99	1
Z88.2	Personal history of allergy to sulfonamides	21	Z80-Z99	1
Z88.3	Personal history of allergy to other anti-infective agents	21	Z80-Z99	1
Z88.4	Personal history of allergy to anaesthetic agent	21	Z80-Z99	1
Z88.5	Personal history of allergy to narcotic agent	21	Z80-Z99	1
Z88.6	Personal history of allergy to analgesic agent	21	Z80-Z99	1
Z88.7	Personal history of allergy to serum and vaccine	21	Z80-Z99	1
Z88.8	Personal history of allergy to other drugs, medicaments and biological substances	21	Z80-Z99	1
Z88.9	Personal history of allergy to unspecified drugs, medicaments and biological substances	21	Z80-Z99	1
Z89	Acquired absence of limb	21	Z80-Z99	0
Z89.0	Acquired absence of finger(s) [including thumb], unilateral	21	Z80-Z99	1
Z89.1	Acquired absence of hand and wrist	21	Z80-Z99	1
Z89.2	Acquired absence of upper limb above wrist	21	Z80-Z99	1
Z89.3	Acquired absence of both upper limbs [any level]	21	Z80-Z99	1
Z89.4	Acquired absence of foot and ankle	21	Z80-Z99	1
Z89.5	Acquired absence of leg at or below knee	21	Z80-Z99	1
Z89.6	Acquired absence of leg above knee	21	Z80-Z99	1
Z89.7	Acquired absence of both lower limbs [any level, except toes alone]	21	Z80-Z99	1
Z89.8	Acquired absence of upper and lower limbs [any level]	21	Z80-Z99	1
Z89.9	Acquired absence of limb, unspecified	21	Z80-Z99	1
Z90	Acquired absence of organs, not elsewhere classified	21	Z80-Z99	0
Z90.0	Acquired absence of part of head and neck	21	Z80-Z99	1
Z90.1	Acquired absence of breast(s)	21	Z80-Z99	1
Z90.2	Acquired absence of lung [part of]	21	Z80-Z99	1
Z90.3	Acquired absence of part of stomach	21	Z80-Z99	1
Z90.4	Acquired absence of other parts of digestive tract	21	Z80-Z99	1
Z90.5	Acquired absence of kidney	21	Z80-Z99	1
Z90.6	Acquired absence of other organs of urinary tract	21	Z80-Z99	1
Z90.7	Acquired absence of genital organ(s)	21	Z80-Z99	1
Z90.8	Acquired absence of other organs	21	Z80-Z99	1
Z91	Personal history of risk-factors, not elsewhere classified	21	Z80-Z99	0
Z91.0	Personal history of allergy, other than to drugs and biological substances	21	Z80-Z99	1
Z91.1	Personal history of noncompliance with medical treatment and regimen	21	Z80-Z99	1
Z91.2	Personal history of poor personal hygiene	21	Z80-Z99	1
Z91.3	Personal history of unhealthy sleep-wake schedule	21	Z80-Z99	1
Z91.4	Personal history of psychological trauma, not elsewhere classified	21	Z80-Z99	1
Z91.5	Personal history of self-harm	21	Z80-Z99	1
Z91.6	Personal history of other physical trauma	21	Z80-Z99	1
Z91.7	Personal history of female genital mutilation	21	Z80-Z99	1
Z91.8	Personal history of other specified risk-factors, not elsewhere classified	21	Z80-Z99	1
Z92	Personal history of medical treatment	21	Z80-Z99	0
Z92.0	Personal history of contraception	21	Z80-Z99	1
Z92.1	Personal history of long-term (current) use of anticoagulants	21	Z80-Z99	1
Z92.2	Personal history of long-term (current) use of other medicaments	21	Z80-Z99	1
Z92.3	Personal history of irradiation	21	Z80-Z99	1
Z92.4	Personal history of major surgery, not elsewhere classified	21	Z80-Z99	1
Z92.5	Personal history of rehabilitation measures	21	Z80-Z99	1
Z92.6	Personal history of chemotherapy for neoplastic disease	21	Z80-Z99	1
Z92.8	Personal history of other medical treatment	21	Z80-Z99	1
Z92.9	Personal history of medical treatment, unspecified	21	Z80-Z99	1
Z93	Artificial opening status	21	Z80-Z99	0
Z93.0	Tracheostomy status	21	Z80-Z99	1
Z93.1	Gastrostomy status	21	Z80-Z99	1
Z93.2	Ileostomy status	21	Z80-Z99	1
Z93.3	Colostomy status	21	Z80-Z99	1
Z93.4	Other artificial openings of gastrointestinal tract status	21	Z80-Z99	1
Z93.5	Cystostomy status	21	Z80-Z99	1
Z93.6	Other artificial openings of urinary tract status	21	Z80-Z99	1
Z93.8	Other artificial opening status	21	Z80-Z99	1
Z93.9	Artificial opening status, unspecified	21	Z80-Z99	1
Z94	Transplanted organ and tissue status	21	Z80-Z99	0
Z94.0	Kidney transplant status	21	Z80-Z99	1
Z94.1	Heart transplant status	21	Z80-Z99	1
Z94.2	Lung transplant status	21	Z80-Z99	1
Z94.3	Heart and lungs transplant status	21	Z80-Z99	1
Z94.4	Liver transplant status	21	Z80-Z99	1
Z94.5	Skin transplant status	21	Z80-Z99	1
Z94.6	Bone transplant status	21	Z80-Z99	1
Z94.7	Corneal transplant status	21	Z80-Z99	1
Z94.8	Other transplanted organ and tissue status	21	Z80-Z99	1
Z94.9	Transplanted organ and tissue status, unspecified	21	Z80-Z99	1
Z95	Presence of cardiac and vascular implants and grafts	21	Z80-Z99	0
Z95.0	Presence of electronic cardiac devices	21	Z80-Z99	1
Z95.1	Presence of aortocoronary bypass graft	21	Z80-Z99	1
Z95.2	Presence of prosthetic heart valve	21	Z80-Z99	1
Z95.3	Presence of xenogenic heart valve	21	Z80-Z99	1
Z95.4	Presence of other heart-valve replacement	21	Z80-Z99	1
Z95.5	Presence of coronary angioplasty implant and graft	21	Z80-Z99	1
Z95.8	Presence of other cardiac and vascular implants and grafts	21	Z80-Z99	1
Z95.9	Presence of cardiac and vascular implant and graft, unspecified	21	Z80-Z99	1
Z96	Presence of other functional implants	21	Z80-Z99	0
Z96.0	Presence of urogenital implants	21	Z80-Z99	1
Z96.1	Presence of intraocular lens	21	Z80-Z99	1
Z96.2	Presence of otological and audiological implants	21	Z80-Z99	1
Z96.3	Presence of artificial larynx	21	Z80-Z99	1
Z96.4	Presence of endocrine implants	21	Z80-Z99	1
Z96.5	Presence of tooth-root and mandibular implants	21	Z80-Z99	1
Z96.6	Presence of orthopaedic joint implants	21	Z80-Z99	1
Z96.7	Presence of other bone and tendon implants	21	Z80-Z99	1
Z96.8	Presence of other specified functional implants	21	Z80-Z99	1
Z96.9	Presence of functional implant, unspecified	21	Z80-Z99	1
Z97	Presence of other devices	21	Z80-Z99	0
Z97.0	Presence of artificial eye	21	Z80-Z99	1
Z97.1	Presence of artificial limb (complete)(partial)	21	Z80-Z99	1
Z97.2	Presence of dental prosthetic device (complete)(partial)	21	Z80-Z99	1
Z97.3	Presence of spectacles and contact lenses	21	Z80-Z99	1
Z97.4	Presence of external hearing-aid	21	Z80-Z99	1
Z97.5	Presence of (intrauterine) contraceptive device	21	Z80-Z99	1
Z97.8	Presence of other specified devices	21	Z80-Z99	1
Z98	Other postsurgical states	21	Z80-Z99	0
Z98.0	Intestinal bypass and anastomosis status	21	Z80-Z99	1
Z98.1	Arthrodesis status	21	Z80-Z99	1
Z98.2	Presence of cerebrospinal fluid drainage device	21	Z80-Z99	1
Z98.8	Other specified postsurgical states	21	Z80-Z99	1
Z99	Dependence on enabling machines and devices, not elsewhere classified	21	Z80-Z99	0
Z99.0	Dependence on aspirator	21	Z80-Z99	1
Z99.1	Dependence on respirator	21	Z80-Z99	1
Z99.2	Dependence on renal dialysis	21	Z80-Z99	1
Z99.3	Dependence on wheelchair	21	Z80-Z99	1
Z99.4	Dependence on artificial heart	21	Z80-Z99	1
Z99.8	Dependence on other enabling machines and devices	21	Z80-Z99	1
Z99.9	Dependence on unspecified enabling machine and device	21	Z80-Z99	1
U04	Severe acute respiratory syndrome [SARS]	22	U00-U49	0
U04.9	Severe acute respiratory syndrome [SARS], unspecified	22	U00-U49	1
U07	Emergency use of U07	22	U00-U49	0
U07.0	Vaping-related disorder	22	U00-U49	1
U07.1	COVID-19, virus identified	22	U00-U49	1
U07.2	COVID-19, virus not identified	22	U00-U49	1
U08	Personal history of COVID-19	22	U00-U49	0
U08.9	Personal history of COVID-19, unspecified	22	U00-U49	1
U09	Post COVID-19 condition	22	U00-U49	0
U09.9	Post COVID-19 condition, unspecified	22	U00-U49	1
U82	Resistance to betalactam antibiotics	22	U82-U85	0
U82.0	Resistance to penicillin	22	U82-U85	1
U82.1	Resistance to methicillin	22	U82-U85	1
U82.2	Extended spectrum betalactamase (ESBL) resistance	22	U82-U85	1
U82.8	Resistance to other betalactam antibiotics	22	U82-U85	1
U82.9	Resistance to betalactam antibiotics, unspecified	22	U82-U85	1
U83	Resistance to other antibiotics	22	U82-U85	0
U83.0	Resistance to vancomycin	22	U82-U85	1
U83.1	Resistance to other vancomycin related antibiotics	22	U82-U85	1
U83.2	Resistance to quinolones	22	U82-U85	1
U83.7	Resistance to multiple antibiotics	22	U82-U85	1
U83.8	Resistance to other single specified antibiotic	22	U82-U85	1
U83.9	Resistance to unspecified antibiotic	22	U82-U85	1
U84	Resistance to other antimicrobial drugs	22	U82-U85	0
U84.0	Resistance to antiparasitic drug(s)	22	U82-U85	1
U84.1	Resistance to antifungal drug(s)	22	U82-U85	1
U84.2	Resistance to antiviral drug(s)	22	U82-U85	1
U84.3	Resistance to tuberculostatic drug(s)	22	U82-U85	1
U84.7	Resistance to multiple antimicrobial drugs	22	U82-U85	1
U84.8	Resistance to other specified antimicrobial drug	22	U82-U85	1
U84.9	Resistance to unspecified antimicrobial drugs	22	U82-U85	1
U85	Resistance to antineoplastic drugs	22	U82-U85	1
